replicate,method,mean_pairwise_tau,n_eval_tasks,n_backbones
0,Raw (no calibration),0.6523809523809524,17,6
0,Random control,-0.04285714285714285,17,6
0,Per-language norm.,0.6523809523809524,17,6
0,Backbone-only norm.,-0.06666666666666668,17,6
0,Z-score,0.0619047619047619,17,6
0,Quantile normalization,-0.10126536066099825,17,6
0,ComBat-EB,0.6523809523809524,17,6
0,Dawid-Skene EM,1.0,17,6
0,Ensemble,-0.06323010916812015,17,6
0,CBC,0.9238095238095237,17,6
0,CBC-Weighted,0.9238095238095237,17,6
0,Oracle (eval-task beta),0.9999999999999999,17,6
1,Raw (no calibration),0.6428571428571429,21,6
1,Random control,0.019047619047619042,21,6
1,Per-language norm.,0.6428571428571429,21,6
1,Backbone-only norm.,0.12380952380952381,21,6
1,Z-score,0.34285714285714286,21,6
1,Quantile normalization,-0.07191843856576215,21,6
1,ComBat-EB,0.6428571428571429,21,6
1,Dawid-Skene EM,0.2375966836152159,21,6
1,Ensemble,-0.04761904761904762,21,6
1,CBC,0.895238095238095,21,6
1,CBC-Weighted,0.895238095238095,21,6
1,Oracle (eval-task beta),0.9999999999999999,21,6
2,Raw (no calibration),0.7285714285714285,15,6
2,Random control,0.02857142857142858,15,6
2,Per-language norm.,0.7285714285714285,15,6
2,Backbone-only norm.,0.3190476190476191,15,6
2,Z-score,0.5809523809523808,15,6
2,Quantile normalization,-0.09262881789536019,15,6
2,ComBat-EB,0.7285714285714285,15,6
2,Dawid-Skene EM,-0.014988032330274964,15,6
2,Ensemble,0.22034946934353616,15,6
2,CBC,0.9428571428571428,15,6
2,CBC-Weighted,0.9428571428571428,15,6
2,Oracle (eval-task beta),0.9999999999999999,15,6
3,Raw (no calibration),0.6285714285714287,24,6
3,Random control,-0.004761904761904763,24,6
3,Per-language norm.,0.6285714285714287,24,6
3,Backbone-only norm.,0.04761904761904761,24,6
3,Z-score,0.033333333333333326,24,6
3,Quantile normalization,-0.10005319224294054,24,6
3,ComBat-EB,0.6285714285714287,24,6
3,Dawid-Skene EM,0.7590243887083169,24,6
3,Ensemble,0.033975475408320646,24,6
3,CBC,0.895238095238095,24,6
3,CBC-Weighted,0.895238095238095,24,6
3,Oracle (eval-task beta),0.9999999999999999,24,6
4,Raw (no calibration),0.6428571428571429,18,6
4,Random control,-0.014285714285714275,18,6
4,Per-language norm.,0.6428571428571429,18,6
4,Backbone-only norm.,-0.019047619047619056,18,6
4,Z-score,0.4761904761904761,18,6
4,Quantile normalization,-0.07103324670362966,18,6
4,ComBat-EB,0.6428571428571429,18,6
4,Dawid-Skene EM,0.652899776225077,18,6
4,Ensemble,-0.04613909502344154,18,6
4,CBC,0.9285714285714286,18,6
4,CBC-Weighted,0.9285714285714286,18,6
4,Oracle (eval-task beta),0.9999999999999999,18,6
5,Raw (no calibration),0.6285714285714287,23,6
5,Random control,-0.08571428571428573,23,6
5,Per-language norm.,0.6285714285714287,23,6
5,Backbone-only norm.,0.03333333333333334,23,6
5,Z-score,0.22380952380952382,23,6
5,Quantile normalization,-0.09728597532402043,23,6
5,ComBat-EB,0.6285714285714287,23,6
5,Dawid-Skene EM,0.673804336512502,23,6
5,Ensemble,-0.009371339973763047,23,6
5,CBC,0.8523809523809524,23,6
5,CBC-Weighted,0.8523809523809524,23,6
5,Oracle (eval-task beta),0.9999999999999999,23,6
6,Raw (no calibration),0.6571428571428571,24,6
6,Random control,0.10476190476190476,24,6
6,Per-language norm.,0.6571428571428571,24,6
6,Backbone-only norm.,0.06666666666666665,24,6
6,Z-score,0.19999999999999998,24,6
6,Quantile normalization,-0.09918060590498935,24,6
6,ComBat-EB,0.6571428571428571,24,6
6,Dawid-Skene EM,0.7566060246227577,24,6
6,Ensemble,0.0061019174229000285,24,6
6,CBC,0.8571428571428571,24,6
6,CBC-Weighted,0.8571428571428571,24,6
6,Oracle (eval-task beta),0.9999999999999999,24,6
7,Raw (no calibration),0.680952380952381,20,6
7,Random control,0.05714285714285714,20,6
7,Per-language norm.,0.680952380952381,20,6
7,Backbone-only norm.,0.21428571428571427,20,6
7,Z-score,0.3904761904761905,20,6
7,Quantile normalization,-0.11456585324279712,20,6
7,ComBat-EB,0.680952380952381,20,6
7,Dawid-Skene EM,0.17608911316070378,20,6
7,Ensemble,0.17069368875695679,20,6
7,CBC,0.8761904761904761,20,6
7,CBC-Weighted,0.8761904761904761,20,6
7,Oracle (eval-task beta),0.9999999999999999,20,6
8,Raw (no calibration),0.6619047619047619,24,6
8,Random control,0.038095238095238085,24,6
8,Per-language norm.,0.6619047619047619,24,6
8,Backbone-only norm.,0.18095238095238095,24,6
8,Z-score,0.4333333333333334,24,6
8,Quantile normalization,-0.09589435618685797,24,6
8,ComBat-EB,0.6619047619047619,24,6
8,Dawid-Skene EM,0.04556852938724972,24,6
8,Ensemble,0.11883942098655194,24,6
8,CBC,0.8666666666666666,24,6
8,CBC-Weighted,0.8666666666666666,24,6
8,Oracle (eval-task beta),0.9999999999999999,24,6
9,Raw (no calibration),0.6666666666666666,22,6
9,Random control,-0.07619047619047621,22,6
9,Per-language norm.,0.6666666666666666,22,6
9,Backbone-only norm.,0.09523809523809522,22,6
9,Z-score,0.5,22,6
9,Quantile normalization,-0.09942746360361963,22,6
9,ComBat-EB,0.6666666666666666,22,6
9,Dawid-Skene EM,0.6022292508680184,22,6
9,Ensemble,0.14507096029041172,22,6
9,CBC,0.9666666666666666,22,6
9,CBC-Weighted,0.9666666666666666,22,6
9,Oracle (eval-task beta),0.9999999999999999,22,6
10,Raw (no calibration),0.7047619047619047,19,6
10,Random control,-0.009523809523809528,19,6
10,Per-language norm.,0.7047619047619047,19,6
10,Backbone-only norm.,-0.03333333333333332,19,6
10,Z-score,0.30476190476190473,19,6
10,Quantile normalization,-0.09787675674233932,19,6
10,ComBat-EB,0.7047619047619047,19,6
10,Dawid-Skene EM,-0.07954404701881604,19,6
10,Ensemble,-0.011636703176458941,19,6
10,CBC,0.9285714285714286,19,6
10,CBC-Weighted,0.9285714285714286,19,6
10,Oracle (eval-task beta),0.9999999999999999,19,6
11,Raw (no calibration),0.6666666666666666,18,6
11,Random control,-0.023809523809523798,18,6
11,Per-language norm.,0.6666666666666666,18,6
11,Backbone-only norm.,0.04761904761904761,18,6
11,Z-score,0.22857142857142856,18,6
11,Quantile normalization,-0.0964150061453951,18,6
11,ComBat-EB,0.6428571428571429,18,6
11,Dawid-Skene EM,0.48501953317261753,18,6
11,Ensemble,-0.06206896377291798,18,6
11,CBC,0.8714285714285713,18,6
11,CBC-Weighted,0.8714285714285713,18,6
11,Oracle (eval-task beta),0.9999999999999999,18,6
12,Raw (no calibration),0.6285714285714287,20,6
12,Random control,0.042857142857142864,20,6
12,Per-language norm.,0.6285714285714287,20,6
12,Backbone-only norm.,0.13809523809523808,20,6
12,Z-score,0.30476190476190473,20,6
12,Quantile normalization,-0.06476179199882053,20,6
12,ComBat-EB,0.6285714285714287,20,6
12,Dawid-Skene EM,0.48501953317261753,20,6
12,Ensemble,0.11610660023306818,20,6
12,CBC,0.8904761904761903,20,6
12,CBC-Weighted,0.8904761904761903,20,6
12,Oracle (eval-task beta),0.9999999999999999,20,6
13,Raw (no calibration),0.6428571428571429,22,6
13,Random control,0.01428571428571428,22,6
13,Per-language norm.,0.6428571428571429,22,6
13,Backbone-only norm.,0.05238095238095237,22,6
13,Z-score,0.5,22,6
13,Quantile normalization,-0.12287280052927615,22,6
13,ComBat-EB,0.6428571428571429,22,6
13,Dawid-Skene EM,0.6288435150088423,22,6
13,Ensemble,0.01077983241413089,22,6
13,CBC,0.8761904761904761,22,6
13,CBC-Weighted,0.8761904761904761,22,6
13,Oracle (eval-task beta),0.9999999999999999,22,6
14,Raw (no calibration),0.6571428571428571,20,6
14,Random control,0.0,20,6
14,Per-language norm.,0.6571428571428571,20,6
14,Backbone-only norm.,0.04285714285714284,20,6
14,Z-score,0.17142857142857143,20,6
14,Quantile normalization,-0.0860995901575737,20,6
14,ComBat-EB,0.6571428571428571,20,6
14,Dawid-Skene EM,0.20000000000000004,20,6
14,Ensemble,0.04357758325551608,20,6
14,CBC,0.9238095238095237,20,6
14,CBC-Weighted,0.9238095238095237,20,6
14,Oracle (eval-task beta),0.9999999999999999,20,6
15,Raw (no calibration),0.6666666666666666,22,6
15,Random control,-0.009523809523809532,22,6
15,Per-language norm.,0.6666666666666666,22,6
15,Backbone-only norm.,0.09047619047619049,22,6
15,Z-score,0.1476190476190476,22,6
15,Quantile normalization,-0.08237043935383644,22,6
15,ComBat-EB,0.6666666666666666,22,6
15,Dawid-Skene EM,0.23491734855024854,22,6
15,Ensemble,0.03450034488759031,22,6
15,CBC,0.8571428571428571,22,6
15,CBC-Weighted,0.8571428571428571,22,6
15,Oracle (eval-task beta),0.9999999999999999,22,6
16,Raw (no calibration),0.6428571428571429,20,6
16,Random control,0.14285714285714285,20,6
16,Per-language norm.,0.6428571428571429,20,6
16,Backbone-only norm.,-0.06666666666666667,20,6
16,Z-score,0.27619047619047615,20,6
16,Quantile normalization,-0.10980716761394878,20,6
16,ComBat-EB,0.6428571428571429,20,6
16,Dawid-Skene EM,0.3800678080952247,20,6
16,Ensemble,-0.011634483947621137,20,6
16,CBC,0.9428571428571428,20,6
16,CBC-Weighted,0.9428571428571428,20,6
16,Oracle (eval-task beta),0.9999999999999999,20,6
17,Raw (no calibration),0.6523809523809524,18,6
17,Random control,0.10476190476190474,18,6
17,Per-language norm.,0.6523809523809524,18,6
17,Backbone-only norm.,-3.96508223080413e-18,18,6
17,Z-score,0.14285714285714285,18,6
17,Quantile normalization,-0.10106249224416668,18,6
17,ComBat-EB,0.6523809523809524,18,6
17,Dawid-Skene EM,0.7590243887083169,18,6
17,Ensemble,0.053759095075803856,18,6
17,CBC,0.8952380952380953,18,6
17,CBC-Weighted,0.8952380952380953,18,6
17,Oracle (eval-task beta),0.9999999999999999,18,6
18,Raw (no calibration),0.6285714285714287,22,6
18,Random control,0.023809523809523805,22,6
18,Per-language norm.,0.6285714285714287,22,6
18,Backbone-only norm.,-0.02380952380952381,22,6
18,Z-score,-0.014285714285714287,22,6
18,Quantile normalization,-0.08882407887118575,22,6
18,ComBat-EB,0.6285714285714287,22,6
18,Dawid-Skene EM,0.7590243887083169,22,6
18,Ensemble,-0.05112413322618948,22,6
18,CBC,0.8619047619047618,22,6
18,CBC-Weighted,0.8619047619047618,22,6
18,Oracle (eval-task beta),0.9999999999999999,22,6
19,Raw (no calibration),0.6428571428571429,19,6
19,Random control,-0.08095238095238096,19,6
19,Per-language norm.,0.6428571428571429,19,6
19,Backbone-only norm.,-0.06666666666666667,19,6
19,Z-score,-0.05714285714285715,19,6
19,Quantile normalization,-0.10519616189678078,19,6
19,ComBat-EB,0.6428571428571429,19,6
19,Dawid-Skene EM,0.8628679329364746,19,6
19,Ensemble,-0.06868108527745066,19,6
19,CBC,0.8999999999999998,19,6
19,CBC-Weighted,0.8999999999999998,19,6
19,Oracle (eval-task beta),0.9999999999999999,19,6
20,Raw (no calibration),0.6571428571428571,21,6
20,Random control,0.09047619047619047,21,6
20,Per-language norm.,0.6571428571428571,21,6
20,Backbone-only norm.,-0.042857142857142864,21,6
20,Z-score,-0.023809523809523805,21,6
20,Quantile normalization,-0.0985740009011941,21,6
20,ComBat-EB,0.6571428571428571,21,6
20,Dawid-Skene EM,0.48501953317261753,21,6
20,Ensemble,-0.02769469071962754,21,6
20,CBC,0.9428571428571428,21,6
20,CBC-Weighted,0.9428571428571428,21,6
20,Oracle (eval-task beta),0.9999999999999999,21,6
21,Raw (no calibration),0.6428571428571429,18,6
21,Random control,-0.07142857142857141,18,6
21,Per-language norm.,0.6428571428571429,18,6
21,Backbone-only norm.,0.04285714285714285,18,6
21,Z-score,0.07142857142857141,18,6
21,Quantile normalization,-0.0890507752710691,18,6
21,ComBat-EB,0.6380952380952382,18,6
21,Dawid-Skene EM,0.15846055842145712,18,6
21,Ensemble,-0.024140860625363362,18,6
21,CBC,0.9428571428571428,18,6
21,CBC-Weighted,0.9428571428571428,18,6
21,Oracle (eval-task beta),0.9999999999999999,18,6
22,Raw (no calibration),0.6523809523809524,23,6
22,Random control,0.04285714285714286,23,6
22,Per-language norm.,0.6523809523809524,23,6
22,Backbone-only norm.,-0.05714285714285716,23,6
22,Z-score,0.39523809523809517,23,6
22,Quantile normalization,-0.07911726149427598,23,6
22,ComBat-EB,0.6523809523809524,23,6
22,Dawid-Skene EM,0.6738043365125019,23,6
22,Ensemble,0.0001524695500464809,23,6
22,CBC,0.8904761904761903,23,6
22,CBC-Weighted,0.8904761904761903,23,6
22,Oracle (eval-task beta),0.9999999999999999,23,6
23,Raw (no calibration),0.6666666666666666,18,6
23,Random control,0.01428571428571428,18,6
23,Per-language norm.,0.6666666666666666,18,6
23,Backbone-only norm.,0.038095238095238085,18,6
23,Z-score,0.09999999999999999,18,6
23,Quantile normalization,-0.12773752535803345,18,6
23,ComBat-EB,0.6666666666666666,18,6
23,Dawid-Skene EM,1.0,18,6
23,Ensemble,-0.03231585824959543,18,6
23,CBC,0.8714285714285713,18,6
23,CBC-Weighted,0.8714285714285713,18,6
23,Oracle (eval-task beta),0.9999999999999999,18,6
24,Raw (no calibration),0.6285714285714284,14,6
24,Random control,-0.05238095238095237,14,6
24,Per-language norm.,0.6285714285714284,14,6
24,Backbone-only norm.,0.1285714285714286,14,6
24,Z-score,0.5857142857142856,14,6
24,Quantile normalization,-0.10553700036596457,14,6
24,ComBat-EB,0.6285714285714284,14,6
24,Dawid-Skene EM,0.2375966836152159,14,6
24,Ensemble,-0.004603569052803486,14,6
24,CBC,0.8761904761904761,14,6
24,CBC-Weighted,0.8761904761904761,14,6
24,Oracle (eval-task beta),0.9999999999999999,14,6
25,Raw (no calibration),0.6238095238095239,23,6
25,Random control,0.03333333333333333,23,6
25,Per-language norm.,0.6238095238095239,23,6
25,Backbone-only norm.,0.35714285714285715,23,6
25,Z-score,0.2952380952380952,23,6
25,Quantile normalization,-0.10655853018312988,23,6
25,ComBat-EB,0.6238095238095239,23,6
25,Dawid-Skene EM,0.7590243887083169,23,6
25,Ensemble,0.0225985160623558,23,6
25,CBC,0.8380952380952381,23,6
25,CBC-Weighted,0.8380952380952381,23,6
25,Oracle (eval-task beta),0.9999999999999999,23,6
26,Raw (no calibration),0.6571428571428571,18,6
26,Random control,-0.042857142857142864,18,6
26,Per-language norm.,0.6571428571428571,18,6
26,Backbone-only norm.,-0.08571428571428572,18,6
26,Z-score,0.2523809523809523,18,6
26,Quantile normalization,-0.08775933364057771,18,6
26,ComBat-EB,0.6571428571428571,18,6
26,Dawid-Skene EM,0.9272445692856943,18,6
26,Ensemble,-0.037033766818589164,18,6
26,CBC,0.9428571428571428,18,6
26,CBC-Weighted,0.9428571428571428,18,6
26,Oracle (eval-task beta),0.9999999999999999,18,6
27,Raw (no calibration),0.680952380952381,21,6
27,Random control,-0.04761904761904762,21,6
27,Per-language norm.,0.680952380952381,21,6
27,Backbone-only norm.,0.05714285714285715,21,6
27,Z-score,0.23333333333333334,21,6
27,Quantile normalization,-0.11058008987008298,21,6
27,ComBat-EB,0.680952380952381,21,6
27,Dawid-Skene EM,0.3800678080952247,21,6
27,Ensemble,0.03809523809523809,21,6
27,CBC,0.9999999999999999,21,6
27,CBC-Weighted,0.9999999999999999,21,6
27,Oracle (eval-task beta),0.9999999999999999,21,6
28,Raw (no calibration),0.6428571428571429,20,6
28,Random control,0.08095238095238097,20,6
28,Per-language norm.,0.6428571428571429,20,6
28,Backbone-only norm.,0.10952380952380954,20,6
28,Z-score,0.24285714285714288,20,6
28,Quantile normalization,-0.09689341594659064,20,6
28,ComBat-EB,0.6428571428571429,20,6
28,Dawid-Skene EM,0.4835624527360996,20,6
28,Ensemble,0.00953847492144655,20,6
28,CBC,0.8857142857142856,20,6
28,CBC-Weighted,0.8857142857142856,20,6
28,Oracle (eval-task beta),0.9999999999999999,20,6
29,Raw (no calibration),0.6285714285714284,21,6
29,Random control,0.08095238095238096,21,6
29,Per-language norm.,0.6285714285714284,21,6
29,Backbone-only norm.,0.1142857142857143,21,6
29,Z-score,0.0619047619047619,21,6
29,Quantile normalization,-0.10367260649090403,21,6
29,ComBat-EB,0.6285714285714284,21,6
29,Dawid-Skene EM,0.4404761904761904,21,6
29,Ensemble,0.0035479639352093695,21,6
29,CBC,0.8380952380952381,21,6
29,CBC-Weighted,0.8380952380952381,21,6
29,Oracle (eval-task beta),0.9999999999999999,21,6
30,Raw (no calibration),0.6523809523809524,20,6
30,Random control,-0.07619047619047618,20,6
30,Per-language norm.,0.6523809523809524,20,6
30,Backbone-only norm.,-0.033333333333333326,20,6
30,Z-score,0.23809523809523808,20,6
30,Quantile normalization,-0.11086744582887598,20,6
30,ComBat-EB,0.6523809523809524,20,6
30,Dawid-Skene EM,-0.06897148283374185,20,6
30,Ensemble,-0.04507096029041174,20,6
30,CBC,0.9,20,6
30,CBC-Weighted,0.9,20,6
30,Oracle (eval-task beta),0.9999999999999999,20,6
31,Raw (no calibration),0.6238095238095239,19,6
31,Random control,0.22380952380952382,19,6
31,Per-language norm.,0.6238095238095239,19,6
31,Backbone-only norm.,0.038095238095238085,19,6
31,Z-score,0.07619047619047617,19,6
31,Quantile normalization,-0.08052600990428457,19,6
31,ComBat-EB,0.6238095238095239,19,6
31,Dawid-Skene EM,0.496031746031746,19,6
31,Ensemble,-5.9476233462061954e-18,19,6
31,CBC,0.7952380952380952,19,6
31,CBC-Weighted,0.7952380952380952,19,6
31,Oracle (eval-task beta),0.9999999999999999,19,6
32,Raw (no calibration),0.6523809523809524,20,6
32,Random control,-0.02857142857142857,20,6
32,Per-language norm.,0.6523809523809524,20,6
32,Backbone-only norm.,0.004761904761904765,20,6
32,Z-score,0.29523809523809524,20,6
32,Quantile normalization,-0.09834127037704424,20,6
32,ComBat-EB,0.6523809523809524,20,6
32,Dawid-Skene EM,1.0,20,6
32,Ensemble,-0.08015488758807325,20,6
32,CBC,0.9238095238095239,20,6
32,CBC-Weighted,0.9238095238095239,20,6
32,Oracle (eval-task beta),0.9999999999999999,20,6
33,Raw (no calibration),0.6666666666666666,22,6
33,Random control,0.05238095238095236,22,6
33,Per-language norm.,0.6666666666666666,22,6
33,Backbone-only norm.,0.023809523809523808,22,6
33,Z-score,0.16666666666666666,22,6
33,Quantile normalization,-0.10392362315213897,22,6
33,ComBat-EB,0.6666666666666666,22,6
33,Dawid-Skene EM,0.0,22,6
33,Ensemble,-0.06408044930417459,22,6
33,CBC,0.8952380952380953,22,6
33,CBC-Weighted,0.8952380952380953,22,6
33,Oracle (eval-task beta),0.9999999999999999,22,6
34,Raw (no calibration),0.6428571428571429,23,6
34,Random control,-0.052380952380952375,23,6
34,Per-language norm.,0.6428571428571429,23,6
34,Backbone-only norm.,-0.07619047619047621,23,6
34,Z-score,0.019047619047619053,23,6
34,Quantile normalization,-0.1075138057226402,23,6
34,ComBat-EB,0.6428571428571429,23,6
34,Dawid-Skene EM,0.52,23,6
34,Ensemble,-0.08095238095238096,23,6
34,CBC,0.9428571428571428,23,6
34,CBC-Weighted,0.9428571428571428,23,6
34,Oracle (eval-task beta),0.9999999999999999,23,6
35,Raw (no calibration),0.6428571428571429,23,6
35,Random control,-0.01428571428571429,23,6
35,Per-language norm.,0.6428571428571429,23,6
35,Backbone-only norm.,0.023809523809523798,23,6
35,Z-score,0.14285714285714282,23,6
35,Quantile normalization,-0.11617586412397195,23,6
35,ComBat-EB,0.6666666666666667,23,6
35,Dawid-Skene EM,0.1274903406906184,23,6
35,Ensemble,-0.060860889105277385,23,6
35,CBC,0.9666666666666666,23,6
35,CBC-Weighted,0.9666666666666666,23,6
35,Oracle (eval-task beta),0.9999999999999999,23,6
36,Raw (no calibration),0.6476190476190476,19,6
36,Random control,0.038095238095238085,19,6
36,Per-language norm.,0.6476190476190476,19,6
36,Backbone-only norm.,0.3476190476190476,19,6
36,Z-score,0.5523809523809524,19,6
36,Quantile normalization,-0.10109815609538411,19,6
36,ComBat-EB,0.6476190476190476,19,6
36,Dawid-Skene EM,0.503968253968254,19,6
36,Ensemble,0.2478917228443391,19,6
36,CBC,0.8857142857142856,19,6
36,CBC-Weighted,0.8857142857142856,19,6
36,Oracle (eval-task beta),0.9999999999999999,19,6
37,Raw (no calibration),0.6285714285714287,22,6
37,Random control,-0.023809523809523805,22,6
37,Per-language norm.,0.6285714285714287,22,6
37,Backbone-only norm.,0.06666666666666667,22,6
37,Z-score,0.3380952380952381,22,6
37,Quantile normalization,-0.09717379544746305,22,6
37,ComBat-EB,0.6285714285714287,22,6
37,Dawid-Skene EM,0.7590243887083169,22,6
37,Ensemble,0.01363183989261736,22,6
37,CBC,0.8761904761904761,22,6
37,CBC-Weighted,0.8761904761904761,22,6
37,Oracle (eval-task beta),0.9999999999999999,22,6
38,Raw (no calibration),0.6666666666666666,20,6
38,Random control,0.05714285714285713,20,6
38,Per-language norm.,0.6666666666666666,20,6
38,Backbone-only norm.,0.028571428571428574,20,6
38,Z-score,-0.004761904761904765,20,6
38,Quantile normalization,-0.08984813627350582,20,6
38,ComBat-EB,0.6666666666666666,20,6
38,Dawid-Skene EM,0.17608911316070378,20,6
38,Ensemble,-0.016300132896498277,20,6
38,CBC,0.9285714285714285,20,6
38,CBC-Weighted,0.9285714285714285,20,6
38,Oracle (eval-task beta),0.9999999999999999,20,6
39,Raw (no calibration),0.6142857142857142,20,6
39,Random control,-0.03809523809523809,20,6
39,Per-language norm.,0.6142857142857142,20,6
39,Backbone-only norm.,0.13333333333333333,20,6
39,Z-score,0.2857142857142857,20,6
39,Quantile normalization,-0.09691799768227673,20,6
39,ComBat-EB,0.6095238095238095,20,6
39,Dawid-Skene EM,0.7182539682539684,20,6
39,Ensemble,0.11457892106769761,20,6
39,CBC,0.7857142857142858,20,6
39,CBC-Weighted,0.7857142857142858,20,6
39,Oracle (eval-task beta),0.9999999999999999,20,6
40,Raw (no calibration),0.6238095238095236,20,6
40,Random control,-1.784287003861859e-17,20,6
40,Per-language norm.,0.6238095238095236,20,6
40,Backbone-only norm.,0.06666666666666665,20,6
40,Z-score,0.24285714285714288,20,6
40,Quantile normalization,-0.0753906268869762,20,6
40,ComBat-EB,0.6238095238095236,20,6
40,Dawid-Skene EM,0.6150970800281369,20,6
40,Ensemble,0.0035508970147367547,20,6
40,CBC,0.8904761904761903,20,6
40,CBC-Weighted,0.8904761904761903,20,6
40,Oracle (eval-task beta),0.9999999999999999,20,6
41,Raw (no calibration),0.680952380952381,18,6
41,Random control,-0.019047619047619046,18,6
41,Per-language norm.,0.680952380952381,18,6
41,Backbone-only norm.,-0.05714285714285713,18,6
41,Z-score,-0.02857142857142858,18,6
41,Quantile normalization,-0.10021939873972374,18,6
41,ComBat-EB,0.680952380952381,18,6
41,Dawid-Skene EM,0.6396724879797583,18,6
41,Ensemble,-0.04674230976724658,18,6
41,CBC,0.9666666666666666,18,6
41,CBC-Weighted,0.9666666666666666,18,6
41,Oracle (eval-task beta),0.9999999999999999,18,6
42,Raw (no calibration),0.6476190476190476,21,6
42,Random control,-0.02380952380952381,21,6
42,Per-language norm.,0.6476190476190476,21,6
42,Backbone-only norm.,-0.03333333333333333,21,6
42,Z-score,-0.033333333333333326,21,6
42,Quantile normalization,-0.08380085132017344,21,6
42,ComBat-EB,0.6476190476190476,21,6
42,Dawid-Skene EM,0.7590243887083169,21,6
42,Ensemble,-0.0619047619047619,21,6
42,CBC,0.895238095238095,21,6
42,CBC-Weighted,0.895238095238095,21,6
42,Oracle (eval-task beta),0.9999999999999999,21,6
43,Raw (no calibration),0.6285714285714287,18,6
43,Random control,0.11904761904761905,18,6
43,Per-language norm.,0.6285714285714287,18,6
43,Backbone-only norm.,0.21904761904761907,18,6
43,Z-score,0.4523809523809523,18,6
43,Quantile normalization,-0.10144463813148222,18,6
43,ComBat-EB,0.6285714285714287,18,6
43,Dawid-Skene EM,0.0,18,6
43,Ensemble,0.07208244582166834,18,6
43,CBC,0.8904761904761905,18,6
43,CBC-Weighted,0.8904761904761905,18,6
43,Oracle (eval-task beta),0.9999999999999999,18,6
44,Raw (no calibration),0.6476190476190476,19,6
44,Random control,0.05714285714285715,19,6
44,Per-language norm.,0.6476190476190476,19,6
44,Backbone-only norm.,-0.038095238095238085,19,6
44,Z-score,0.06190476190476191,19,6
44,Quantile normalization,-0.11697220913072603,19,6
44,ComBat-EB,0.6476190476190476,19,6
44,Dawid-Skene EM,0.716630414212286,19,6
44,Ensemble,-0.009682145232910815,19,6
44,CBC,0.8761904761904761,19,6
44,CBC-Weighted,0.8761904761904761,19,6
44,Oracle (eval-task beta),0.9999999999999999,19,6
45,Raw (no calibration),0.7047619047619047,21,6
45,Random control,0.004761904761904763,21,6
45,Per-language norm.,0.7047619047619047,21,6
45,Backbone-only norm.,0.09523809523809525,21,6
45,Z-score,0.1571428571428571,21,6
45,Quantile normalization,-0.09614742284405153,21,6
45,ComBat-EB,0.7047619047619047,21,6
45,Dawid-Skene EM,0.23491734855024854,21,6
45,Ensemble,0.05168601487447184,21,6
45,CBC,0.9666666666666666,21,6
45,CBC-Weighted,0.9666666666666666,21,6
45,Oracle (eval-task beta),0.9999999999999999,21,6
46,Raw (no calibration),0.6238095238095236,20,6
46,Random control,-0.023809523809523805,20,6
46,Per-language norm.,0.6238095238095236,20,6
46,Backbone-only norm.,0.08095238095238096,20,6
46,Z-score,0.18095238095238095,20,6
46,Quantile normalization,-0.12604078337533872,20,6
46,ComBat-EB,0.6238095238095236,20,6
46,Dawid-Skene EM,0.4589913730203049,20,6
46,Ensemble,0.018316695172094808,20,6
46,CBC,0.8952380952380953,20,6
46,CBC-Weighted,0.8952380952380953,20,6
46,Oracle (eval-task beta),0.9999999999999999,20,6
47,Raw (no calibration),0.6666666666666667,22,6
47,Random control,0.004761904761904757,22,6
47,Per-language norm.,0.6666666666666667,22,6
47,Backbone-only norm.,0.028571428571428574,22,6
47,Z-score,0.09999999999999998,22,6
47,Quantile normalization,-0.1107866865815759,22,6
47,ComBat-EB,0.6666666666666667,22,6
47,Dawid-Skene EM,1.0,22,6
47,Ensemble,-0.057142857142857155,22,6
47,CBC,0.8904761904761903,22,6
47,CBC-Weighted,0.8904761904761903,22,6
47,Oracle (eval-task beta),0.9999999999999999,22,6
48,Raw (no calibration),0.680952380952381,20,6
48,Random control,-0.09047619047619047,20,6
48,Per-language norm.,0.680952380952381,20,6
48,Backbone-only norm.,0.09523809523809522,20,6
48,Z-score,0.5380952380952381,20,6
48,Quantile normalization,-0.10532694344212705,20,6
48,ComBat-EB,0.680952380952381,20,6
48,Dawid-Skene EM,1.0,20,6
48,Ensemble,0.010806678325593249,20,6
48,CBC,0.9238095238095239,20,6
48,CBC-Weighted,0.9238095238095239,20,6
48,Oracle (eval-task beta),0.9999999999999999,20,6
49,Raw (no calibration),0.6904761904761905,20,6
49,Random control,0.061904761904761886,20,6
49,Per-language norm.,0.6904761904761905,20,6
49,Backbone-only norm.,0.1142857142857143,20,6
49,Z-score,0.619047619047619,20,6
49,Quantile normalization,-0.1200975975611196,20,6
49,ComBat-EB,0.6904761904761905,20,6
49,Dawid-Skene EM,-0.06238289657744634,20,6
49,Ensemble,0.04891874510187803,20,6
49,CBC,0.9285714285714285,20,6
49,CBC-Weighted,0.9285714285714285,20,6
49,Oracle (eval-task beta),0.9999999999999999,20,6
50,Raw (no calibration),0.6428571428571429,17,6
50,Random control,0.08571428571428572,17,6
50,Per-language norm.,0.6428571428571429,17,6
50,Backbone-only norm.,0.2523809523809523,17,6
50,Z-score,0.3523809523809524,17,6
50,Quantile normalization,-0.10347145415671512,17,6
50,ComBat-EB,0.6428571428571429,17,6
50,Dawid-Skene EM,0.4314309179840477,17,6
50,Ensemble,0.13821544377048317,17,6
50,CBC,0.8952380952380953,17,6
50,CBC-Weighted,0.8952380952380953,17,6
50,Oracle (eval-task beta),0.9999999999999999,17,6
51,Raw (no calibration),0.6857142857142857,18,6
51,Random control,0.009523809523809535,18,6
51,Per-language norm.,0.6857142857142857,18,6
51,Backbone-only norm.,0.06666666666666667,18,6
51,Z-score,0.09047619047619047,18,6
51,Quantile normalization,-0.09544850955460142,18,6
51,ComBat-EB,0.6857142857142857,18,6
51,Dawid-Skene EM,0.2824045318333193,18,6
51,Ensemble,-0.016687198223358474,18,6
51,CBC,0.8523809523809524,18,6
51,CBC-Weighted,0.8523809523809524,18,6
51,Oracle (eval-task beta),0.9999999999999999,18,6
52,Raw (no calibration),0.6523809523809524,20,6
52,Random control,-0.0238095238095238,20,6
52,Per-language norm.,0.6523809523809524,20,6
52,Backbone-only norm.,-0.014285714285714278,20,6
52,Z-score,0.2571428571428571,20,6
52,Quantile normalization,-0.07044149972362461,20,6
52,ComBat-EB,0.6523809523809524,20,6
52,Dawid-Skene EM,-0.036793960073976784,20,6
52,Ensemble,0.008834738176383791,20,6
52,CBC,0.9999999999999999,20,6
52,CBC-Weighted,0.9999999999999999,20,6
52,Oracle (eval-task beta),0.9999999999999999,20,6
53,Raw (no calibration),0.6142857142857141,20,6
53,Random control,0.05714285714285714,20,6
53,Per-language norm.,0.6142857142857141,20,6
53,Backbone-only norm.,-0.004761904761904763,20,6
53,Z-score,-0.02380952380952381,20,6
53,Quantile normalization,-0.0711315410840946,20,6
53,ComBat-EB,0.6142857142857141,20,6
53,Dawid-Skene EM,0.6150970800281369,20,6
53,Ensemble,-0.013317567829698092,20,6
53,CBC,0.9666666666666666,20,6
53,CBC-Weighted,0.9666666666666666,20,6
53,Oracle (eval-task beta),0.9999999999999999,20,6
54,Raw (no calibration),0.6666666666666666,18,6
54,Random control,-0.06190476190476189,18,6
54,Per-language norm.,0.6666666666666666,18,6
54,Backbone-only norm.,-0.04285714285714286,18,6
54,Z-score,0.2952380952380952,18,6
54,Quantile normalization,-0.08246023744534128,18,6
54,ComBat-EB,0.6666666666666666,18,6
54,Dawid-Skene EM,0.11293507734918659,18,6
54,Ensemble,-0.06668758747992522,18,6
54,CBC,0.9428571428571428,18,6
54,CBC-Weighted,0.9428571428571428,18,6
54,Oracle (eval-task beta),0.9999999999999999,18,6
55,Raw (no calibration),0.6142857142857141,23,6
55,Random control,-0.047619047619047616,23,6
55,Per-language norm.,0.6142857142857141,23,6
55,Backbone-only norm.,0.10952380952380951,23,6
55,Z-score,0.21904761904761902,23,6
55,Quantile normalization,-0.10751431058045406,23,6
55,ComBat-EB,0.6142857142857141,23,6
55,Dawid-Skene EM,0.4404761904761904,23,6
55,Ensemble,-0.05559757950032217,23,6
55,CBC,0.8999999999999998,23,6
55,CBC-Weighted,0.8999999999999998,23,6
55,Oracle (eval-task beta),0.9999999999999999,23,6
56,Raw (no calibration),0.6523809523809524,26,6
56,Random control,-0.014285714285714289,26,6
56,Per-language norm.,0.6523809523809524,26,6
56,Backbone-only norm.,0.07619047619047618,26,6
56,Z-score,0.1857142857142857,26,6
56,Quantile normalization,-0.09269699409774164,26,6
56,ComBat-EB,0.6523809523809524,26,6
56,Dawid-Skene EM,-0.067658695537667,26,6
56,Ensemble,0.0006656067112065234,26,6
56,CBC,0.8666666666666666,26,6
56,CBC-Weighted,0.8666666666666666,26,6
56,Oracle (eval-task beta),0.9999999999999999,26,6
57,Raw (no calibration),0.6428571428571429,23,6
57,Random control,0.04285714285714286,23,6
57,Per-language norm.,0.6428571428571429,23,6
57,Backbone-only norm.,-0.04285714285714285,23,6
57,Z-score,0.14285714285714285,23,6
57,Quantile normalization,-0.09037174397863955,23,6
57,ComBat-EB,0.6428571428571429,23,6
57,Dawid-Skene EM,0.7182539682539684,23,6
57,Ensemble,-0.06512138902413173,23,6
57,CBC,0.9333333333333333,23,6
57,CBC-Weighted,0.9333333333333333,23,6
57,Oracle (eval-task beta),0.9999999999999999,23,6
58,Raw (no calibration),0.6095238095238095,20,6
58,Random control,0.07619047619047617,20,6
58,Per-language norm.,0.6095238095238095,20,6
58,Backbone-only norm.,-0.004761904761904757,20,6
58,Z-score,0.11904761904761905,20,6
58,Quantile normalization,-0.10035295201360114,20,6
58,ComBat-EB,0.6095238095238095,20,6
58,Dawid-Skene EM,0.4370395817310141,20,6
58,Ensemble,-0.017522872961775897,20,6
58,CBC,0.8285714285714284,20,6
58,CBC-Weighted,0.8285714285714284,20,6
58,Oracle (eval-task beta),0.9999999999999999,20,6
59,Raw (no calibration),0.7047619047619047,18,6
59,Random control,-0.042857142857142864,18,6
59,Per-language norm.,0.7047619047619047,18,6
59,Backbone-only norm.,0.04761904761904762,18,6
59,Z-score,0.16666666666666669,18,6
59,Quantile normalization,-0.1013197110246549,18,6
59,ComBat-EB,0.7047619047619047,18,6
59,Dawid-Skene EM,0.017044986823076827,18,6
59,Ensemble,0.0026917576401001347,18,6
59,CBC,0.9999999999999999,18,6
59,CBC-Weighted,0.9999999999999999,18,6
59,Oracle (eval-task beta),0.9999999999999999,18,6
60,Raw (no calibration),0.6523809523809524,19,6
60,Random control,0.052380952380952396,19,6
60,Per-language norm.,0.6523809523809524,19,6
60,Backbone-only norm.,0.05714285714285715,19,6
60,Z-score,0.38571428571428573,19,6
60,Quantile normalization,-0.08227486138768748,19,6
60,ComBat-EB,0.6523809523809524,19,6
60,Dawid-Skene EM,0.35054681598504683,19,6
60,Ensemble,0.04965986394557823,19,6
60,CBC,0.8857142857142856,19,6
60,CBC-Weighted,0.8857142857142856,19,6
60,Oracle (eval-task beta),0.9999999999999999,19,6
61,Raw (no calibration),0.6904761904761905,17,6
61,Random control,-0.06190476190476191,17,6
61,Per-language norm.,0.6904761904761905,17,6
61,Backbone-only norm.,0.03333333333333333,17,6
61,Z-score,0.28095238095238095,17,6
61,Quantile normalization,-0.10123104769465809,17,6
61,ComBat-EB,0.6904761904761905,17,6
61,Dawid-Skene EM,1.0,17,6
61,Ensemble,0.019628085093026992,17,6
61,CBC,0.9333333333333333,17,6
61,CBC-Weighted,0.9333333333333333,17,6
61,Oracle (eval-task beta),0.9999999999999999,17,6
62,Raw (no calibration),0.6571428571428573,21,6
62,Random control,-0.004761904761904761,21,6
62,Per-language norm.,0.6571428571428573,21,6
62,Backbone-only norm.,-0.004761904761904759,21,6
62,Z-score,0.09047619047619047,21,6
62,Quantile normalization,-0.1008080874691558,21,6
62,ComBat-EB,0.6571428571428573,21,6
62,Dawid-Skene EM,0.2733109693295016,21,6
62,Ensemble,0.013060041140909275,21,6
62,CBC,0.9428571428571428,21,6
62,CBC-Weighted,0.9428571428571428,21,6
62,Oracle (eval-task beta),0.9999999999999999,21,6
63,Raw (no calibration),0.6142857142857144,19,6
63,Random control,0.08095238095238096,19,6
63,Per-language norm.,0.6142857142857144,19,6
63,Backbone-only norm.,-0.03333333333333333,19,6
63,Z-score,0.5476190476190474,19,6
63,Quantile normalization,-0.10014079360156428,19,6
63,ComBat-EB,0.6142857142857144,19,6
63,Dawid-Skene EM,0.6738043365125019,19,6
63,Ensemble,-0.04232734063529179,19,6
63,CBC,0.8714285714285713,19,6
63,CBC-Weighted,0.8714285714285713,19,6
63,Oracle (eval-task beta),0.9999999999999999,19,6
64,Raw (no calibration),0.6666666666666667,22,6
64,Random control,-0.01904761904761906,22,6
64,Per-language norm.,0.6666666666666667,22,6
64,Backbone-only norm.,-0.06190476190476186,22,6
64,Z-score,0.2523809523809523,22,6
64,Quantile normalization,-0.11371353841546303,22,6
64,ComBat-EB,0.6666666666666667,22,6
64,Dawid-Skene EM,1.0,22,6
64,Ensemble,-0.03452967568286433,22,6
64,CBC,0.8380952380952381,22,6
64,CBC-Weighted,0.8380952380952381,22,6
64,Oracle (eval-task beta),0.9999999999999999,22,6
65,Raw (no calibration),0.6523809523809524,21,6
65,Random control,-0.014285714285714273,21,6
65,Per-language norm.,0.6523809523809524,21,6
65,Backbone-only norm.,0.02857142857142857,21,6
65,Z-score,0.26190476190476186,21,6
65,Quantile normalization,-0.09408245069686663,21,6
65,ComBat-EB,0.6523809523809524,21,6
65,Dawid-Skene EM,1.0,21,6
65,Ensemble,-0.032315858249595424,21,6
65,CBC,0.9333333333333333,21,6
65,CBC-Weighted,0.9333333333333333,21,6
65,Oracle (eval-task beta),0.9999999999999999,21,6
66,Raw (no calibration),0.6571428571428571,19,6
66,Random control,-0.03809523809523811,19,6
66,Per-language norm.,0.6571428571428571,19,6
66,Backbone-only norm.,0.09999999999999999,19,6
66,Z-score,0.28095238095238095,19,6
66,Quantile normalization,-0.09240067592907608,19,6
66,ComBat-EB,0.6571428571428571,19,6
66,Dawid-Skene EM,0.9272445692856943,19,6
66,Ensemble,0.06919422243861072,19,6
66,CBC,0.9666666666666666,19,6
66,CBC-Weighted,0.9666666666666666,19,6
66,Oracle (eval-task beta),0.9999999999999999,19,6
67,Raw (no calibration),0.6238095238095236,20,6
67,Random control,0.15714285714285717,20,6
67,Per-language norm.,0.6238095238095236,20,6
67,Backbone-only norm.,0.04285714285714285,20,6
67,Z-score,0.43809523809523815,20,6
67,Quantile normalization,-0.0974916282568523,20,6
67,ComBat-EB,0.6095238095238094,20,6
67,Dawid-Skene EM,1.0,20,6
67,Ensemble,0.057790865376899266,20,6
67,CBC,0.9238095238095239,20,6
67,CBC-Weighted,0.9238095238095239,20,6
67,Oracle (eval-task beta),0.9999999999999999,20,6
68,Raw (no calibration),0.6285714285714287,25,6
68,Random control,-0.004761904761904767,25,6
68,Per-language norm.,0.6285714285714287,25,6
68,Backbone-only norm.,0.16190476190476186,25,6
68,Z-score,0.35238095238095235,25,6
68,Quantile normalization,-0.10009790370905176,25,6
68,ComBat-EB,0.6285714285714287,25,6
68,Dawid-Skene EM,0.16798846457986105,25,6
68,Ensemble,0.11904761904761903,25,6
68,CBC,0.8761904761904763,25,6
68,CBC-Weighted,0.8761904761904763,25,6
68,Oracle (eval-task beta),0.9999999999999999,25,6
69,Raw (no calibration),0.6523809523809524,17,6
69,Random control,0.028571428571428574,17,6
69,Per-language norm.,0.6523809523809524,17,6
69,Backbone-only norm.,0.11428571428571428,17,6
69,Z-score,0.28095238095238095,17,6
69,Quantile normalization,-0.09156002292482555,17,6
69,ComBat-EB,0.6523809523809524,17,6
69,Dawid-Skene EM,0.4568885861609073,17,6
69,Ensemble,0.10438657175315416,17,6
69,CBC,0.9285714285714286,17,6
69,CBC-Weighted,0.9285714285714286,17,6
69,Oracle (eval-task beta),0.9999999999999999,17,6
70,Raw (no calibration),0.6238095238095239,17,6
70,Random control,-0.06666666666666665,17,6
70,Per-language norm.,0.6238095238095239,17,6
70,Backbone-only norm.,0.014285714285714273,17,6
70,Z-score,0.37619047619047613,17,6
70,Quantile normalization,-0.11014628901645858,17,6
70,ComBat-EB,0.6238095238095239,17,6
70,Dawid-Skene EM,0.7590243887083169,17,6
70,Ensemble,0.019880360706509052,17,6
70,CBC,0.9095238095238096,17,6
70,CBC-Weighted,0.9095238095238096,17,6
70,Oracle (eval-task beta),0.9999999999999999,17,6
71,Raw (no calibration),0.6666666666666667,21,6
71,Random control,-0.05238095238095238,21,6
71,Per-language norm.,0.6666666666666667,21,6
71,Backbone-only norm.,0.009523809523809518,21,6
71,Z-score,0.15238095238095242,21,6
71,Quantile normalization,-0.060329706270613584,21,6
71,ComBat-EB,0.6666666666666667,21,6
71,Dawid-Skene EM,0.33994298198410694,21,6
71,Ensemble,0.02565387439309693,21,6
71,CBC,0.8761904761904761,21,6
71,CBC-Weighted,0.8761904761904761,21,6
71,Oracle (eval-task beta),0.9999999999999999,21,6
72,Raw (no calibration),0.6428571428571429,26,6
72,Random control,-0.01428571428571428,26,6
72,Per-language norm.,0.6428571428571429,26,6
72,Backbone-only norm.,0.31904761904761897,26,6
72,Z-score,0.2,26,6
72,Quantile normalization,-0.09753626551798986,26,6
72,ComBat-EB,0.6428571428571429,26,6
72,Dawid-Skene EM,0.5358846823016835,26,6
72,Ensemble,0.07855089701473675,26,6
72,CBC,0.8095238095238094,26,6
72,CBC-Weighted,0.8095238095238094,26,6
72,Oracle (eval-task beta),0.9999999999999999,26,6
73,Raw (no calibration),0.6571428571428571,17,6
73,Random control,-0.03333333333333333,17,6
73,Per-language norm.,0.6571428571428571,17,6
73,Backbone-only norm.,0.08571428571428573,17,6
73,Z-score,0.29999999999999993,17,6
73,Quantile normalization,-0.07640064563763897,17,6
73,ComBat-EB,0.6571428571428571,17,6
73,Dawid-Skene EM,0.265428264666648,17,6
73,Ensemble,0.06720913462310073,17,6
73,CBC,0.9333333333333333,17,6
73,CBC-Weighted,0.9333333333333333,17,6
73,Oracle (eval-task beta),0.9999999999999999,17,6
74,Raw (no calibration),0.6523809523809524,24,6
74,Random control,0.07619047619047618,24,6
74,Per-language norm.,0.6523809523809524,24,6
74,Backbone-only norm.,0.11904761904761904,24,6
74,Z-score,0.11904761904761907,24,6
74,Quantile normalization,-0.1091320931390906,24,6
74,ComBat-EB,0.6285714285714287,24,6
74,Dawid-Skene EM,0.1274903406906184,24,6
74,Ensemble,0.019047619047619042,24,6
74,CBC,0.8904761904761903,24,6
74,CBC-Weighted,0.8904761904761903,24,6
74,Oracle (eval-task beta),0.9999999999999999,24,6
75,Raw (no calibration),0.6904761904761906,19,6
75,Random control,-0.03333333333333333,19,6
75,Per-language norm.,0.6904761904761906,19,6
75,Backbone-only norm.,0.11904761904761905,19,6
75,Z-score,0.33333333333333337,19,6
75,Quantile normalization,-0.10738788068238644,19,6
75,ComBat-EB,0.6904761904761906,19,6
75,Dawid-Skene EM,0.3800678080952247,19,6
75,Ensemble,0.13521758361237032,19,6
75,CBC,0.9666666666666666,19,6
75,CBC-Weighted,0.9666666666666666,19,6
75,Oracle (eval-task beta),0.9999999999999999,19,6
76,Raw (no calibration),0.6142857142857141,18,6
76,Random control,0.1142857142857143,18,6
76,Per-language norm.,0.6142857142857141,18,6
76,Backbone-only norm.,0.004761904761904753,18,6
76,Z-score,0.07142857142857142,18,6
76,Quantile normalization,-0.11119106939701126,18,6
76,ComBat-EB,0.6142857142857141,18,6
76,Dawid-Skene EM,0.18835650198940201,18,6
76,Ensemble,-0.07652767916537055,18,6
76,CBC,0.9095238095238095,18,6
76,CBC-Weighted,0.9095238095238095,18,6
76,Oracle (eval-task beta),0.9999999999999999,18,6
77,Raw (no calibration),0.6523809523809524,20,6
77,Random control,0.03333333333333332,20,6
77,Per-language norm.,0.6523809523809524,20,6
77,Backbone-only norm.,-0.06666666666666668,20,6
77,Z-score,-0.047619047619047616,20,6
77,Quantile normalization,-0.10699634207868877,20,6
77,ComBat-EB,0.6523809523809524,20,6
77,Dawid-Skene EM,0.15846055842145712,20,6
77,Ensemble,-0.0857084195552309,20,6
77,CBC,0.895238095238095,20,6
77,CBC-Weighted,0.895238095238095,20,6
77,Oracle (eval-task beta),0.9999999999999999,20,6
78,Raw (no calibration),0.6238095238095236,23,6
78,Random control,0.009523809523809526,23,6
78,Per-language norm.,0.6238095238095236,23,6
78,Backbone-only norm.,0.13333333333333333,23,6
78,Z-score,0.17142857142857146,23,6
78,Quantile normalization,-0.10482210355069412,23,6
78,ComBat-EB,0.6238095238095236,23,6
78,Dawid-Skene EM,0.4835624527360996,23,6
78,Ensemble,0.06405989329515835,23,6
78,CBC,0.8380952380952381,23,6
78,CBC-Weighted,0.8380952380952381,23,6
78,Oracle (eval-task beta),0.9999999999999999,23,6
79,Raw (no calibration),0.6285714285714287,19,6
79,Random control,-0.07619047619047623,19,6
79,Per-language norm.,0.6285714285714287,19,6
79,Backbone-only norm.,-0.07142857142857142,19,6
79,Z-score,-0.07142857142857142,19,6
79,Quantile normalization,-0.11723652723552005,19,6
79,ComBat-EB,0.6285714285714287,19,6
79,Dawid-Skene EM,0.716630414212286,19,6
79,Ensemble,-0.0663235975327175,19,6
79,CBC,0.9428571428571428,19,6
79,CBC-Weighted,0.9428571428571428,19,6
79,Oracle (eval-task beta),0.9999999999999999,19,6
80,Raw (no calibration),0.6428571428571429,19,6
80,Random control,0.004761904761904765,19,6
80,Per-language norm.,0.6428571428571429,19,6
80,Backbone-only norm.,0.12380952380952381,19,6
80,Z-score,0.47619047619047616,19,6
80,Quantile normalization,-0.1001579540166779,19,6
80,ComBat-EB,0.6428571428571429,19,6
80,Dawid-Skene EM,0.3800678080952247,19,6
80,Ensemble,0.056433254238739586,19,6
80,CBC,0.8904761904761905,19,6
80,CBC-Weighted,0.8904761904761905,19,6
80,Oracle (eval-task beta),0.9999999999999999,19,6
81,Raw (no calibration),0.6523809523809524,21,6
81,Random control,-0.06666666666666667,21,6
81,Per-language norm.,0.6523809523809524,21,6
81,Backbone-only norm.,-0.028571428571428574,21,6
81,Z-score,-0.023809523809523815,21,6
81,Quantile normalization,-0.11764767434200771,21,6
81,ComBat-EB,0.6523809523809524,21,6
81,Dawid-Skene EM,0.017044986823076827,21,6
81,Ensemble,-0.06173435551254031,21,6
81,CBC,0.9428571428571428,21,6
81,CBC-Weighted,0.9428571428571428,21,6
81,Oracle (eval-task beta),0.9999999999999999,21,6
82,Raw (no calibration),0.6285714285714287,19,6
82,Random control,0.1285714285714286,19,6
82,Per-language norm.,0.6285714285714287,19,6
82,Backbone-only norm.,-0.057142857142857155,19,6
82,Z-score,-0.033333333333333326,19,6
82,Quantile normalization,-0.08253158427140636,19,6
82,ComBat-EB,0.6285714285714287,19,6
82,Dawid-Skene EM,0.8628679329364746,19,6
82,Ensemble,-0.06666959974619406,19,6
82,CBC,0.895238095238095,19,6
82,CBC-Weighted,0.895238095238095,19,6
82,Oracle (eval-task beta),0.9999999999999999,19,6
83,Raw (no calibration),0.680952380952381,21,6
83,Random control,-0.023809523809523798,21,6
83,Per-language norm.,0.680952380952381,21,6
83,Backbone-only norm.,0.11904761904761905,21,6
83,Z-score,0.1571428571428571,21,6
83,Quantile normalization,-0.1004286706683764,21,6
83,ComBat-EB,0.680952380952381,21,6
83,Dawid-Skene EM,0.4079571364593186,21,6
83,Ensemble,0.03730305851189829,21,6
83,CBC,0.9666666666666666,21,6
83,CBC-Weighted,0.9666666666666666,21,6
83,Oracle (eval-task beta),0.9999999999999999,21,6
84,Raw (no calibration),0.6285714285714287,21,6
84,Random control,-0.04285714285714286,21,6
84,Per-language norm.,0.6285714285714287,21,6
84,Backbone-only norm.,0.09047619047619046,21,6
84,Z-score,0.5380952380952381,21,6
84,Quantile normalization,-0.10213970055142929,21,6
84,ComBat-EB,0.6285714285714287,21,6
84,Dawid-Skene EM,0.9272445692856943,21,6
84,Ensemble,0.03437720613281786,21,6
84,CBC,0.8714285714285713,21,6
84,CBC-Weighted,0.8714285714285713,21,6
84,Oracle (eval-task beta),0.9999999999999999,21,6
85,Raw (no calibration),0.6285714285714284,19,6
85,Random control,0.038095238095238106,19,6
85,Per-language norm.,0.6285714285714284,19,6
85,Backbone-only norm.,0.019047619047619046,19,6
85,Z-score,0.04285714285714285,19,6
85,Quantile normalization,-0.11015549157023874,19,6
85,ComBat-EB,0.6285714285714284,19,6
85,Dawid-Skene EM,0.4404761904761904,19,6
85,Ensemble,-0.061904761904761914,19,6
85,CBC,0.8380952380952381,19,6
85,CBC-Weighted,0.8380952380952381,19,6
85,Oracle (eval-task beta),0.9999999999999999,19,6
86,Raw (no calibration),0.680952380952381,18,6
86,Random control,3.96508223080413e-18,18,6
86,Per-language norm.,0.680952380952381,18,6
86,Backbone-only norm.,0.09523809523809523,18,6
86,Z-score,0.2904761904761905,18,6
86,Quantile normalization,-0.10774442716957187,18,6
86,ComBat-EB,0.680952380952381,18,6
86,Dawid-Skene EM,0.3800678080952247,18,6
86,Ensemble,0.02957130517800205,18,6
86,CBC,0.8761904761904761,18,6
86,CBC-Weighted,0.8761904761904761,18,6
86,Oracle (eval-task beta),0.9999999999999999,18,6
87,Raw (no calibration),0.6666666666666666,17,6
87,Random control,-0.03333333333333334,17,6
87,Per-language norm.,0.6666666666666666,17,6
87,Backbone-only norm.,0.18095238095238095,17,6
87,Z-score,0.06666666666666665,17,6
87,Quantile normalization,-0.10022419687978698,17,6
87,ComBat-EB,0.6428571428571429,17,6
87,Dawid-Skene EM,1.0,17,6
87,Ensemble,-0.0302515772868456,17,6
87,CBC,0.9333333333333333,17,6
87,CBC-Weighted,0.9333333333333333,17,6
87,Oracle (eval-task beta),0.9999999999999999,17,6
88,Raw (no calibration),0.6428571428571429,17,6
88,Random control,0.06666666666666667,17,6
88,Per-language norm.,0.6428571428571429,17,6
88,Backbone-only norm.,-0.07619047619047617,17,6
88,Z-score,-0.05714285714285714,17,6
88,Quantile normalization,-0.09213084270800762,17,6
88,ComBat-EB,0.6428571428571429,17,6
88,Dawid-Skene EM,0.7182539682539684,17,6
88,Ensemble,-0.07382479255324406,17,6
88,CBC,0.9333333333333333,17,6
88,CBC-Weighted,0.9333333333333333,17,6
88,Oracle (eval-task beta),0.9999999999999999,17,6
89,Raw (no calibration),0.6333333333333334,21,6
89,Random control,0.10952380952380951,21,6
89,Per-language norm.,0.6333333333333334,21,6
89,Backbone-only norm.,0.1380952380952381,21,6
89,Z-score,0.1571428571428571,21,6
89,Quantile normalization,-0.07630302721578389,21,6
89,ComBat-EB,0.6666666666666666,21,6
89,Dawid-Skene EM,0.21302258260369342,21,6
89,Ensemble,0.08221182912000302,21,6
89,CBC,0.8761904761904761,21,6
89,CBC-Weighted,0.8761904761904761,21,6
89,Oracle (eval-task beta),0.9999999999999999,21,6
90,Raw (no calibration),0.6523809523809524,22,6
90,Random control,-0.038095238095238106,22,6
90,Per-language norm.,0.6523809523809524,22,6
90,Backbone-only norm.,0.033333333333333326,22,6
90,Z-score,0.17619047619047618,22,6
90,Quantile normalization,-0.10747872899472019,22,6
90,ComBat-EB,0.6523809523809524,22,6
90,Dawid-Skene EM,-0.06897148283374185,22,6
90,Ensemble,-0.002380952380952384,22,6
90,CBC,0.8952380952380953,22,6
90,CBC-Weighted,0.8952380952380953,22,6
90,Oracle (eval-task beta),0.9999999999999999,22,6
91,Raw (no calibration),0.7523809523809524,19,6
91,Random control,-0.09523809523809525,19,6
91,Per-language norm.,0.7523809523809524,19,6
91,Backbone-only norm.,0.05238095238095237,19,6
91,Z-score,0.29047619047619044,19,6
91,Quantile normalization,-0.07443255981794285,19,6
91,ComBat-EB,0.7523809523809524,19,6
91,Dawid-Skene EM,0.029686624579641725,19,6
91,Ensemble,0.03212232558616531,19,6
91,CBC,0.8904761904761905,19,6
91,CBC-Weighted,0.8904761904761905,19,6
91,Oracle (eval-task beta),0.9999999999999999,19,6
92,Raw (no calibration),0.6428571428571429,20,6
92,Random control,-0.05714285714285715,20,6
92,Per-language norm.,0.6428571428571429,20,6
92,Backbone-only norm.,0.1380952380952381,20,6
92,Z-score,0.5857142857142856,20,6
92,Quantile normalization,-0.10464050927579374,20,6
92,ComBat-EB,0.6428571428571429,20,6
92,Dawid-Skene EM,1.0,20,6
92,Ensemble,0.08074418289131383,20,6
92,CBC,0.9095238095238095,20,6
92,CBC-Weighted,0.9095238095238095,20,6
92,Oracle (eval-task beta),0.9999999999999999,20,6
93,Raw (no calibration),0.6666666666666666,21,6
93,Random control,0.004761904761904765,21,6
93,Per-language norm.,0.6666666666666666,21,6
93,Backbone-only norm.,0.08095238095238096,21,6
93,Z-score,0.09047619047619047,21,6
93,Quantile normalization,-0.08325092550123687,21,6
93,ComBat-EB,0.6666666666666666,21,6
93,Dawid-Skene EM,-0.0072729929487107756,21,6
93,Ensemble,-0.0030494921716863028,21,6
93,CBC,0.9285714285714286,21,6
93,CBC-Weighted,0.9285714285714286,21,6
93,Oracle (eval-task beta),0.9999999999999999,21,6
94,Raw (no calibration),0.6666666666666667,24,6
94,Random control,0.014285714285714285,24,6
94,Per-language norm.,0.6666666666666667,24,6
94,Backbone-only norm.,-3.96508223080413e-18,24,6
94,Z-score,-0.004761904761904747,24,6
94,Quantile normalization,-0.10394585457386642,24,6
94,ComBat-EB,0.6666666666666667,24,6
94,Dawid-Skene EM,0.4835624527360996,24,6
94,Ensemble,-0.03487861097586829,24,6
94,CBC,0.895238095238095,24,6
94,CBC-Weighted,0.895238095238095,24,6
94,Oracle (eval-task beta),0.9999999999999999,24,6
95,Raw (no calibration),0.6666666666666666,21,6
95,Random control,-0.023809523809523815,21,6
95,Per-language norm.,0.6666666666666666,21,6
95,Backbone-only norm.,0.05714285714285714,21,6
95,Z-score,0.1476190476190476,21,6
95,Quantile normalization,-0.09797201097710416,21,6
95,ComBat-EB,0.6666666666666666,21,6
95,Dawid-Skene EM,0.6738043365125019,21,6
95,Ensemble,0.040309055528506985,21,6
95,CBC,0.8904761904761905,21,6
95,CBC-Weighted,0.8904761904761905,21,6
95,Oracle (eval-task beta),0.9999999999999999,21,6
96,Raw (no calibration),0.6428571428571429,21,6
96,Random control,0.038095238095238106,21,6
96,Per-language norm.,0.6428571428571429,21,6
96,Backbone-only norm.,0.09523809523809523,21,6
96,Z-score,0.14285714285714285,21,6
96,Quantile normalization,-0.08201396398034554,21,6
96,ComBat-EB,0.6428571428571429,21,6
96,Dawid-Skene EM,0.48501953317261753,21,6
96,Ensemble,0.03694684473767069,21,6
96,CBC,0.9095238095238096,21,6
96,CBC-Weighted,0.9095238095238096,21,6
96,Oracle (eval-task beta),0.9999999999999999,21,6
97,Raw (no calibration),0.680952380952381,26,6
97,Random control,-0.02380952380952382,26,6
97,Per-language norm.,0.680952380952381,26,6
97,Backbone-only norm.,0.1714285714285714,26,6
97,Z-score,0.07142857142857142,26,6
97,Quantile normalization,-0.08095369090760236,26,6
97,ComBat-EB,0.680952380952381,26,6
97,Dawid-Skene EM,0.40417353329564215,26,6
97,Ensemble,0.03773163740459711,26,6
97,CBC,0.9333333333333333,26,6
97,CBC-Weighted,0.9333333333333333,26,6
97,Oracle (eval-task beta),0.9999999999999999,26,6
98,Raw (no calibration),0.6571428571428571,15,6
98,Random control,0.02380952380952379,15,6
98,Per-language norm.,0.6571428571428571,15,6
98,Backbone-only norm.,0.06666666666666665,15,6
98,Z-score,0.4142857142857142,15,6
98,Quantile normalization,-0.08550141654758617,15,6
98,ComBat-EB,0.6571428571428571,15,6
98,Dawid-Skene EM,1.0,15,6
98,Ensemble,0.009714409107712232,15,6
98,CBC,0.9428571428571428,15,6
98,CBC-Weighted,0.9428571428571428,15,6
98,Oracle (eval-task beta),0.9999999999999999,15,6
99,Raw (no calibration),0.680952380952381,21,6
99,Random control,-0.06666666666666667,21,6
99,Per-language norm.,0.680952380952381,21,6
99,Backbone-only norm.,0.12380952380952381,21,6
99,Z-score,-0.03809523809523809,21,6
99,Quantile normalization,-0.11304882631742255,21,6
99,ComBat-EB,0.680952380952381,21,6
99,Dawid-Skene EM,0.4835624527360996,21,6
99,Ensemble,-0.07426106630060844,21,6
99,CBC,0.8571428571428571,21,6
99,CBC-Weighted,0.8571428571428571,21,6
99,Oracle (eval-task beta),0.9999999999999999,21,6
100,Raw (no calibration),0.6428571428571429,21,6
100,Random control,-0.01428571428571428,21,6
100,Per-language norm.,0.6428571428571429,21,6
100,Backbone-only norm.,0.004761904761904763,21,6
100,Z-score,0.02380952380952381,21,6
100,Quantile normalization,-0.11303009931953838,21,6
100,ComBat-EB,0.6428571428571429,21,6
100,Dawid-Skene EM,0.48501953317261753,21,6
100,Ensemble,-0.023809523809523805,21,6
100,CBC,0.9999999999999999,21,6
100,CBC-Weighted,0.9999999999999999,21,6
100,Oracle (eval-task beta),0.9999999999999999,21,6
101,Raw (no calibration),0.6571428571428571,20,6
101,Random control,0.00952380952380952,20,6
101,Per-language norm.,0.6571428571428571,20,6
101,Backbone-only norm.,0.03809523809523809,20,6
101,Z-score,1.3877787807814457e-17,20,6
101,Quantile normalization,-0.10699766663648701,20,6
101,ComBat-EB,0.6571428571428571,20,6
101,Dawid-Skene EM,0.23491734855024854,20,6
101,Ensemble,-0.04114473026692441,20,6
101,CBC,0.9666666666666666,20,6
101,CBC-Weighted,0.9666666666666666,20,6
101,Oracle (eval-task beta),0.9999999999999999,20,6
102,Raw (no calibration),0.6142857142857141,22,6
102,Random control,-0.06666666666666667,22,6
102,Per-language norm.,0.6142857142857141,22,6
102,Backbone-only norm.,-0.023809523809523808,22,6
102,Z-score,0.0857142857142857,22,6
102,Quantile normalization,-0.1028497455319728,22,6
102,ComBat-EB,0.6142857142857141,22,6
102,Dawid-Skene EM,0.4835624527360996,22,6
102,Ensemble,-0.05765599430401721,22,6
102,CBC,0.8095238095238095,22,6
102,CBC-Weighted,0.8095238095238095,22,6
102,Oracle (eval-task beta),0.9999999999999999,22,6
103,Raw (no calibration),0.6666666666666667,18,6
103,Random control,-0.08095238095238096,18,6
103,Per-language norm.,0.6666666666666667,18,6
103,Backbone-only norm.,0.07142857142857141,18,6
103,Z-score,0.08095238095238096,18,6
103,Quantile normalization,-0.12022648192272269,18,6
103,ComBat-EB,0.6666666666666667,18,6
103,Dawid-Skene EM,0.20000000000000004,18,6
103,Ensemble,0.0012110077471679942,18,6
103,CBC,0.9428571428571428,18,6
103,CBC-Weighted,0.9428571428571428,18,6
103,Oracle (eval-task beta),0.9999999999999999,18,6
104,Raw (no calibration),0.6142857142857142,16,6
104,Random control,-0.03809523809523809,16,6
104,Per-language norm.,0.6142857142857142,16,6
104,Backbone-only norm.,-0.004761904761904767,16,6
104,Z-score,0.1476190476190476,16,6
104,Quantile normalization,-0.10292471505506527,16,6
104,ComBat-EB,0.6142857142857142,16,6
104,Dawid-Skene EM,0.4314309179840477,16,6
104,Ensemble,-0.031647318458861484,16,6
104,CBC,0.8380952380952381,16,6
104,CBC-Weighted,0.8380952380952381,16,6
104,Oracle (eval-task beta),0.9999999999999999,16,6
105,Raw (no calibration),0.6428571428571429,22,6
105,Random control,0.042857142857142864,22,6
105,Per-language norm.,0.6428571428571429,22,6
105,Backbone-only norm.,0.028571428571428564,22,6
105,Z-score,0.1285714285714286,22,6
105,Quantile normalization,-0.08295700472164771,22,6
105,ComBat-EB,0.6428571428571429,22,6
105,Dawid-Skene EM,0.20000000000000004,22,6
105,Ensemble,0.03415434267411374,22,6
105,CBC,0.9285714285714286,22,6
105,CBC-Weighted,0.9285714285714286,22,6
105,Oracle (eval-task beta),0.9999999999999999,22,6
106,Raw (no calibration),0.6428571428571429,18,6
106,Random control,0.004761904761904757,18,6
106,Per-language norm.,0.6428571428571429,18,6
106,Backbone-only norm.,0.2952380952380952,18,6
106,Z-score,0.5333333333333333,18,6
106,Quantile normalization,-0.09281696099463065,18,6
106,ComBat-EB,0.6428571428571429,18,6
106,Dawid-Skene EM,0.652899776225077,18,6
106,Ensemble,0.053328565193144266,18,6
106,CBC,0.8523809523809524,18,6
106,CBC-Weighted,0.8523809523809524,18,6
106,Oracle (eval-task beta),0.9999999999999999,18,6
107,Raw (no calibration),0.6666666666666666,21,6
107,Random control,-0.06666666666666667,21,6
107,Per-language norm.,0.6666666666666666,21,6
107,Backbone-only norm.,0.03333333333333333,21,6
107,Z-score,0.11428571428571428,21,6
107,Quantile normalization,-0.09625351227905814,21,6
107,ComBat-EB,0.6666666666666666,21,6
107,Dawid-Skene EM,0.0,21,6
107,Ensemble,-0.05203201708794841,21,6
107,CBC,0.8952380952380953,21,6
107,CBC-Weighted,0.8952380952380953,21,6
107,Oracle (eval-task beta),0.9999999999999999,21,6
108,Raw (no calibration),0.6666666666666667,17,6
108,Random control,0.12857142857142856,17,6
108,Per-language norm.,0.6666666666666667,17,6
108,Backbone-only norm.,-0.019047619047619056,17,6
108,Z-score,0.09999999999999999,17,6
108,Quantile normalization,-0.07022142489538462,17,6
108,ComBat-EB,0.6666666666666667,17,6
108,Dawid-Skene EM,0.7590243887083169,17,6
108,Ensemble,-0.012239031800128867,17,6
108,CBC,0.9095238095238093,17,6
108,CBC-Weighted,0.9095238095238093,17,6
108,Oracle (eval-task beta),0.9999999999999999,17,6
109,Raw (no calibration),0.6714285714285715,20,6
109,Random control,0.05714285714285715,20,6
109,Per-language norm.,0.6714285714285715,20,6
109,Backbone-only norm.,0.13809523809523808,20,6
109,Z-score,0.14761904761904757,20,6
109,Quantile normalization,-0.10495097295151802,20,6
109,ComBat-EB,0.6714285714285715,20,6
109,Dawid-Skene EM,0.2733109693295016,20,6
109,Ensemble,0.04873756412493163,20,6
109,CBC,0.9238095238095237,20,6
109,CBC-Weighted,0.9238095238095237,20,6
109,Oracle (eval-task beta),0.9999999999999999,20,6
110,Raw (no calibration),0.6619047619047619,18,6
110,Random control,-0.05238095238095237,18,6
110,Per-language norm.,0.6619047619047619,18,6
110,Backbone-only norm.,0.16666666666666666,18,6
110,Z-score,0.7190476190476192,18,6
110,Quantile normalization,-0.08139513968350238,18,6
110,ComBat-EB,0.6619047619047619,18,6
110,Dawid-Skene EM,0.6738043365125019,18,6
110,Ensemble,0.13393640750169594,18,6
110,CBC,0.7999999999999999,18,6
110,CBC-Weighted,0.7999999999999999,18,6
110,Oracle (eval-task beta),0.9999999999999999,18,6
111,Raw (no calibration),0.6285714285714284,21,6
111,Random control,-0.01428571428571428,21,6
111,Per-language norm.,0.6285714285714284,21,6
111,Backbone-only norm.,0.19999999999999998,21,6
111,Z-score,0.5095238095238096,21,6
111,Quantile normalization,-0.10142119383254188,21,6
111,ComBat-EB,0.6285714285714284,21,6
111,Dawid-Skene EM,0.4370395817310141,21,6
111,Ensemble,0.1030186743440025,21,6
111,CBC,0.838095238095238,21,6
111,CBC-Weighted,0.838095238095238,21,6
111,Oracle (eval-task beta),0.9999999999999999,21,6
112,Raw (no calibration),0.6333333333333334,22,6
112,Random control,-0.09523809523809525,22,6
112,Per-language norm.,0.6333333333333334,22,6
112,Backbone-only norm.,0.08571428571428572,22,6
112,Z-score,0.5380952380952381,22,6
112,Quantile normalization,-0.092399985456289,22,6
112,ComBat-EB,0.6666666666666666,22,6
112,Dawid-Skene EM,0.0,22,6
112,Ensemble,0.054323560527739616,22,6
112,CBC,0.9,22,6
112,CBC-Weighted,0.9,22,6
112,Oracle (eval-task beta),0.9999999999999999,22,6
113,Raw (no calibration),0.6428571428571429,24,6
113,Random control,0.019047619047619053,24,6
113,Per-language norm.,0.6428571428571429,24,6
113,Backbone-only norm.,0.09523809523809525,24,6
113,Z-score,0.619047619047619,24,6
113,Quantile normalization,-0.09883337172927786,24,6
113,ComBat-EB,0.6428571428571429,24,6
113,Dawid-Skene EM,0.47440468847296124,24,6
113,Ensemble,-0.08475600683056483,24,6
113,CBC,0.9285714285714286,24,6
113,CBC-Weighted,0.9285714285714286,24,6
113,Oracle (eval-task beta),0.9999999999999999,24,6
114,Raw (no calibration),0.6571428571428571,23,6
114,Random control,0.02380952380952381,23,6
114,Per-language norm.,0.6571428571428571,23,6
114,Backbone-only norm.,0.14761904761904762,23,6
114,Z-score,0.22380952380952376,23,6
114,Quantile normalization,-0.11487697832231099,23,6
114,ComBat-EB,0.6571428571428571,23,6
114,Dawid-Skene EM,0.28369760344246286,23,6
114,Ensemble,0.1142578860359853,23,6
114,CBC,0.895238095238095,23,6
114,CBC-Weighted,0.895238095238095,23,6
114,Oracle (eval-task beta),0.9999999999999999,23,6
115,Raw (no calibration),0.6428571428571429,23,6
115,Random control,-0.05238095238095238,23,6
115,Per-language norm.,0.6428571428571429,23,6
115,Backbone-only norm.,0.06190476190476189,23,6
115,Z-score,0.49999999999999994,23,6
115,Quantile normalization,-0.09647913692782294,23,6
115,ComBat-EB,0.6428571428571429,23,6
115,Dawid-Skene EM,0.524966870023764,23,6
115,Ensemble,0.01539824072961933,23,6
115,CBC,0.9285714285714286,23,6
115,CBC-Weighted,0.9285714285714286,23,6
115,Oracle (eval-task beta),0.9999999999999999,23,6
116,Raw (no calibration),0.619047619047619,19,6
116,Random control,-1.982541115402065e-18,19,6
116,Per-language norm.,0.619047619047619,19,6
116,Backbone-only norm.,-0.05714285714285713,19,6
116,Z-score,0.6047619047619046,19,6
116,Quantile normalization,-0.07456157131825411,19,6
116,ComBat-EB,0.619047619047619,19,6
116,Dawid-Skene EM,0.5979140363022555,19,6
116,Ensemble,-0.0073514162955212615,19,6
116,CBC,0.8761904761904761,19,6
116,CBC-Weighted,0.8761904761904761,19,6
116,Oracle (eval-task beta),0.9999999999999999,19,6
117,Raw (no calibration),0.6666666666666666,18,6
117,Random control,-0.07142857142857142,18,6
117,Per-language norm.,0.6666666666666666,18,6
117,Backbone-only norm.,0.1857142857142857,18,6
117,Z-score,0.5380952380952381,18,6
117,Quantile normalization,-0.11066700509120445,18,6
117,ComBat-EB,0.6333333333333334,18,6
117,Dawid-Skene EM,0.3077898325229628,18,6
117,Ensemble,0.16626493594216946,18,6
117,CBC,0.8619047619047618,18,6
117,CBC-Weighted,0.8619047619047618,18,6
117,Oracle (eval-task beta),0.9999999999999999,18,6
118,Raw (no calibration),0.6095238095238095,20,6
118,Random control,0.08095238095238096,20,6
118,Per-language norm.,0.6095238095238095,20,6
118,Backbone-only norm.,0.01428571428571428,20,6
118,Z-score,0.20952380952380958,20,6
118,Quantile normalization,-0.09583665043910869,20,6
118,ComBat-EB,0.6095238095238095,20,6
118,Dawid-Skene EM,0.23491734855024854,20,6
118,Ensemble,-0.010535418448492623,20,6
118,CBC,0.8761904761904761,20,6
118,CBC-Weighted,0.8761904761904761,20,6
118,Oracle (eval-task beta),0.9999999999999999,20,6
119,Raw (no calibration),0.6428571428571429,23,6
119,Random control,-0.004761904761904773,23,6
119,Per-language norm.,0.6428571428571429,23,6
119,Backbone-only norm.,0.15238095238095237,23,6
119,Z-score,0.30476190476190473,23,6
119,Quantile normalization,-0.05366860859800463,23,6
119,ComBat-EB,0.6428571428571429,23,6
119,Dawid-Skene EM,0.7270340699023484,23,6
119,Ensemble,0.0899337225197564,23,6
119,CBC,0.9095238095238093,23,6
119,CBC-Weighted,0.9095238095238093,23,6
119,Oracle (eval-task beta),0.9999999999999999,23,6
120,Raw (no calibration),0.6285714285714284,17,6
120,Random control,0.009523809523809509,17,6
120,Per-language norm.,0.6285714285714284,17,6
120,Backbone-only norm.,-0.02857142857142857,17,6
120,Z-score,0.14285714285714285,17,6
120,Quantile normalization,-0.10422527350755928,17,6
120,ComBat-EB,0.6285714285714284,17,6
120,Dawid-Skene EM,0.28369760344246286,17,6
120,Ensemble,-0.017704673307096387,17,6
120,CBC,0.9666666666666666,17,6
120,CBC-Weighted,0.9666666666666666,17,6
120,Oracle (eval-task beta),0.9999999999999999,17,6
121,Raw (no calibration),0.6619047619047619,14,6
121,Random control,-0.028571428571428574,14,6
121,Per-language norm.,0.6619047619047619,14,6
121,Backbone-only norm.,0.05714285714285713,14,6
121,Z-score,0.20476190476190476,14,6
121,Quantile normalization,-0.07747390086446967,14,6
121,ComBat-EB,0.6380952380952382,14,6
121,Dawid-Skene EM,0.0,14,6
121,Ensemble,-0.05185021674262792,14,6
121,CBC,0.9285714285714286,14,6
121,CBC-Weighted,0.9285714285714286,14,6
121,Oracle (eval-task beta),0.9999999999999999,14,6
122,Raw (no calibration),0.6523809523809524,18,6
122,Random control,-0.009523809523809518,18,6
122,Per-language norm.,0.6523809523809524,18,6
122,Backbone-only norm.,0.1285714285714286,18,6
122,Z-score,0.13809523809523805,18,6
122,Quantile normalization,-0.09467809491709454,18,6
122,ComBat-EB,0.6523809523809524,18,6
122,Dawid-Skene EM,0.0,18,6
122,Ensemble,0.03211939250663793,18,6
122,CBC,0.9666666666666666,18,6
122,CBC-Weighted,0.9666666666666666,18,6
122,Oracle (eval-task beta),0.9999999999999999,18,6
123,Raw (no calibration),0.6428571428571427,19,6
123,Random control,0.19047619047619047,19,6
123,Per-language norm.,0.6428571428571427,19,6
123,Backbone-only norm.,0.10952380952380954,19,6
123,Z-score,0.16666666666666669,19,6
123,Quantile normalization,-0.09037474132867616,19,6
123,ComBat-EB,0.6428571428571427,19,6
123,Dawid-Skene EM,0.4915318468404144,19,6
123,Ensemble,0.017669476352767582,19,6
123,CBC,0.9333333333333333,19,6
123,CBC-Weighted,0.9333333333333333,19,6
123,Oracle (eval-task beta),0.9999999999999999,19,6
124,Raw (no calibration),0.7,14,6
124,Random control,0.004761904761904765,14,6
124,Per-language norm.,0.7,14,6
124,Backbone-only norm.,0.05714285714285715,14,6
124,Z-score,0.2619047619047619,14,6
124,Quantile normalization,-0.1010212246641066,14,6
124,ComBat-EB,0.7,14,6
124,Dawid-Skene EM,0.4079571364593186,14,6
124,Ensemble,-0.0017124125902184559,14,6
124,CBC,0.9666666666666666,14,6
124,CBC-Weighted,0.9666666666666666,14,6
124,Oracle (eval-task beta),0.9999999999999999,14,6
125,Raw (no calibration),0.6666666666666667,17,6
125,Random control,0.019047619047619053,17,6
125,Per-language norm.,0.6666666666666667,17,6
125,Backbone-only norm.,-0.02857142857142857,17,6
125,Z-score,-0.0666666666666667,17,6
125,Quantile normalization,-0.11080583579485496,17,6
125,ComBat-EB,0.6666666666666667,17,6
125,Dawid-Skene EM,0.8628679329364746,17,6
125,Ensemble,-0.07431092865257427,17,6
125,CBC,0.9333333333333333,17,6
125,CBC-Weighted,0.9333333333333333,17,6
125,Oracle (eval-task beta),0.9999999999999999,17,6
126,Raw (no calibration),0.6476190476190476,20,6
126,Random control,0.014285714285714289,20,6
126,Per-language norm.,0.6476190476190476,20,6
126,Backbone-only norm.,0.12857142857142856,20,6
126,Z-score,0.45714285714285713,20,6
126,Quantile normalization,-0.08992692831167234,20,6
126,ComBat-EB,0.6476190476190476,20,6
126,Dawid-Skene EM,0.6738043365125019,20,6
126,Ensemble,0.07919268878096555,20,6
126,CBC,0.8714285714285713,20,6
126,CBC-Weighted,0.8714285714285713,20,6
126,Oracle (eval-task beta),0.9999999999999999,20,6
127,Raw (no calibration),0.6523809523809524,20,6
127,Random control,-0.08571428571428573,20,6
127,Per-language norm.,0.6523809523809524,20,6
127,Backbone-only norm.,0.014285714285714287,20,6
127,Z-score,0.08571428571428572,20,6
127,Quantile normalization,-0.10345245666046907,20,6
127,ComBat-EB,0.6523809523809524,20,6
127,Dawid-Skene EM,0.20000000000000004,20,6
127,Ensemble,0.009843414021539485,20,6
127,CBC,0.9238095238095235,20,6
127,CBC-Weighted,0.9238095238095235,20,6
127,Oracle (eval-task beta),0.9999999999999999,20,6
128,Raw (no calibration),0.6666666666666666,22,6
128,Random control,-0.004761904761904757,22,6
128,Per-language norm.,0.6666666666666666,22,6
128,Backbone-only norm.,-0.023809523809523808,22,6
128,Z-score,0.3095238095238095,22,6
128,Quantile normalization,-0.10413883784188492,22,6
128,ComBat-EB,0.6666666666666666,22,6
128,Dawid-Skene EM,0.6022292508680184,22,6
128,Ensemble,-0.03436547381470824,22,6
128,CBC,0.9666666666666666,22,6
128,CBC-Weighted,0.9666666666666666,22,6
128,Oracle (eval-task beta),0.9999999999999999,22,6
129,Raw (no calibration),0.6047619047619047,21,6
129,Random control,0.1285714285714286,21,6
129,Per-language norm.,0.6047619047619047,21,6
129,Backbone-only norm.,-0.08095238095238097,21,6
129,Z-score,0.13333333333333336,21,6
129,Quantile normalization,-0.10056756612421806,21,6
129,ComBat-EB,0.6047619047619047,21,6
129,Dawid-Skene EM,0.4865756220894749,21,6
129,Ensemble,-0.06502379419619267,21,6
129,CBC,0.9095238095238093,21,6
129,CBC-Weighted,0.9095238095238093,21,6
129,Oracle (eval-task beta),0.9999999999999999,21,6
130,Raw (no calibration),0.680952380952381,22,6
130,Random control,0.03809523809523809,22,6
130,Per-language norm.,0.680952380952381,22,6
130,Backbone-only norm.,0.07142857142857142,22,6
130,Z-score,0.1952380952380952,22,6
130,Quantile normalization,-0.09941450884785243,22,6
130,ComBat-EB,0.6476190476190476,22,6
130,Dawid-Skene EM,0.7566060246227577,22,6
130,Ensemble,-0.053899832307740723,22,6
130,CBC,0.9333333333333333,22,6
130,CBC-Weighted,0.9333333333333333,22,6
130,Oracle (eval-task beta),0.9999999999999999,22,6
131,Raw (no calibration),0.6095238095238094,19,6
131,Random control,0.004761904761904767,19,6
131,Per-language norm.,0.6095238095238094,19,6
131,Backbone-only norm.,0.06190476190476189,19,6
131,Z-score,0.009523809523809528,19,6
131,Quantile normalization,-0.07170939410370926,19,6
131,ComBat-EB,0.6095238095238094,19,6
131,Dawid-Skene EM,0.716630414212286,19,6
131,Ensemble,-0.03809523809523809,19,6
131,CBC,0.7952380952380952,19,6
131,CBC-Weighted,0.7952380952380952,19,6
131,Oracle (eval-task beta),0.9999999999999999,19,6
132,Raw (no calibration),0.6047619047619047,21,6
132,Random control,-0.02380952380952379,21,6
132,Per-language norm.,0.6047619047619047,21,6
132,Backbone-only norm.,-0.014285714285714287,21,6
132,Z-score,-0.08095238095238091,21,6
132,Quantile normalization,-0.09066712772100684,21,6
132,ComBat-EB,0.6047619047619047,21,6
132,Dawid-Skene EM,0.8628679329364746,21,6
132,Ensemble,-0.09828758740978152,21,6
132,CBC,0.9238095238095237,21,6
132,CBC-Weighted,0.9238095238095237,21,6
132,Oracle (eval-task beta),0.9999999999999999,21,6
133,Raw (no calibration),0.6285714285714287,21,6
133,Random control,0.004761904761904765,21,6
133,Per-language norm.,0.6285714285714287,21,6
133,Backbone-only norm.,0.028571428571428564,21,6
133,Z-score,0.13333333333333333,21,6
133,Quantile normalization,-0.09664125038119716,21,6
133,ComBat-EB,0.6285714285714287,21,6
133,Dawid-Skene EM,0.15846055842145712,21,6
133,Ensemble,0.07921943680547065,21,6
133,CBC,0.9428571428571428,21,6
133,CBC-Weighted,0.9428571428571428,21,6
133,Oracle (eval-task beta),0.9999999999999999,21,6
134,Raw (no calibration),0.6571428571428571,21,6
134,Random control,0.019047619047619053,21,6
134,Per-language norm.,0.6571428571428571,21,6
134,Backbone-only norm.,-0.03333333333333333,21,6
134,Z-score,0.052380952380952396,21,6
134,Quantile normalization,-0.1181926442814024,21,6
134,ComBat-EB,0.6571428571428571,21,6
134,Dawid-Skene EM,0.9272445692856943,21,6
134,Ensemble,0.004387532982817987,21,6
134,CBC,0.9666666666666666,21,6
134,CBC-Weighted,0.9666666666666666,21,6
134,Oracle (eval-task beta),0.9999999999999999,21,6
135,Raw (no calibration),0.6904761904761905,18,6
135,Random control,-0.009523809523809516,18,6
135,Per-language norm.,0.6904761904761905,18,6
135,Backbone-only norm.,0.19047619047619044,18,6
135,Z-score,0.457142857142857,18,6
135,Quantile normalization,-0.07416208846524723,18,6
135,ComBat-EB,0.6857142857142857,18,6
135,Dawid-Skene EM,0.22230791721149976,18,6
135,Ensemble,0.1676196140008017,18,6
135,CBC,0.8761904761904761,18,6
135,CBC-Weighted,0.8761904761904761,18,6
135,Oracle (eval-task beta),0.9999999999999999,18,6
136,Raw (no calibration),0.6142857142857141,22,6
136,Random control,0.038095238095238085,22,6
136,Per-language norm.,0.6142857142857141,22,6
136,Backbone-only norm.,0.03333333333333333,22,6
136,Z-score,0.29047619047619044,22,6
136,Quantile normalization,-0.0749923887363606,22,6
136,ComBat-EB,0.6142857142857141,22,6
136,Dawid-Skene EM,0.6150970800281369,22,6
136,Ensemble,-0.05987567789634089,22,6
136,CBC,0.7952380952380952,22,6
136,CBC-Weighted,0.7952380952380952,22,6
136,Oracle (eval-task beta),0.9999999999999999,22,6
137,Raw (no calibration),0.6666666666666666,18,6
137,Random control,0.13333333333333333,18,6
137,Per-language norm.,0.6666666666666666,18,6
137,Backbone-only norm.,0.09999999999999999,18,6
137,Z-score,0.5047619047619046,18,6
137,Quantile normalization,-0.11856432367135451,18,6
137,ComBat-EB,0.6666666666666666,18,6
137,Dawid-Skene EM,0.0,18,6
137,Ensemble,0.04690944471493006,18,6
137,CBC,0.9428571428571428,18,6
137,CBC-Weighted,0.9428571428571428,18,6
137,Oracle (eval-task beta),0.9999999999999999,18,6
138,Raw (no calibration),0.6571428571428571,23,6
138,Random control,-0.014285714285714289,23,6
138,Per-language norm.,0.6571428571428571,23,6
138,Backbone-only norm.,0.14285714285714285,23,6
138,Z-score,0.5619047619047618,23,6
138,Quantile normalization,-0.1070646393767375,23,6
138,ComBat-EB,0.6571428571428571,23,6
138,Dawid-Skene EM,0.7590243887083169,23,6
138,Ensemble,0.0887256478521158,23,6
138,CBC,0.8761904761904761,23,6
138,CBC-Weighted,0.8761904761904761,23,6
138,Oracle (eval-task beta),0.9999999999999999,23,6
139,Raw (no calibration),0.6714285714285715,23,6
139,Random control,-0.08095238095238096,23,6
139,Per-language norm.,0.6714285714285715,23,6
139,Backbone-only norm.,0.10476190476190476,23,6
139,Z-score,0.6380952380952382,23,6
139,Quantile normalization,-0.08743001419618476,23,6
139,ComBat-EB,0.6714285714285715,23,6
139,Dawid-Skene EM,0.6022292508680184,23,6
139,Ensemble,0.14774218637382006,23,6
139,CBC,0.9666666666666666,23,6
139,CBC-Weighted,0.9666666666666666,23,6
139,Oracle (eval-task beta),0.9999999999999999,23,6
140,Raw (no calibration),0.6285714285714284,22,6
140,Random control,0.07619047619047618,22,6
140,Per-language norm.,0.6285714285714284,22,6
140,Backbone-only norm.,-0.038095238095238085,22,6
140,Z-score,0.11904761904761904,22,6
140,Quantile normalization,-0.10154346283313671,22,6
140,ComBat-EB,0.6285714285714284,22,6
140,Dawid-Skene EM,1.0,22,6
140,Ensemble,-0.0063071824044397306,22,6
140,CBC,0.8952380952380953,22,6
140,CBC-Weighted,0.8952380952380953,22,6
140,Oracle (eval-task beta),0.9999999999999999,22,6
141,Raw (no calibration),0.6571428571428571,22,6
141,Random control,0.05238095238095236,22,6
141,Per-language norm.,0.6571428571428571,22,6
141,Backbone-only norm.,-0.09047619047619049,22,6
141,Z-score,0.2523809523809523,22,6
141,Quantile normalization,-0.09427089861836468,22,6
141,ComBat-EB,0.6571428571428571,22,6
141,Dawid-Skene EM,0.6396724879797583,22,6
141,Ensemble,-0.06782781206186883,22,6
141,CBC,0.9666666666666666,22,6
141,CBC-Weighted,0.9666666666666666,22,6
141,Oracle (eval-task beta),0.9999999999999999,22,6
142,Raw (no calibration),0.6904761904761905,16,6
142,Random control,0.028571428571428574,16,6
142,Per-language norm.,0.6904761904761905,16,6
142,Backbone-only norm.,-0.02857142857142857,16,6
142,Z-score,0.08095238095238096,16,6
142,Quantile normalization,-0.12162815787584799,16,6
142,ComBat-EB,0.6904761904761905,16,6
142,Dawid-Skene EM,0.39999999999999997,16,6
142,Ensemble,-0.04011325216563582,16,6
142,CBC,0.8619047619047618,16,6
142,CBC-Weighted,0.8619047619047618,16,6
142,Oracle (eval-task beta),0.9999999999999999,16,6
143,Raw (no calibration),0.6428571428571429,24,6
143,Random control,0.023809523809523805,24,6
143,Per-language norm.,0.6428571428571429,24,6
143,Backbone-only norm.,0.0476190476190476,24,6
143,Z-score,0.15238095238095237,24,6
143,Quantile normalization,-0.10742676677037062,24,6
143,ComBat-EB,0.6428571428571429,24,6
143,Dawid-Skene EM,0.6510243287560716,24,6
143,Ensemble,-0.032110593268055744,24,6
143,CBC,0.8999999999999998,24,6
143,CBC-Weighted,0.8999999999999998,24,6
143,Oracle (eval-task beta),0.9999999999999999,24,6
144,Raw (no calibration),0.6285714285714287,20,6
144,Random control,-0.04285714285714286,20,6
144,Per-language norm.,0.6285714285714287,20,6
144,Backbone-only norm.,-0.028571428571428564,20,6
144,Z-score,0.3095238095238095,20,6
144,Quantile normalization,-0.10560625620016215,20,6
144,ComBat-EB,0.6285714285714287,20,6
144,Dawid-Skene EM,0.6288435150088423,20,6
144,Ensemble,-0.05728359437479401,20,6
144,CBC,0.9285714285714286,20,6
144,CBC-Weighted,0.9285714285714286,20,6
144,Oracle (eval-task beta),0.9999999999999999,20,6
145,Raw (no calibration),0.619047619047619,23,6
145,Random control,0.08571428571428573,23,6
145,Per-language norm.,0.619047619047619,23,6
145,Backbone-only norm.,-0.07142857142857142,23,6
145,Z-score,0.028571428571428574,23,6
145,Quantile normalization,-0.11252322832248055,23,6
145,ComBat-EB,0.619047619047619,23,6
145,Dawid-Skene EM,0.33994298198410694,23,6
145,Ensemble,-0.023867294750482913,23,6
145,CBC,0.9428571428571428,23,6
145,CBC-Weighted,0.9428571428571428,23,6
145,Oracle (eval-task beta),0.9999999999999999,23,6
146,Raw (no calibration),0.6238095238095236,20,6
146,Random control,-0.07142857142857142,20,6
146,Per-language norm.,0.6238095238095236,20,6
146,Backbone-only norm.,3.96508223080413e-18,20,6
146,Z-score,0.019047619047619035,20,6
146,Quantile normalization,-0.11822753071846766,20,6
146,ComBat-EB,0.6238095238095236,20,6
146,Dawid-Skene EM,0.4835624527360996,20,6
146,Ensemble,-0.05714285714285715,20,6
146,CBC,0.8380952380952381,20,6
146,CBC-Weighted,0.8380952380952381,20,6
146,Oracle (eval-task beta),0.9999999999999999,20,6
147,Raw (no calibration),0.6095238095238094,21,6
147,Random control,0.07619047619047618,21,6
147,Per-language norm.,0.6095238095238094,21,6
147,Backbone-only norm.,0.07619047619047618,21,6
147,Z-score,0.3095238095238094,21,6
147,Quantile normalization,-0.09932577622568559,21,6
147,ComBat-EB,0.6095238095238094,21,6
147,Dawid-Skene EM,1.0,21,6
147,Ensemble,0.05696692295659146,21,6
147,CBC,0.8952380952380953,21,6
147,CBC-Weighted,0.8952380952380953,21,6
147,Oracle (eval-task beta),0.9999999999999999,21,6
148,Raw (no calibration),0.6571428571428571,21,6
148,Random control,0.042857142857142864,21,6
148,Per-language norm.,0.6571428571428571,21,6
148,Backbone-only norm.,0.07619047619047618,21,6
148,Z-score,0.07619047619047617,21,6
148,Quantile normalization,-0.09703072095273262,21,6
148,ComBat-EB,0.6571428571428571,21,6
148,Dawid-Skene EM,-0.0072729929487107756,21,6
148,Ensemble,-0.04912619522772636,21,6
148,CBC,0.9666666666666666,21,6
148,CBC-Weighted,0.9666666666666666,21,6
148,Oracle (eval-task beta),0.9999999999999999,21,6
149,Raw (no calibration),0.7000000000000001,20,6
149,Random control,0.0857142857142857,20,6
149,Per-language norm.,0.7000000000000001,20,6
149,Backbone-only norm.,0.0857142857142857,20,6
149,Z-score,0.2619047619047619,20,6
149,Quantile normalization,-0.09043494522271468,20,6
149,ComBat-EB,0.7000000000000001,20,6
149,Dawid-Skene EM,0.15846055842145712,20,6
149,Ensemble,0.0899337225197564,20,6
149,CBC,0.9428571428571428,20,6
149,CBC-Weighted,0.9428571428571428,20,6
149,Oracle (eval-task beta),0.9999999999999999,20,6
150,Raw (no calibration),0.6523809523809524,21,6
150,Random control,-0.08095238095238096,21,6
150,Per-language norm.,0.6523809523809524,21,6
150,Backbone-only norm.,0.04285714285714285,21,6
150,Z-score,0.09047619047619045,21,6
150,Quantile normalization,-0.11460752883774482,21,6
150,ComBat-EB,0.6523809523809524,21,6
150,Dawid-Skene EM,0.7590243887083169,21,6
150,Ensemble,-0.009523809523809516,21,6
150,CBC,0.8857142857142856,21,6
150,CBC-Weighted,0.8857142857142856,21,6
150,Oracle (eval-task beta),0.9999999999999999,21,6
151,Raw (no calibration),0.6523809523809524,19,6
151,Random control,0.04285714285714286,19,6
151,Per-language norm.,0.6523809523809524,19,6
151,Backbone-only norm.,-3.96508223080413e-18,19,6
151,Z-score,0.619047619047619,19,6
151,Quantile normalization,-0.08277485824372367,19,6
151,ComBat-EB,0.6523809523809524,19,6
151,Dawid-Skene EM,0.48234119640946915,19,6
151,Ensemble,0.011617421281833363,19,6
151,CBC,0.9285714285714286,19,6
151,CBC-Weighted,0.9285714285714286,19,6
151,Oracle (eval-task beta),0.9999999999999999,19,6
152,Raw (no calibration),0.6,14,6
152,Random control,-0.009523809523809526,14,6
152,Per-language norm.,0.6,14,6
152,Backbone-only norm.,0.04285714285714286,14,6
152,Z-score,0.08095238095238096,14,6
152,Quantile normalization,-0.09416103548132612,14,6
152,ComBat-EB,0.6,14,6
152,Dawid-Skene EM,0.7590243887083169,14,6
152,Ensemble,-0.04047356702566961,14,6
152,CBC,0.8142857142857142,14,6
152,CBC-Weighted,0.8142857142857142,14,6
152,Oracle (eval-task beta),0.9999999999999999,14,6
153,Raw (no calibration),0.6428571428571429,23,6
153,Random control,0.028571428571428557,23,6
153,Per-language norm.,0.6428571428571429,23,6
153,Backbone-only norm.,0.05238095238095238,23,6
153,Z-score,0.10952380952380954,23,6
153,Quantile normalization,-0.09711396176125099,23,6
153,ComBat-EB,0.6428571428571429,23,6
153,Dawid-Skene EM,0.6150970800281369,23,6
153,Ensemble,-0.03605735484823488,23,6
153,CBC,0.9333333333333333,23,6
153,CBC-Weighted,0.9333333333333333,23,6
153,Oracle (eval-task beta),0.9999999999999999,23,6
154,Raw (no calibration),0.6142857142857141,20,6
154,Random control,0.08095238095238093,20,6
154,Per-language norm.,0.6142857142857141,20,6
154,Backbone-only norm.,0.17142857142857143,20,6
154,Z-score,0.4095238095238095,20,6
154,Quantile normalization,-0.09058305244918986,20,6
154,ComBat-EB,0.6142857142857141,20,6
154,Dawid-Skene EM,0.21086113025183686,20,6
154,Ensemble,0.05098814428846391,20,6
154,CBC,0.8428571428571429,20,6
154,CBC-Weighted,0.8428571428571429,20,6
154,Oracle (eval-task beta),0.9999999999999999,20,6
155,Raw (no calibration),0.6666666666666667,19,6
155,Random control,-0.05238095238095237,19,6
155,Per-language norm.,0.6666666666666667,19,6
155,Backbone-only norm.,0.04285714285714286,19,6
155,Z-score,0.14285714285714285,19,6
155,Quantile normalization,-0.11865468980515452,19,6
155,ComBat-EB,0.6666666666666667,19,6
155,Dawid-Skene EM,-0.19999999999999998,19,6
155,Ensemble,0.05646551811354099,19,6
155,CBC,0.9095238095238096,19,6
155,CBC-Weighted,0.9095238095238096,19,6
155,Oracle (eval-task beta),0.9999999999999999,19,6
156,Raw (no calibration),0.6476190476190476,21,6
156,Random control,0.06666666666666667,21,6
156,Per-language norm.,0.6476190476190476,21,6
156,Backbone-only norm.,0.2,21,6
156,Z-score,0.29047619047619044,21,6
156,Quantile normalization,-0.12095360838344124,21,6
156,ComBat-EB,0.6476190476190476,21,6
156,Dawid-Skene EM,0.39999999999999997,21,6
156,Ensemble,0.09999999999999996,21,6
156,CBC,0.9666666666666666,21,6
156,CBC-Weighted,0.9666666666666666,21,6
156,Oracle (eval-task beta),0.9999999999999999,21,6
157,Raw (no calibration),0.6428571428571429,19,6
157,Random control,0.038095238095238106,19,6
157,Per-language norm.,0.6428571428571429,19,6
157,Backbone-only norm.,0.014285714285714273,19,6
157,Z-score,-0.00952380952380952,19,6
157,Quantile normalization,-0.09838439197783531,19,6
157,ComBat-EB,0.6428571428571429,19,6
157,Dawid-Skene EM,0.7590243887083169,19,6
157,Ensemble,-0.06488149043969882,19,6
157,CBC,0.9238095238095237,19,6
157,CBC-Weighted,0.9238095238095237,19,6
157,Oracle (eval-task beta),0.9999999999999999,19,6
158,Raw (no calibration),0.6285714285714287,21,6
158,Random control,-0.0619047619047619,21,6
158,Per-language norm.,0.6285714285714287,21,6
158,Backbone-only norm.,0.19523809523809524,21,6
158,Z-score,0.22857142857142856,21,6
158,Quantile normalization,-0.0968221475074944,21,6
158,ComBat-EB,0.6285714285714287,21,6
158,Dawid-Skene EM,0.5979140363022555,21,6
158,Ensemble,-0.05727772821573921,21,6
158,CBC,0.8095238095238094,21,6
158,CBC-Weighted,0.8095238095238094,21,6
158,Oracle (eval-task beta),0.9999999999999999,21,6
159,Raw (no calibration),0.680952380952381,19,6
159,Random control,0.09047619047619047,19,6
159,Per-language norm.,0.680952380952381,19,6
159,Backbone-only norm.,0.3904761904761904,19,6
159,Z-score,0.4333333333333334,19,6
159,Quantile normalization,-0.10468791058733863,19,6
159,ComBat-EB,0.6952380952380953,19,6
159,Dawid-Skene EM,0.471191601082491,19,6
159,Ensemble,0.17970617625088411,19,6
159,CBC,0.895238095238095,19,6
159,CBC-Weighted,0.895238095238095,19,6
159,Oracle (eval-task beta),0.9999999999999999,19,6
160,Raw (no calibration),0.6666666666666667,22,6
160,Random control,0.05714285714285715,22,6
160,Per-language norm.,0.6666666666666667,22,6
160,Backbone-only norm.,0.023809523809523805,22,6
160,Z-score,0.15238095238095237,22,6
160,Quantile normalization,-0.10545143383208315,22,6
160,ComBat-EB,0.6666666666666667,22,6
160,Dawid-Skene EM,0.4835624527360996,22,6
160,Ensemble,-0.021428571428571425,22,6
160,CBC,0.8523809523809524,22,6
160,CBC-Weighted,0.8523809523809524,22,6
160,Oracle (eval-task beta),0.9999999999999999,22,6
161,Raw (no calibration),0.7047619047619047,21,6
161,Random control,-0.06666666666666665,21,6
161,Per-language norm.,0.7047619047619047,21,6
161,Backbone-only norm.,0.2095238095238095,21,6
161,Z-score,0.39047619047619037,21,6
161,Quantile normalization,-0.10341303992839748,21,6
161,ComBat-EB,0.7047619047619047,21,6
161,Dawid-Skene EM,0.08191865017382634,21,6
161,Ensemble,0.037962552166664665,21,6
161,CBC,0.9428571428571428,21,6
161,CBC-Weighted,0.9428571428571428,21,6
161,Oracle (eval-task beta),0.9999999999999999,21,6
162,Raw (no calibration),0.7571428571428571,19,6
162,Random control,0.09523809523809523,19,6
162,Per-language norm.,0.7571428571428571,19,6
162,Backbone-only norm.,0.1571428571428572,19,6
162,Z-score,0.19999999999999996,19,6
162,Quantile normalization,-0.10125975948983068,19,6
162,ComBat-EB,0.7571428571428571,19,6
162,Dawid-Skene EM,0.029686624579641725,19,6
162,Ensemble,0.08108725202526301,19,6
162,CBC,0.9238095238095237,19,6
162,CBC-Weighted,0.9238095238095237,19,6
162,Oracle (eval-task beta),0.9999999999999999,19,6
163,Raw (no calibration),0.6666666666666666,18,6
163,Random control,-0.06666666666666667,18,6
163,Per-language norm.,0.6666666666666666,18,6
163,Backbone-only norm.,-0.028571428571428564,18,6
163,Z-score,0.11904761904761904,18,6
163,Quantile normalization,-0.09481350508698091,18,6
163,ComBat-EB,0.6666666666666666,18,6
163,Dawid-Skene EM,0.2824045318333193,18,6
163,Ensemble,-0.014957187155975606,18,6
163,CBC,0.8380952380952381,18,6
163,CBC-Weighted,0.8380952380952381,18,6
163,Oracle (eval-task beta),0.9999999999999999,18,6
164,Raw (no calibration),0.6238095238095236,22,6
164,Random control,-0.01428571428571428,22,6
164,Per-language norm.,0.6238095238095236,22,6
164,Backbone-only norm.,0.30476190476190473,22,6
164,Z-score,0.43333333333333324,22,6
164,Quantile normalization,-0.07975182626061773,22,6
164,ComBat-EB,0.6238095238095236,22,6
164,Dawid-Skene EM,0.4222095290645062,22,6
164,Ensemble,0.1322894605338488,22,6
164,CBC,0.8619047619047618,22,6
164,CBC-Weighted,0.8619047619047618,22,6
164,Oracle (eval-task beta),0.9999999999999999,22,6
165,Raw (no calibration),0.6428571428571429,22,6
165,Random control,0.14761904761904762,22,6
165,Per-language norm.,0.6428571428571429,22,6
165,Backbone-only norm.,0.004761904761904767,22,6
165,Z-score,0.5428571428571428,22,6
165,Quantile normalization,-0.10224765826415336,22,6
165,ComBat-EB,0.6428571428571429,22,6
165,Dawid-Skene EM,0.3800678080952247,22,6
165,Ensemble,0.01542632013088338,22,6
165,CBC,0.8714285714285713,22,6
165,CBC-Weighted,0.8714285714285713,22,6
165,Oracle (eval-task beta),0.9999999999999999,22,6
166,Raw (no calibration),0.6904761904761905,18,6
166,Random control,0.0476190476190476,18,6
166,Per-language norm.,0.6904761904761905,18,6
166,Backbone-only norm.,0.06190476190476191,18,6
166,Z-score,0.30476190476190473,18,6
166,Quantile normalization,-0.09339521824904373,18,6
166,ComBat-EB,0.6904761904761905,18,6
166,Dawid-Skene EM,0.21302258260369342,18,6
166,Ensemble,0.05969094447149299,18,6
166,CBC,0.819047619047619,18,6
166,CBC-Weighted,0.819047619047619,18,6
166,Oracle (eval-task beta),0.9999999999999999,18,6
167,Raw (no calibration),0.6142857142857141,21,6
167,Random control,-0.028571428571428574,21,6
167,Per-language norm.,0.6142857142857141,21,6
167,Backbone-only norm.,-0.06190476190476189,21,6
167,Z-score,0.052380952380952396,21,6
167,Quantile normalization,-0.10019804924375651,21,6
167,ComBat-EB,0.6142857142857141,21,6
167,Dawid-Skene EM,0.21302258260369342,21,6
167,Ensemble,-0.05730119285195841,21,6
167,CBC,0.9666666666666666,21,6
167,CBC-Weighted,0.9666666666666666,21,6
167,Oracle (eval-task beta),0.9999999999999999,21,6
168,Raw (no calibration),0.7523809523809524,21,6
168,Random control,0.06666666666666667,21,6
168,Per-language norm.,0.7523809523809524,21,6
168,Backbone-only norm.,0.19523809523809527,21,6
168,Z-score,0.12857142857142856,21,6
168,Quantile normalization,-0.10407245641676914,21,6
168,ComBat-EB,0.7523809523809524,21,6
168,Dawid-Skene EM,0.12249166782475973,21,6
168,Ensemble,0.06461998418108125,21,6
168,CBC,0.8619047619047618,21,6
168,CBC-Weighted,0.8619047619047618,21,6
168,Oracle (eval-task beta),0.9999999999999999,21,6
169,Raw (no calibration),0.6666666666666666,19,6
169,Random control,-0.07142857142857141,19,6
169,Per-language norm.,0.6666666666666666,19,6
169,Backbone-only norm.,0.019047619047619046,19,6
169,Z-score,0.1476190476190476,19,6
169,Quantile normalization,-0.09841826838394911,19,6
169,ComBat-EB,0.6666666666666666,19,6
169,Dawid-Skene EM,0.21313576957141125,19,6
169,Ensemble,0.003547963935209348,19,6
169,CBC,0.9666666666666666,19,6
169,CBC-Weighted,0.9666666666666666,19,6
169,Oracle (eval-task beta),0.9999999999999999,19,6
170,Raw (no calibration),0.619047619047619,20,6
170,Random control,-0.033333333333333326,20,6
170,Per-language norm.,0.619047619047619,20,6
170,Backbone-only norm.,-0.061904761904761886,20,6
170,Z-score,0.05714285714285715,20,6
170,Quantile normalization,-0.09581093105534323,20,6
170,ComBat-EB,0.619047619047619,20,6
170,Dawid-Skene EM,0.6150970800281369,20,6
170,Ensemble,-0.039350105916169754,20,6
170,CBC,0.9238095238095239,20,6
170,CBC-Weighted,0.9238095238095239,20,6
170,Oracle (eval-task beta),0.9999999999999999,20,6
171,Raw (no calibration),0.6523809523809525,18,6
171,Random control,-0.02857142857142857,18,6
171,Per-language norm.,0.6523809523809525,18,6
171,Backbone-only norm.,-0.009523809523809533,18,6
171,Z-score,-0.033333333333333326,18,6
171,Quantile normalization,-0.09356461915956836,18,6
171,ComBat-EB,0.6857142857142858,18,6
171,Dawid-Skene EM,0.6396724879797583,18,6
171,Ensemble,-0.06270910236577505,18,6
171,CBC,0.9333333333333333,18,6
171,CBC-Weighted,0.9333333333333333,18,6
171,Oracle (eval-task beta),0.9999999999999999,18,6
172,Raw (no calibration),0.7366349691736194,19,6
172,Random control,0.0413118652146079,19,6
172,Per-language norm.,0.7366349691736194,19,6
172,Backbone-only norm.,0.06190476190476191,19,6
172,Z-score,0.4714285714285714,19,6
172,Quantile normalization,-0.10491210956098684,19,6
172,ComBat-EB,0.738095238095238,19,6
172,Dawid-Skene EM,0.21313576957141125,19,6
172,Ensemble,0.04875067763519264,19,6
172,CBC,0.8904761904761903,19,6
172,CBC-Weighted,0.8904761904761903,19,6
172,Oracle (eval-task beta),0.9999999999999999,19,6
173,Raw (no calibration),0.6523809523809524,25,6
173,Random control,-0.038095238095238085,25,6
173,Per-language norm.,0.6523809523809524,25,6
173,Backbone-only norm.,0.004761904761904767,25,6
173,Z-score,0.019047619047619046,25,6
173,Quantile normalization,-0.10380305520123141,25,6
173,ComBat-EB,0.6523809523809524,25,6
173,Dawid-Skene EM,0.7182539682539684,25,6
173,Ensemble,-0.022097111219305365,25,6
173,CBC,0.8904761904761903,25,6
173,CBC-Weighted,0.8904761904761903,25,6
173,Oracle (eval-task beta),0.9999999999999999,25,6
174,Raw (no calibration),0.7238095238095238,23,6
174,Random control,-0.04285714285714285,23,6
174,Per-language norm.,0.7238095238095238,23,6
174,Backbone-only norm.,0.1571428571428571,23,6
174,Z-score,0.5428571428571428,23,6
174,Quantile normalization,-0.09655798176363792,23,6
174,ComBat-EB,0.7238095238095238,23,6
174,Dawid-Skene EM,0.08191865017382634,23,6
174,Ensemble,0.13483461478295727,23,6
174,CBC,0.8619047619047618,23,6
174,CBC-Weighted,0.8619047619047618,23,6
174,Oracle (eval-task beta),0.9999999999999999,23,6
175,Raw (no calibration),0.6666666666666667,24,6
175,Random control,-0.009523809523809513,24,6
175,Per-language norm.,0.6666666666666667,24,6
175,Backbone-only norm.,0.03333333333333334,24,6
175,Z-score,0.20952380952380947,24,6
175,Quantile normalization,-0.09613883349468355,24,6
175,ComBat-EB,0.6666666666666667,24,6
175,Dawid-Skene EM,1.0,24,6
175,Ensemble,-0.026879547537901925,24,6
175,CBC,0.9428571428571428,24,6
175,CBC-Weighted,0.9428571428571428,24,6
175,Oracle (eval-task beta),0.9999999999999999,24,6
176,Raw (no calibration),0.6428571428571429,21,6
176,Random control,-0.09999999999999999,21,6
176,Per-language norm.,0.6428571428571429,21,6
176,Backbone-only norm.,0.009523809523809532,21,6
176,Z-score,0.014285714285714292,21,6
176,Quantile normalization,-0.12149429739463387,21,6
176,ComBat-EB,0.6428571428571429,21,6
176,Dawid-Skene EM,0.7590243887083169,21,6
176,Ensemble,-0.07666548331778003,21,6
176,CBC,0.9333333333333333,21,6
176,CBC-Weighted,0.9333333333333333,21,6
176,Oracle (eval-task beta),0.9999999999999999,21,6
177,Raw (no calibration),0.6619047619047619,20,6
177,Random control,-0.08571428571428573,20,6
177,Per-language norm.,0.6619047619047619,20,6
177,Backbone-only norm.,0.2857142857142857,20,6
177,Z-score,0.5428571428571428,20,6
177,Quantile normalization,-0.09464351492687319,20,6
177,ComBat-EB,0.6666666666666666,20,6
177,Dawid-Skene EM,0.27397106785910846,20,6
177,Ensemble,0.29854559723743607,20,6
177,CBC,0.8333333333333333,20,6
177,CBC-Weighted,0.8333333333333333,20,6
177,Oracle (eval-task beta),0.9999999999999999,20,6
178,Raw (no calibration),0.6142857142857142,16,6
178,Random control,-0.028571428571428574,16,6
178,Per-language norm.,0.6142857142857142,16,6
178,Backbone-only norm.,0.06666666666666668,16,6
178,Z-score,0.08095238095238096,16,6
178,Quantile normalization,-0.10475056479043221,16,6
178,ComBat-EB,0.6142857142857142,16,6
178,Dawid-Skene EM,0.28369760344246286,16,6
178,Ensemble,-0.022803781043895514,16,6
178,CBC,0.895238095238095,16,6
178,CBC-Weighted,0.895238095238095,16,6
178,Oracle (eval-task beta),0.9999999999999999,16,6
179,Raw (no calibration),0.7238095238095238,20,6
179,Random control,-0.014285714285714285,20,6
179,Per-language norm.,0.7238095238095238,20,6
179,Backbone-only norm.,0.13333333333333333,20,6
179,Z-score,0.39999999999999997,20,6
179,Quantile normalization,-0.10648913081516591,20,6
179,ComBat-EB,0.7238095238095238,20,6
179,Dawid-Skene EM,0.12249166782475973,20,6
179,Ensemble,0.07873856351911204,20,6
179,CBC,0.9333333333333333,20,6
179,CBC-Weighted,0.9333333333333333,20,6
179,Oracle (eval-task beta),0.9999999999999999,20,6
180,Raw (no calibration),0.6428571428571429,20,6
180,Random control,-0.0857142857142857,20,6
180,Per-language norm.,0.6428571428571429,20,6
180,Backbone-only norm.,0.014285714285714282,20,6
180,Z-score,0.02380952380952382,20,6
180,Quantile normalization,-0.09518588983317913,20,6
180,ComBat-EB,0.6428571428571429,20,6
180,Dawid-Skene EM,0.7590243887083169,20,6
180,Ensemble,0.013408976433913254,20,6
180,CBC,0.8523809523809524,20,6
180,CBC-Weighted,0.8523809523809524,20,6
180,Oracle (eval-task beta),0.9999999999999999,20,6
181,Raw (no calibration),0.6428571428571429,16,6
181,Random control,0.07142857142857142,16,6
181,Per-language norm.,0.6428571428571429,16,6
181,Backbone-only norm.,0.19047619047619047,16,6
181,Z-score,0.519047619047619,16,6
181,Quantile normalization,-0.10661596715171205,16,6
181,ComBat-EB,0.6428571428571429,16,6
181,Dawid-Skene EM,0.49428412872388755,16,6
181,Ensemble,-0.10471790856899373,16,6
181,CBC,0.9238095238095239,16,6
181,CBC-Weighted,0.9238095238095239,16,6
181,Oracle (eval-task beta),0.9999999999999999,16,6
182,Raw (no calibration),0.6238095238095236,21,6
182,Random control,-0.08571428571428573,21,6
182,Per-language norm.,0.6238095238095236,21,6
182,Backbone-only norm.,0.20476190476190473,21,6
182,Z-score,0.3857142857142857,21,6
182,Quantile normalization,-0.10831134418741759,21,6
182,ComBat-EB,0.6238095238095236,21,6
182,Dawid-Skene EM,0.6150970800281369,21,6
182,Ensemble,0.08792810314755461,21,6
182,CBC,0.8904761904761903,21,6
182,CBC-Weighted,0.8904761904761903,21,6
182,Oracle (eval-task beta),0.9999999999999999,21,6
183,Raw (no calibration),0.6285714285714287,21,6
183,Random control,0.009523809523809533,21,6
183,Per-language norm.,0.6285714285714287,21,6
183,Backbone-only norm.,0.10952380952380954,21,6
183,Z-score,0.3238095238095238,21,6
183,Quantile normalization,-0.10738280743852589,21,6
183,ComBat-EB,0.6285714285714287,21,6
183,Dawid-Skene EM,0.4222095290645062,21,6
183,Ensemble,0.10709886094994613,21,6
183,CBC,0.7952380952380952,21,6
183,CBC-Weighted,0.7952380952380952,21,6
183,Oracle (eval-task beta),0.9999999999999999,21,6
184,Raw (no calibration),0.6285714285714284,19,6
184,Random control,-0.05238095238095238,19,6
184,Per-language norm.,0.6285714285714284,19,6
184,Backbone-only norm.,0.12380952380952379,19,6
184,Z-score,0.14285714285714285,19,6
184,Quantile normalization,-0.10818872160114838,19,6
184,ComBat-EB,0.6285714285714284,19,6
184,Dawid-Skene EM,0.716630414212286,19,6
184,Ensemble,0.011916494222871514,19,6
184,CBC,0.8142857142857142,19,6
184,CBC-Weighted,0.8142857142857142,19,6
184,Oracle (eval-task beta),0.9999999999999999,19,6
185,Raw (no calibration),0.6523809523809524,17,6
185,Random control,-0.06666666666666665,17,6
185,Per-language norm.,0.6523809523809524,17,6
185,Backbone-only norm.,0.12380952380952383,17,6
185,Z-score,0.24285714285714285,17,6
185,Quantile normalization,-0.09123993688725154,17,6
185,ComBat-EB,0.6523809523809524,17,6
185,Dawid-Skene EM,-0.19999999999999998,17,6
185,Ensemble,0.09875086221897576,17,6
185,CBC,0.8714285714285713,17,6
185,CBC-Weighted,0.8714285714285713,17,6
185,Oracle (eval-task beta),0.9999999999999999,17,6
186,Raw (no calibration),0.6666666666666666,21,6
186,Random control,-0.038095238095238085,21,6
186,Per-language norm.,0.6666666666666666,21,6
186,Backbone-only norm.,0.1238095238095238,21,6
186,Z-score,0.619047619047619,21,6
186,Quantile normalization,-0.07434443235476784,21,6
186,ComBat-EB,0.6666666666666666,21,6
186,Dawid-Skene EM,0.48234119640946915,21,6
186,Ensemble,0.13299026419938415,21,6
186,CBC,0.8714285714285713,21,6
186,CBC-Weighted,0.8714285714285713,21,6
186,Oracle (eval-task beta),0.9999999999999999,21,6
187,Raw (no calibration),0.6571428571428571,21,6
187,Random control,0.019047619047619042,21,6
187,Per-language norm.,0.6571428571428571,21,6
187,Backbone-only norm.,3.96508223080413e-18,21,6
187,Z-score,0.16666666666666669,21,6
187,Quantile normalization,-0.09521738831413389,21,6
187,ComBat-EB,0.6571428571428571,21,6
187,Dawid-Skene EM,0.6039582022654726,21,6
187,Ensemble,-0.050438344234165135,21,6
187,CBC,0.9333333333333332,21,6
187,CBC-Weighted,0.9333333333333332,21,6
187,Oracle (eval-task beta),0.9999999999999999,21,6
188,Raw (no calibration),0.6571428571428571,18,6
188,Random control,0.2095238095238095,18,6
188,Per-language norm.,0.6571428571428571,18,6
188,Backbone-only norm.,-9.912705577010326e-18,18,6
188,Z-score,0.37619047619047613,18,6
188,Quantile normalization,-0.09654043363149171,18,6
188,ComBat-EB,0.6571428571428571,18,6
188,Dawid-Skene EM,0.9272445692856943,18,6
188,Ensemble,0.08366760322870029,18,6
188,CBC,0.9285714285714286,18,6
188,CBC-Weighted,0.9285714285714286,18,6
188,Oracle (eval-task beta),0.9999999999999999,18,6
189,Raw (no calibration),0.6047619047619047,18,6
189,Random control,0.004761904761904768,18,6
189,Per-language norm.,0.6047619047619047,18,6
189,Backbone-only norm.,-0.03809523809523812,18,6
189,Z-score,0.07619047619047618,18,6
189,Quantile normalization,-0.0779297444961841,18,6
189,ComBat-EB,0.6047619047619047,18,6
189,Dawid-Skene EM,1.0,18,6
189,Ensemble,-0.03760263249076986,18,6
189,CBC,0.9428571428571428,18,6
189,CBC-Weighted,0.9428571428571428,18,6
189,Oracle (eval-task beta),0.9999999999999999,18,6
190,Raw (no calibration),0.6523809523809524,19,6
190,Random control,-0.009523809523809523,19,6
190,Per-language norm.,0.6523809523809524,19,6
190,Backbone-only norm.,-0.014285714285714287,19,6
190,Z-score,0.04285714285714285,19,6
190,Quantile normalization,-0.07349226870004165,19,6
190,ComBat-EB,0.6523809523809524,19,6
190,Dawid-Skene EM,0.0,19,6
190,Ensemble,-0.053380828987525865,19,6
190,CBC,0.9285714285714285,19,6
190,CBC-Weighted,0.9285714285714285,19,6
190,Oracle (eval-task beta),0.9999999999999999,19,6
191,Raw (no calibration),0.6428571428571429,18,6
191,Random control,-0.009523809523809521,18,6
191,Per-language norm.,0.6428571428571429,18,6
191,Backbone-only norm.,-0.028571428571428574,18,6
191,Z-score,1.1895246692412391e-17,18,6
191,Quantile normalization,-0.1084455209244496,18,6
191,ComBat-EB,0.619047619047619,18,6
191,Dawid-Skene EM,0.7590243887083169,18,6
191,Ensemble,-0.10523691188920858,18,6
191,CBC,0.8523809523809524,18,6
191,CBC-Weighted,0.8523809523809524,18,6
191,Oracle (eval-task beta),0.9999999999999999,18,6
192,Raw (no calibration),0.680952380952381,22,6
192,Random control,0.03809523809523809,22,6
192,Per-language norm.,0.680952380952381,22,6
192,Backbone-only norm.,-0.04761904761904762,22,6
192,Z-score,0.19047619047619047,22,6
192,Quantile normalization,-0.10756660047110832,22,6
192,ComBat-EB,0.680952380952381,22,6
192,Dawid-Skene EM,0.47440468847296124,22,6
192,Ensemble,0.0006656067112065332,22,6
192,CBC,0.9428571428571428,22,6
192,CBC-Weighted,0.9428571428571428,22,6
192,Oracle (eval-task beta),0.9999999999999999,22,6
193,Raw (no calibration),0.6285714285714287,21,6
193,Random control,0.047619047619047616,21,6
193,Per-language norm.,0.6285714285714287,21,6
193,Backbone-only norm.,0.15714285714285717,21,6
193,Z-score,0.19047619047619047,21,6
193,Quantile normalization,-0.10855149578230548,21,6
193,ComBat-EB,0.6285714285714287,21,6
193,Dawid-Skene EM,0.4370395817310141,21,6
193,Ensemble,0.043349748461611104,21,6
193,CBC,0.8904761904761903,21,6
193,CBC-Weighted,0.8904761904761903,21,6
193,Oracle (eval-task beta),0.9999999999999999,21,6
194,Raw (no calibration),0.6904761904761905,20,6
194,Random control,-0.042857142857142864,20,6
194,Per-language norm.,0.6904761904761905,20,6
194,Backbone-only norm.,0.16666666666666666,20,6
194,Z-score,0.519047619047619,20,6
194,Quantile normalization,-0.09501851922484761,20,6
194,ComBat-EB,0.6904761904761905,20,6
194,Dawid-Skene EM,0.0,20,6
194,Ensemble,0.02857142857142858,20,6
194,CBC,0.9095238095238093,20,6
194,CBC-Weighted,0.9095238095238093,20,6
194,Oracle (eval-task beta),0.9999999999999999,20,6
195,Raw (no calibration),0.680952380952381,21,6
195,Random control,-0.07142857142857141,21,6
195,Per-language norm.,0.680952380952381,21,6
195,Backbone-only norm.,-0.042857142857142864,21,6
195,Z-score,0.10952380952380955,21,6
195,Quantile normalization,-0.08273533846488901,21,6
195,ComBat-EB,0.680952380952381,21,6
195,Dawid-Skene EM,0.28369760344246286,21,6
195,Ensemble,-0.013843147159996494,21,6
195,CBC,0.9666666666666666,21,6
195,CBC-Weighted,0.9666666666666666,21,6
195,Oracle (eval-task beta),0.9999999999999999,21,6
196,Raw (no calibration),0.6142857142857141,20,6
196,Random control,0.038095238095238106,20,6
196,Per-language norm.,0.6142857142857141,20,6
196,Backbone-only norm.,0.06666666666666665,20,6
196,Z-score,0.2809523809523809,20,6
196,Quantile normalization,-0.1068298227356513,20,6
196,ComBat-EB,0.6142857142857141,20,6
196,Dawid-Skene EM,0.05997130828843089,20,6
196,Ensemble,-0.03896024362892952,20,6
196,CBC,0.9000000000000001,20,6
196,CBC-Weighted,0.9000000000000001,20,6
196,Oracle (eval-task beta),0.9999999999999999,20,6
197,Raw (no calibration),0.6571428571428571,20,6
197,Random control,0.14285714285714285,20,6
197,Per-language norm.,0.6571428571428571,20,6
197,Backbone-only norm.,0.1142857142857143,20,6
197,Z-score,0.11904761904761905,20,6
197,Quantile normalization,-0.09878924702097724,20,6
197,ComBat-EB,0.6571428571428571,20,6
197,Dawid-Skene EM,0.4048000751715612,20,6
197,Ensemble,-0.026691881033526647,20,6
197,CBC,0.8285714285714285,20,6
197,CBC-Weighted,0.8285714285714285,20,6
197,Oracle (eval-task beta),0.9999999999999999,20,6
198,Raw (no calibration),0.6428571428571429,21,6
198,Random control,0.009523809523809516,21,6
198,Per-language norm.,0.6428571428571429,21,6
198,Backbone-only norm.,0.2333333333333333,21,6
198,Z-score,0.3476190476190476,21,6
198,Quantile normalization,-0.11164434407463487,21,6
198,ComBat-EB,0.6428571428571429,21,6
198,Dawid-Skene EM,0.7566060246227577,21,6
198,Ensemble,0.053899832307740744,21,6
198,CBC,0.9428571428571428,21,6
198,CBC-Weighted,0.9428571428571428,21,6
198,Oracle (eval-task beta),0.9999999999999999,21,6
199,Raw (no calibration),0.6666666666666666,23,6
199,Random control,-0.08095238095238096,23,6
199,Per-language norm.,0.6666666666666666,23,6
199,Backbone-only norm.,0.3666666666666667,23,6
199,Z-score,0.3238095238095238,23,6
199,Quantile normalization,-0.10668624051889063,23,6
199,ComBat-EB,0.6666666666666666,23,6
199,Dawid-Skene EM,0.35054681598504683,23,6
199,Ensemble,0.2086060085586249,23,6
199,CBC,0.9285714285714286,23,6
199,CBC-Weighted,0.9285714285714286,23,6
199,Oracle (eval-task beta),0.9999999999999999,23,6
200,Raw (no calibration),0.6285714285714287,16,6
200,Random control,0.08571428571428574,16,6
200,Per-language norm.,0.6285714285714287,16,6
200,Backbone-only norm.,-0.038095238095238085,16,6
200,Z-score,0.19047619047619047,16,6
200,Quantile normalization,-0.09935646918955462,16,6
200,ComBat-EB,0.6285714285714287,16,6
200,Dawid-Skene EM,0.18835650198940201,16,6
200,Ensemble,0.004964236663917073,16,6
200,CBC,0.9,16,6
200,CBC-Weighted,0.9,16,6
200,Oracle (eval-task beta),0.9999999999999999,16,6
201,Raw (no calibration),0.6428571428571429,22,6
201,Random control,-0.09999999999999999,22,6
201,Per-language norm.,0.6428571428571429,22,6
201,Backbone-only norm.,-0.03333333333333333,22,6
201,Z-score,0.004761904761904759,22,6
201,Quantile normalization,-0.09464493639574999,22,6
201,ComBat-EB,0.6428571428571429,22,6
201,Dawid-Skene EM,0.4370395817310141,22,6
201,Ensemble,-0.021094301533204463,22,6
201,CBC,0.8428571428571429,22,6
201,CBC-Weighted,0.8428571428571429,22,6
201,Oracle (eval-task beta),0.9999999999999999,22,6
202,Raw (no calibration),0.6380952380952382,20,6
202,Random control,-0.014285714285714289,20,6
202,Per-language norm.,0.6380952380952382,20,6
202,Backbone-only norm.,-0.07619047619047618,20,6
202,Z-score,0.019047619047619042,20,6
202,Quantile normalization,-0.11167906961946471,20,6
202,ComBat-EB,0.6380952380952382,20,6
202,Dawid-Skene EM,0.7270340699023484,20,6
202,Ensemble,-0.08433039735125483,20,6
202,CBC,0.8285714285714284,20,6
202,CBC-Weighted,0.8285714285714284,20,6
202,Oracle (eval-task beta),0.9999999999999999,20,6
203,Raw (no calibration),0.680952380952381,20,6
203,Random control,-0.009523809523809528,20,6
203,Per-language norm.,0.680952380952381,20,6
203,Backbone-only norm.,-0.028571428571428574,20,6
203,Z-score,0.1238095238095238,20,6
203,Quantile normalization,-0.085025769879285,20,6
203,ComBat-EB,0.680952380952381,20,6
203,Dawid-Skene EM,0.496031746031746,20,6
203,Ensemble,0.00322244726530855,20,6
203,CBC,0.8904761904761903,20,6
203,CBC-Weighted,0.8904761904761903,20,6
203,Oracle (eval-task beta),0.9999999999999999,20,6
204,Raw (no calibration),0.6285714285714287,24,6
204,Random control,0.004761904761904763,24,6
204,Per-language norm.,0.6285714285714287,24,6
204,Backbone-only norm.,0.05714285714285715,24,6
204,Z-score,0.21904761904761902,24,6
204,Quantile normalization,-0.10589052341338824,24,6
204,ComBat-EB,0.6285714285714287,24,6
204,Dawid-Skene EM,0.806845127947537,24,6
204,Ensemble,-0.019575421606416097,24,6
204,CBC,0.9285714285714286,24,6
204,CBC-Weighted,0.9285714285714286,24,6
204,Oracle (eval-task beta),0.9999999999999999,24,6
205,Raw (no calibration),0.619047619047619,21,6
205,Random control,0.02380952380952382,21,6
205,Per-language norm.,0.619047619047619,21,6
205,Backbone-only norm.,-0.09999999999999998,21,6
205,Z-score,0.23809523809523808,21,6
205,Quantile normalization,-0.0996047034158031,21,6
205,ComBat-EB,0.619047619047619,21,6
205,Dawid-Skene EM,0.2375966836152159,21,6
205,Ensemble,-0.10066560671120652,21,6
205,CBC,0.9333333333333333,21,6
205,CBC-Weighted,0.9333333333333333,21,6
205,Oracle (eval-task beta),0.9999999999999999,21,6
206,Raw (no calibration),0.6285714285714287,17,6
206,Random control,-0.009523809523809514,17,6
206,Per-language norm.,0.6285714285714287,17,6
206,Backbone-only norm.,0.028571428571428557,17,6
206,Z-score,0.1857142857142857,17,6
206,Quantile normalization,-0.09225304839382954,17,6
206,ComBat-EB,0.6285714285714287,17,6
206,Dawid-Skene EM,0.4048000751715612,17,6
206,Ensemble,-0.049999999999999996,17,6
206,CBC,0.9095238095238095,17,6
206,CBC-Weighted,0.9095238095238095,17,6
206,Oracle (eval-task beta),0.9999999999999999,17,6
207,Raw (no calibration),0.6428571428571429,21,6
207,Random control,0.04761904761904762,21,6
207,Per-language norm.,0.6428571428571429,21,6
207,Backbone-only norm.,-0.02857142857142857,21,6
207,Z-score,0.5999999999999999,21,6
207,Quantile normalization,-0.06213486116970263,21,6
207,ComBat-EB,0.6428571428571429,21,6
207,Dawid-Skene EM,0.665867828575994,21,6
207,Ensemble,-0.014309178921933497,21,6
207,CBC,0.9666666666666666,21,6
207,CBC-Weighted,0.9666666666666666,21,6
207,Oracle (eval-task beta),0.9999999999999999,21,6
208,Raw (no calibration),0.7238095238095238,21,6
208,Random control,-0.08095238095238096,21,6
208,Per-language norm.,0.7238095238095238,21,6
208,Backbone-only norm.,0.052380952380952375,21,6
208,Z-score,0.05714285714285714,21,6
208,Quantile normalization,-0.1076781299283892,21,6
208,ComBat-EB,0.7238095238095238,21,6
208,Dawid-Skene EM,-0.0072729929487107756,21,6
208,Ensemble,-0.0050991077367991315,21,6
208,CBC,0.9238095238095237,21,6
208,CBC-Weighted,0.9238095238095237,21,6
208,Oracle (eval-task beta),0.9999999999999999,21,6
209,Raw (no calibration),0.680952380952381,19,6
209,Random control,-0.05238095238095236,19,6
209,Per-language norm.,0.680952380952381,19,6
209,Backbone-only norm.,-0.009523809523809518,19,6
209,Z-score,0.11904761904761904,19,6
209,Quantile normalization,-0.09837197347643813,19,6
209,ComBat-EB,0.680952380952381,19,6
209,Dawid-Skene EM,0.23491734855024848,19,6
209,Ensemble,-0.040282657812760365,19,6
209,CBC,0.9095238095238096,19,6
209,CBC-Weighted,0.9095238095238096,19,6
209,Oracle (eval-task beta),0.9999999999999999,19,6
210,Raw (no calibration),0.6428571428571429,23,6
210,Random control,-0.03809523809523809,23,6
210,Per-language norm.,0.6428571428571429,23,6
210,Backbone-only norm.,-0.04761904761904761,23,6
210,Z-score,0.09999999999999999,23,6
210,Quantile normalization,-0.1093393994015833,23,6
210,ComBat-EB,0.6428571428571429,23,6
210,Dawid-Skene EM,0.33994298198410694,23,6
210,Ensemble,-0.011564625850340115,23,6
210,CBC,0.8761904761904761,23,6
210,CBC-Weighted,0.8761904761904761,23,6
210,Oracle (eval-task beta),0.9999999999999999,23,6
211,Raw (no calibration),0.6285714285714284,19,6
211,Random control,0.24285714285714283,19,6
211,Per-language norm.,0.6285714285714284,19,6
211,Backbone-only norm.,-0.0238095238095238,19,6
211,Z-score,0.42380952380952375,19,6
211,Quantile normalization,-0.11653430506489716,19,6
211,ComBat-EB,0.6285714285714284,19,6
211,Dawid-Skene EM,0.3800678080952247,19,6
211,Ensemble,0.041633695202573186,19,6
211,CBC,0.9095238095238096,19,6
211,CBC-Weighted,0.9095238095238096,19,6
211,Oracle (eval-task beta),0.9999999999999999,19,6
212,Raw (no calibration),0.6285714285714287,20,6
212,Random control,-0.06190476190476189,20,6
212,Per-language norm.,0.6285714285714287,20,6
212,Backbone-only norm.,-0.07619047619047621,20,6
212,Z-score,0.10952380952380951,20,6
212,Quantile normalization,-0.0964060690969821,20,6
212,ComBat-EB,0.6285714285714287,20,6
212,Dawid-Skene EM,0.7270340699023484,20,6
212,Ensemble,-0.0028236956334547736,20,6
212,CBC,0.9095238095238093,20,6
212,CBC-Weighted,0.9095238095238093,20,6
212,Oracle (eval-task beta),0.9999999999999999,20,6
213,Raw (no calibration),0.6095238095238094,21,6
213,Random control,-0.047619047619047616,21,6
213,Per-language norm.,0.6095238095238094,21,6
213,Backbone-only norm.,0.19523809523809524,21,6
213,Z-score,0.36666666666666664,21,6
213,Quantile normalization,-0.08063268444954434,21,6
213,ComBat-EB,0.6095238095238094,21,6
213,Dawid-Skene EM,0.716630414212286,21,6
213,Ensemble,0.0933285982986037,21,6
213,CBC,0.7857142857142857,21,6
213,CBC-Weighted,0.7857142857142857,21,6
213,Oracle (eval-task beta),0.9999999999999999,21,6
214,Raw (no calibration),0.6333333333333334,22,6
214,Random control,-0.033333333333333326,22,6
214,Per-language norm.,0.6333333333333334,22,6
214,Backbone-only norm.,0.04285714285714285,22,6
214,Z-score,0.06666666666666664,22,6
214,Quantile normalization,-0.07207831883851054,22,6
214,ComBat-EB,0.6333333333333334,22,6
214,Dawid-Skene EM,0.21313576957141125,22,6
214,Ensemble,-0.0059729125090727765,22,6
214,CBC,0.8619047619047618,22,6
214,CBC-Weighted,0.8619047619047618,22,6
214,Oracle (eval-task beta),0.9999999999999999,22,6
215,Raw (no calibration),0.680952380952381,20,6
215,Random control,0.09047619047619047,20,6
215,Per-language norm.,0.680952380952381,20,6
215,Backbone-only norm.,-0.06190476190476191,20,6
215,Z-score,0.2714285714285714,20,6
215,Quantile normalization,-0.0926676768769966,20,6
215,ComBat-EB,0.6571428571428571,20,6
215,Dawid-Skene EM,0.21313576957141125,20,6
215,Ensemble,-0.03654996045270314,20,6
215,CBC,0.9285714285714286,20,6
215,CBC-Weighted,0.9285714285714286,20,6
215,Oracle (eval-task beta),0.9999999999999999,20,6
216,Raw (no calibration),0.6380952380952382,22,6
216,Random control,0.08095238095238096,22,6
216,Per-language norm.,0.6380952380952382,22,6
216,Backbone-only norm.,0.2095238095238095,22,6
216,Z-score,0.5333333333333332,22,6
216,Quantile normalization,-0.12185001899874592,22,6
216,ComBat-EB,0.6380952380952382,22,6
216,Dawid-Skene EM,0.6288435150088423,22,6
216,Ensemble,0.17381751063895032,22,6
216,CBC,0.9095238095238096,22,6
216,CBC-Weighted,0.9095238095238096,22,6
216,Oracle (eval-task beta),0.9999999999999999,22,6
217,Raw (no calibration),0.6523809523809522,20,6
217,Random control,0.047619047619047616,20,6
217,Per-language norm.,0.6523809523809522,20,6
217,Backbone-only norm.,0.14761904761904762,20,6
217,Z-score,0.1238095238095238,20,6
217,Quantile normalization,-0.11281261146665367,20,6
217,ComBat-EB,0.6523809523809522,20,6
217,Dawid-Skene EM,0.7590243887083169,20,6
217,Ensemble,0.06754340451846767,20,6
217,CBC,0.8714285714285713,20,6
217,CBC-Weighted,0.8714285714285713,20,6
217,Oracle (eval-task beta),0.9999999999999999,20,6
218,Raw (no calibration),0.6666666666666666,21,6
218,Random control,-0.033333333333333326,21,6
218,Per-language norm.,0.6666666666666666,21,6
218,Backbone-only norm.,0.26666666666666666,21,6
218,Z-score,0.3285714285714286,21,6
218,Quantile normalization,-0.0629469792532459,21,6
218,ComBat-EB,0.6666666666666666,21,6
218,Dawid-Skene EM,0.471191601082491,21,6
218,Ensemble,0.1877228381660149,21,6
218,CBC,0.895238095238095,21,6
218,CBC-Weighted,0.895238095238095,21,6
218,Oracle (eval-task beta),0.9999999999999999,21,6
219,Raw (no calibration),0.6285714285714287,22,6
219,Random control,-0.004761904761904749,22,6
219,Per-language norm.,0.6285714285714287,22,6
219,Backbone-only norm.,0.15238095238095234,22,6
219,Z-score,0.2857142857142857,22,6
219,Quantile normalization,-0.10400363869159458,22,6
219,ComBat-EB,0.6285714285714287,22,6
219,Dawid-Skene EM,0.7566060246227577,22,6
219,Ensemble,-0.04214167379397049,22,6
219,CBC,0.8666666666666666,22,6
219,CBC-Weighted,0.8666666666666666,22,6
219,Oracle (eval-task beta),0.9999999999999999,22,6
220,Raw (no calibration),0.6285714285714284,23,6
220,Random control,-0.08571428571428572,23,6
220,Per-language norm.,0.6285714285714284,23,6
220,Backbone-only norm.,0.05714285714285715,23,6
220,Z-score,0.13333333333333333,23,6
220,Quantile normalization,-0.11604603474986233,23,6
220,ComBat-EB,0.6285714285714284,23,6
220,Dawid-Skene EM,0.27397106785910846,23,6
220,Ensemble,-0.001208074667640609,23,6
220,CBC,0.9095238095238096,23,6
220,CBC-Weighted,0.9095238095238096,23,6
220,Oracle (eval-task beta),0.9999999999999999,23,6
221,Raw (no calibration),0.6571428571428571,22,6
221,Random control,0.05714285714285713,22,6
221,Per-language norm.,0.6571428571428571,22,6
221,Backbone-only norm.,0.19999999999999998,22,6
221,Z-score,0.4619047619047619,22,6
221,Quantile normalization,-0.10578372293194091,22,6
221,ComBat-EB,0.6571428571428571,22,6
221,Dawid-Skene EM,0.4314309179840477,22,6
221,Ensemble,0.16134176239163603,22,6
221,CBC,0.9095238095238095,22,6
221,CBC-Weighted,0.9095238095238095,22,6
221,Oracle (eval-task beta),0.9999999999999999,22,6
222,Raw (no calibration),0.6285714285714287,19,6
222,Random control,-0.009523809523809528,19,6
222,Per-language norm.,0.6285714285714287,19,6
222,Backbone-only norm.,0.019047619047619042,19,6
222,Z-score,-0.014285714285714289,19,6
222,Quantile normalization,-0.07717561619320527,19,6
222,ComBat-EB,0.6285714285714287,19,6
222,Dawid-Skene EM,0.716630414212286,19,6
222,Ensemble,0.0016801487154170394,19,6
222,CBC,0.8,19,6
222,CBC-Weighted,0.8,19,6
222,Oracle (eval-task beta),0.9999999999999999,19,6
223,Raw (no calibration),0.6619047619047619,18,6
223,Random control,0.004761904761904759,18,6
223,Per-language norm.,0.6619047619047619,18,6
223,Backbone-only norm.,-0.019047619047619056,18,6
223,Z-score,0.18095238095238095,18,6
223,Quantile normalization,-0.10219403807023511,18,6
223,ComBat-EB,0.6619047619047619,18,6
223,Dawid-Skene EM,0.21302258260369342,18,6
223,Ensemble,-0.08213112482474753,18,6
223,CBC,0.9285714285714286,18,6
223,CBC-Weighted,0.9285714285714286,18,6
223,Oracle (eval-task beta),0.9999999999999999,18,6
224,Raw (no calibration),0.6142857142857144,18,6
224,Random control,-0.009523809523809528,18,6
224,Per-language norm.,0.6142857142857144,18,6
224,Backbone-only norm.,0.06666666666666667,18,6
224,Z-score,0.6142857142857141,18,6
224,Quantile normalization,-0.09108876036334071,18,6
224,ComBat-EB,0.6142857142857144,18,6
224,Dawid-Skene EM,0.524966870023764,18,6
224,Ensemble,0.13895317927841178,18,6
224,CBC,0.9428571428571428,18,6
224,CBC-Weighted,0.9428571428571428,18,6
224,Oracle (eval-task beta),0.9999999999999999,18,6
225,Raw (no calibration),0.6666666666666666,16,6
225,Random control,-0.042857142857142864,16,6
225,Per-language norm.,0.6666666666666666,16,6
225,Backbone-only norm.,-0.06190476190476189,16,6
225,Z-score,0.20476190476190478,16,6
225,Quantile normalization,-0.10608204651435081,16,6
225,ComBat-EB,0.6666666666666666,16,6
225,Dawid-Skene EM,0.3800678080952247,16,6
225,Ensemble,-0.07857142857142858,16,6
225,CBC,0.9285714285714286,16,6
225,CBC-Weighted,0.9285714285714286,16,6
225,Oracle (eval-task beta),0.9999999999999999,16,6
226,Raw (no calibration),0.6523809523809524,25,6
226,Random control,-0.02380952380952381,25,6
226,Per-language norm.,0.6523809523809524,25,6
226,Backbone-only norm.,0.004761904761904765,25,6
226,Z-score,0.5571428571428572,25,6
226,Quantile normalization,-0.09425105274159852,25,6
226,ComBat-EB,0.6285714285714287,25,6
226,Dawid-Skene EM,0.48234119640946915,25,6
226,Ensemble,-0.03927398196760466,25,6
226,CBC,0.9238095238095239,25,6
226,CBC-Weighted,0.9238095238095239,25,6
226,Oracle (eval-task beta),0.9999999999999999,25,6
227,Raw (no calibration),0.6285714285714287,20,6
227,Random control,-0.03333333333333334,20,6
227,Per-language norm.,0.6285714285714287,20,6
227,Backbone-only norm.,-0.05714285714285715,20,6
227,Z-score,-0.06666666666666665,20,6
227,Quantile normalization,-0.08230002163333915,20,6
227,ComBat-EB,0.6285714285714287,20,6
227,Dawid-Skene EM,0.716630414212286,20,6
227,Ensemble,-0.07025133769623018,20,6
227,CBC,0.9238095238095237,20,6
227,CBC-Weighted,0.9238095238095237,20,6
227,Oracle (eval-task beta),0.9999999999999999,20,6
228,Raw (no calibration),0.6285714285714287,21,6
228,Random control,-0.004761904761904761,21,6
228,Per-language norm.,0.6285714285714287,21,6
228,Backbone-only norm.,0.02380952380952383,21,6
228,Z-score,0.2095238095238095,21,6
228,Quantile normalization,-0.1102086650102961,21,6
228,ComBat-EB,0.6285714285714287,21,6
228,Dawid-Skene EM,0.3800678080952247,21,6
228,Ensemble,0.03786028574826834,21,6
228,CBC,0.8761904761904761,21,6
228,CBC-Weighted,0.8761904761904761,21,6
228,Oracle (eval-task beta),0.9999999999999999,21,6
229,Raw (no calibration),0.6666666666666667,17,6
229,Random control,-0.06666666666666667,17,6
229,Per-language norm.,0.6666666666666667,17,6
229,Backbone-only norm.,-0.04761904761904762,17,6
229,Z-score,-0.019047619047619053,17,6
229,Quantile normalization,-0.09588399934190862,17,6
229,ComBat-EB,0.680952380952381,17,6
229,Dawid-Skene EM,1.0,17,6
229,Ensemble,-0.07248230345182123,17,6
229,CBC,0.9285714285714286,17,6
229,CBC-Weighted,0.9285714285714286,17,6
229,Oracle (eval-task beta),0.9999999999999999,17,6
230,Raw (no calibration),0.6285714285714284,19,6
230,Random control,-3.96508223080413e-18,19,6
230,Per-language norm.,0.6285714285714284,19,6
230,Backbone-only norm.,0.1,19,6
230,Z-score,0.08095238095238091,19,6
230,Quantile normalization,-0.10565728022319314,19,6
230,ComBat-EB,0.6285714285714284,19,6
230,Dawid-Skene EM,0.6360016403155623,19,6
230,Ensemble,-0.06938188894298601,19,6
230,CBC,0.8761904761904761,19,6
230,CBC-Weighted,0.8761904761904761,19,6
230,Oracle (eval-task beta),0.9999999999999999,19,6
231,Raw (no calibration),0.6285714285714287,21,6
231,Random control,0.11904761904761904,21,6
231,Per-language norm.,0.6285714285714287,21,6
231,Backbone-only norm.,-0.05714285714285714,21,6
231,Z-score,0.023809523809523805,21,6
231,Quantile normalization,-0.1099716232057538,21,6
231,ComBat-EB,0.6285714285714287,21,6
231,Dawid-Skene EM,0.7182539682539684,21,6
231,Ensemble,-0.07619047619047617,21,6
231,CBC,0.9095238095238095,21,6
231,CBC-Weighted,0.9095238095238095,21,6
231,Oracle (eval-task beta),0.9999999999999999,21,6
232,Raw (no calibration),0.6619047619047619,16,6
232,Random control,-0.05238095238095237,16,6
232,Per-language norm.,0.6619047619047619,16,6
232,Backbone-only norm.,0.3809523809523809,16,6
232,Z-score,0.41428571428571426,16,6
232,Quantile normalization,-0.1030850522352453,16,6
232,ComBat-EB,0.6619047619047619,16,6
232,Dawid-Skene EM,0.2824045318333193,16,6
232,Ensemble,0.23341834205424955,16,6
232,CBC,0.8142857142857143,16,6
232,CBC-Weighted,0.8142857142857143,16,6
232,Oracle (eval-task beta),0.9999999999999999,16,6
233,Raw (no calibration),0.6428571428571429,22,6
233,Random control,-0.04761904761904762,22,6
233,Per-language norm.,0.6428571428571429,22,6
233,Backbone-only norm.,-0.023809523809523805,22,6
233,Z-score,0.09523809523809523,22,6
233,Quantile normalization,-0.09079092732554232,22,6
233,ComBat-EB,0.6428571428571429,22,6
233,Dawid-Skene EM,0.496031746031746,22,6
233,Ensemble,-0.05593184939568914,22,6
233,CBC,0.8619047619047618,22,6
233,CBC-Weighted,0.8619047619047618,22,6
233,Oracle (eval-task beta),0.9999999999999999,22,6
234,Raw (no calibration),0.6571428571428571,22,6
234,Random control,-0.03809523809523809,22,6
234,Per-language norm.,0.6571428571428571,22,6
234,Backbone-only norm.,0.12380952380952381,22,6
234,Z-score,0.10476190476190475,22,6
234,Quantile normalization,-0.10373543890857774,22,6
234,ComBat-EB,0.6571428571428571,22,6
234,Dawid-Skene EM,0.6150970800281369,22,6
234,Ensemble,0.018364413859248092,22,6
234,CBC,0.9666666666666666,22,6
234,CBC-Weighted,0.9666666666666666,22,6
234,Oracle (eval-task beta),0.9999999999999999,22,6
235,Raw (no calibration),0.6285714285714287,21,6
235,Random control,-0.07142857142857142,21,6
235,Per-language norm.,0.6285714285714287,21,6
235,Backbone-only norm.,0.04761904761904761,21,6
235,Z-score,0.13809523809523808,21,6
235,Quantile normalization,-0.09303804710401108,21,6
235,ComBat-EB,0.6285714285714287,21,6
235,Dawid-Skene EM,0.21086113025183686,21,6
235,Ensemble,-0.0023809523809523725,21,6
235,CBC,0.9333333333333333,21,6
235,CBC-Weighted,0.9333333333333333,21,6
235,Oracle (eval-task beta),0.9999999999999999,21,6
236,Raw (no calibration),0.6666666666666667,13,6
236,Random control,-0.00952380952380952,13,6
236,Per-language norm.,0.6666666666666667,13,6
236,Backbone-only norm.,0.4523809523809524,13,6
236,Z-score,0.5761904761904761,13,6
236,Quantile normalization,-0.09622932529554522,13,6
236,ComBat-EB,0.6666666666666667,13,6
236,Dawid-Skene EM,0.4835624527360996,13,6
236,Ensemble,0.2657385443876915,13,6
236,CBC,0.8333333333333333,13,6
236,CBC-Weighted,0.8333333333333333,13,6
236,Oracle (eval-task beta),0.9999999999999999,13,6
237,Raw (no calibration),0.6666666666666666,20,6
237,Random control,0.06666666666666667,20,6
237,Per-language norm.,0.6666666666666666,20,6
237,Backbone-only norm.,0.19999999999999996,20,6
237,Z-score,0.1714285714285714,20,6
237,Quantile normalization,-0.08053109114773191,20,6
237,ComBat-EB,0.6666666666666666,20,6
237,Dawid-Skene EM,0.48501953317261753,20,6
237,Ensemble,0.05937720613281786,20,6
237,CBC,0.8523809523809524,20,6
237,CBC-Weighted,0.8523809523809524,20,6
237,Oracle (eval-task beta),0.9999999999999999,20,6
238,Raw (no calibration),0.6619047619047619,22,6
238,Random control,-5.9476233462061954e-18,22,6
238,Per-language norm.,0.6619047619047619,22,6
238,Backbone-only norm.,0.038095238095238085,22,6
238,Z-score,0.30476190476190473,22,6
238,Quantile normalization,-0.07763770942058547,22,6
238,ComBat-EB,0.7285714285714285,22,6
238,Dawid-Skene EM,0.40417353329564215,22,6
238,Ensemble,0.030703032157028767,22,6
238,CBC,0.9666666666666666,22,6
238,CBC-Weighted,0.9666666666666666,22,6
238,Oracle (eval-task beta),0.9999999999999999,22,6
239,Raw (no calibration),0.6095238095238095,20,6
239,Random control,0.004761904761904765,20,6
239,Per-language norm.,0.6095238095238095,20,6
239,Backbone-only norm.,0.1285714285714286,20,6
239,Z-score,0.42857142857142855,20,6
239,Quantile normalization,-0.08546058876273557,20,6
239,ComBat-EB,0.6095238095238095,20,6
239,Dawid-Skene EM,0.28369760344246286,20,6
239,Ensemble,0.04285714285714284,20,6
239,CBC,0.9333333333333333,20,6
239,CBC-Weighted,0.9333333333333333,20,6
239,Oracle (eval-task beta),0.9999999999999999,20,6
240,Raw (no calibration),0.6333333333333334,24,6
240,Random control,-0.01428571428571428,24,6
240,Per-language norm.,0.6333333333333334,24,6
240,Backbone-only norm.,0.03333333333333334,24,6
240,Z-score,0.10952380952380951,24,6
240,Quantile normalization,-0.11723339789756151,24,6
240,ComBat-EB,0.6333333333333334,24,6
240,Dawid-Skene EM,0.5979140363022555,24,6
240,Ensemble,-0.06529732321039738,24,6
240,CBC,0.9666666666666666,24,6
240,CBC-Weighted,0.9666666666666666,24,6
240,Oracle (eval-task beta),0.9999999999999999,24,6
241,Raw (no calibration),0.6095238095238094,19,6
241,Random control,-0.10476190476190475,19,6
241,Per-language norm.,0.6095238095238094,19,6
241,Backbone-only norm.,0.1476190476190476,19,6
241,Z-score,0.2523809523809524,19,6
241,Quantile normalization,-0.09999444259307493,19,6
241,ComBat-EB,0.6095238095238094,19,6
241,Dawid-Skene EM,0.28369760344246286,19,6
241,Ensemble,0.03671709540038661,19,6
241,CBC,0.8619047619047618,19,6
241,CBC-Weighted,0.8619047619047618,19,6
241,Oracle (eval-task beta),0.9999999999999999,19,6
242,Raw (no calibration),0.6285714285714287,24,6
242,Random control,-0.04761904761904763,24,6
242,Per-language norm.,0.6285714285714287,24,6
242,Backbone-only norm.,-0.019047619047619046,24,6
242,Z-score,0.06666666666666665,24,6
242,Quantile normalization,-0.08867401797481264,24,6
242,ComBat-EB,0.6047619047619047,24,6
242,Dawid-Skene EM,0.7311075093759161,24,6
242,Ensemble,-0.0030641575693233225,24,6
242,CBC,0.8999999999999998,24,6
242,CBC-Weighted,0.8999999999999998,24,6
242,Oracle (eval-task beta),0.9999999999999999,24,6
243,Raw (no calibration),0.6571428571428571,20,6
243,Random control,-0.03809523809523808,20,6
243,Per-language norm.,0.6571428571428571,20,6
243,Backbone-only norm.,0.009523809523809533,20,6
243,Z-score,0.1571428571428571,20,6
243,Quantile normalization,-0.08565020479489618,20,6
243,ComBat-EB,0.6571428571428571,20,6
243,Dawid-Skene EM,0.40417353329564215,20,6
243,Ensemble,-0.09622134990605095,20,6
243,CBC,0.9333333333333333,20,6
243,CBC-Weighted,0.9333333333333333,20,6
243,Oracle (eval-task beta),0.9999999999999999,20,6
244,Raw (no calibration),0.6666666666666666,20,6
244,Random control,-0.08095238095238096,20,6
244,Per-language norm.,0.6666666666666666,20,6
244,Backbone-only norm.,0.10476190476190475,20,6
244,Z-score,-0.019047619047619042,20,6
244,Quantile normalization,-0.10702297791641832,20,6
244,ComBat-EB,0.6666666666666666,20,6
244,Dawid-Skene EM,0.19444197966665464,20,6
244,Ensemble,-0.030615177977486578,20,6
244,CBC,0.8619047619047618,20,6
244,CBC-Weighted,0.8619047619047618,20,6
244,Oracle (eval-task beta),0.9999999999999999,20,6
245,Raw (no calibration),0.6333333333333334,21,6
245,Random control,-0.07142857142857144,21,6
245,Per-language norm.,0.6333333333333334,21,6
245,Backbone-only norm.,0.1952380952380952,21,6
245,Z-score,0.4047619047619047,21,6
245,Quantile normalization,-0.10918461489453898,21,6
245,ComBat-EB,0.6333333333333334,21,6
245,Dawid-Skene EM,0.25075894507783303,21,6
245,Ensemble,0.1385526467453775,21,6
245,CBC,0.8999999999999998,21,6
245,CBC-Weighted,0.8999999999999998,21,6
245,Oracle (eval-task beta),0.9999999999999999,21,6
246,Raw (no calibration),0.6285714285714287,22,6
246,Random control,-0.04761904761904762,22,6
246,Per-language norm.,0.6285714285714287,22,6
246,Backbone-only norm.,0.09523809523809525,22,6
246,Z-score,0.16190476190476194,22,6
246,Quantile normalization,-0.10458281650273517,22,6
246,ComBat-EB,0.6285714285714287,22,6
246,Dawid-Skene EM,0.48195919692055167,22,6
246,Ensemble,0.03039219440893629,22,6
246,CBC,0.7857142857142857,22,6
246,CBC-Weighted,0.7857142857142857,22,6
246,Oracle (eval-task beta),0.9999999999999999,22,6
247,Raw (no calibration),0.6238095238095236,21,6
247,Random control,-0.05238095238095238,21,6
247,Per-language norm.,0.6238095238095236,21,6
247,Backbone-only norm.,0.17619047619047615,21,6
247,Z-score,0.11904761904761904,21,6
247,Quantile normalization,-0.10959414658561906,21,6
247,ComBat-EB,0.6285714285714284,21,6
247,Dawid-Skene EM,0.28894232746240783,21,6
247,Ensemble,0.037406166747812344,21,6
247,CBC,0.8571428571428571,21,6
247,CBC-Weighted,0.8571428571428571,21,6
247,Oracle (eval-task beta),0.9999999999999999,21,6
248,Raw (no calibration),0.6428571428571429,23,6
248,Random control,-0.04761904761904761,23,6
248,Per-language norm.,0.6428571428571429,23,6
248,Backbone-only norm.,0.1285714285714286,23,6
248,Z-score,0.36190476190476184,23,6
248,Quantile normalization,-0.08711182060410085,23,6
248,ComBat-EB,0.6428571428571429,23,6
248,Dawid-Skene EM,0.6738043365125019,23,6
248,Ensemble,-0.06052661920991041,23,6
248,CBC,0.9333333333333333,23,6
248,CBC-Weighted,0.9333333333333333,23,6
248,Oracle (eval-task beta),0.9999999999999999,23,6
249,Raw (no calibration),0.6428571428571429,18,6
249,Random control,-0.047619047619047616,18,6
249,Per-language norm.,0.6428571428571429,18,6
249,Backbone-only norm.,0.11904761904761905,18,6
249,Z-score,0.5238095238095237,18,6
249,Quantile normalization,-0.07386891550086824,18,6
249,ComBat-EB,0.6428571428571429,18,6
249,Dawid-Skene EM,0.4840363552695003,18,6
249,Ensemble,0.02346058851651983,18,6
249,CBC,0.9285714285714286,18,6
249,CBC-Weighted,0.9285714285714286,18,6
249,Oracle (eval-task beta),0.9999999999999999,18,6
250,Raw (no calibration),0.6238095238095236,22,6
250,Random control,-0.05714285714285714,22,6
250,Per-language norm.,0.6238095238095236,22,6
250,Backbone-only norm.,0.06190476190476189,22,6
250,Z-score,0.16666666666666669,22,6
250,Quantile normalization,-0.11086662946061641,22,6
250,ComBat-EB,0.6238095238095236,22,6
250,Dawid-Skene EM,0.6150970800281369,22,6
250,Ensemble,-0.04591610290889524,22,6
250,CBC,0.8619047619047618,22,6
250,CBC-Weighted,0.8619047619047618,22,6
250,Oracle (eval-task beta),0.9999999999999999,22,6
251,Raw (no calibration),0.6428571428571429,23,6
251,Random control,-0.02380952380952381,23,6
251,Per-language norm.,0.6428571428571429,23,6
251,Backbone-only norm.,-1.1895246692412391e-17,23,6
251,Z-score,0.1714285714285714,23,6
251,Quantile normalization,-0.10271893328517846,23,6
251,ComBat-EB,0.6428571428571429,23,6
251,Dawid-Skene EM,0.20528771892061887,23,6
251,Ensemble,-0.003556763173791563,23,6
251,CBC,0.9333333333333333,23,6
251,CBC-Weighted,0.9333333333333333,23,6
251,Oracle (eval-task beta),0.9999999999999999,23,6
252,Raw (no calibration),0.6238095238095236,21,6
252,Random control,0.11904761904761904,21,6
252,Per-language norm.,0.6238095238095236,21,6
252,Backbone-only norm.,0.033333333333333326,21,6
252,Z-score,0.39523809523809517,21,6
252,Quantile normalization,-0.12183527441784207,21,6
252,ComBat-EB,0.6238095238095236,21,6
252,Dawid-Skene EM,0.3800678080952247,21,6
252,Ensemble,0.052380952380952375,21,6
252,CBC,0.8523809523809524,21,6
252,CBC-Weighted,0.8523809523809524,21,6
252,Oracle (eval-task beta),0.9999999999999999,21,6
253,Raw (no calibration),0.6095238095238094,19,6
253,Random control,0.014285714285714289,19,6
253,Per-language norm.,0.6095238095238094,19,6
253,Backbone-only norm.,0.15238095238095234,19,6
253,Z-score,0.29047619047619044,19,6
253,Quantile normalization,-0.09956981771410842,19,6
253,ComBat-EB,0.6142857142857142,19,6
253,Dawid-Skene EM,0.7566060246227577,19,6
253,Ensemble,0.05116994463378437,19,6
253,CBC,0.8571428571428571,19,6
253,CBC-Weighted,0.8571428571428571,19,6
253,Oracle (eval-task beta),0.9999999999999999,19,6
254,Raw (no calibration),0.719047619047619,17,6
254,Random control,0.09523809523809523,17,6
254,Per-language norm.,0.719047619047619,17,6
254,Backbone-only norm.,0.2571428571428571,17,6
254,Z-score,0.34761904761904766,17,6
254,Quantile normalization,-0.10477026657889196,17,6
254,ComBat-EB,0.719047619047619,17,6
254,Dawid-Skene EM,0.11293507734918659,17,6
254,Ensemble,0.09523809523809523,17,6
254,CBC,0.895238095238095,17,6
254,CBC-Weighted,0.895238095238095,17,6
254,Oracle (eval-task beta),0.9999999999999999,17,6
255,Raw (no calibration),0.6476190476190476,21,6
255,Random control,-0.014285714285714296,21,6
255,Per-language norm.,0.6476190476190476,21,6
255,Backbone-only norm.,0.18095238095238092,21,6
255,Z-score,0.3619047619047619,21,6
255,Quantile normalization,-0.10000717952798861,21,6
255,ComBat-EB,0.6476190476190476,21,6
255,Dawid-Skene EM,1.0,21,6
255,Ensemble,0.08883860767364264,21,6
255,CBC,0.9666666666666666,21,6
255,CBC-Weighted,0.9666666666666666,21,6
255,Oracle (eval-task beta),0.9999999999999999,21,6
256,Raw (no calibration),0.7047619047619047,17,6
256,Random control,-0.004761904761904759,17,6
256,Per-language norm.,0.7047619047619047,17,6
256,Backbone-only norm.,0.08571428571428572,17,6
256,Z-score,0.18571428571428567,17,6
256,Quantile normalization,-0.07222698670440618,17,6
256,ComBat-EB,0.7047619047619047,17,6
256,Dawid-Skene EM,0.3800678080952247,17,6
256,Ensemble,-0.015496722032882283,17,6
256,CBC,0.9666666666666666,17,6
256,CBC-Weighted,0.9666666666666666,17,6
256,Oracle (eval-task beta),0.9999999999999999,17,6
257,Raw (no calibration),0.6285714285714287,25,6
257,Random control,0.1,25,6
257,Per-language norm.,0.6285714285714287,25,6
257,Backbone-only norm.,-0.08571428571428573,25,6
257,Z-score,0.08571428571428572,25,6
257,Quantile normalization,-0.08828939109155982,25,6
257,ComBat-EB,0.6285714285714287,25,6
257,Dawid-Skene EM,0.24401506375992313,25,6
257,Ensemble,-0.05780846385406368,25,6
257,CBC,0.8857142857142856,25,6
257,CBC-Weighted,0.8857142857142856,25,6
257,Oracle (eval-task beta),0.9999999999999999,25,6
258,Raw (no calibration),0.6142857142857144,20,6
258,Random control,0.11904761904761904,20,6
258,Per-language norm.,0.6142857142857144,20,6
258,Backbone-only norm.,0.03333333333333332,20,6
258,Z-score,0.09523809523809522,20,6
258,Quantile normalization,-0.09561950582302171,20,6
258,ComBat-EB,0.6142857142857144,20,6
258,Dawid-Skene EM,0.2420634920634921,20,6
258,Ensemble,8.799238582217286e-06,20,6
258,CBC,0.8142857142857143,20,6
258,CBC-Weighted,0.8142857142857143,20,6
258,Oracle (eval-task beta),0.9999999999999999,20,6
259,Raw (no calibration),0.6238095238095239,16,6
259,Random control,-0.004761904761904765,16,6
259,Per-language norm.,0.6238095238095239,16,6
259,Backbone-only norm.,-0.05238095238095237,16,6
259,Z-score,0.22380952380952382,16,6
259,Quantile normalization,-0.10445907202136853,16,6
259,ComBat-EB,0.6238095238095239,16,6
259,Dawid-Skene EM,0.7590243887083169,16,6
259,Ensemble,-0.03672589463896882,16,6
259,CBC,0.895238095238095,16,6
259,CBC-Weighted,0.895238095238095,16,6
259,Oracle (eval-task beta),0.9999999999999999,16,6
260,Raw (no calibration),0.6285714285714287,22,6
260,Random control,0.09999999999999999,22,6
260,Per-language norm.,0.6285714285714287,22,6
260,Backbone-only norm.,-3.96508223080413e-18,22,6
260,Z-score,0.20476190476190476,22,6
260,Quantile normalization,-0.06994774093723709,22,6
260,ComBat-EB,0.6285714285714287,22,6
260,Dawid-Skene EM,0.6022292508680184,22,6
260,Ensemble,-0.02857142857142858,22,6
260,CBC,0.9666666666666666,22,6
260,CBC-Weighted,0.9666666666666666,22,6
260,Oracle (eval-task beta),0.9999999999999999,22,6
261,Raw (no calibration),0.6523809523809524,24,6
261,Random control,-0.08095238095238096,24,6
261,Per-language norm.,0.6523809523809524,24,6
261,Backbone-only norm.,0.014285714285714289,24,6
261,Z-score,0.28095238095238095,24,6
261,Quantile normalization,-0.09776937246551806,24,6
261,ComBat-EB,0.6523809523809524,24,6
261,Dawid-Skene EM,0.20528771892061887,24,6
261,Ensemble,0.012564502456913632,24,6
261,CBC,0.8285714285714286,24,6
261,CBC-Weighted,0.8285714285714286,24,6
261,Oracle (eval-task beta),0.9999999999999999,24,6
262,Raw (no calibration),0.6285714285714287,22,6
262,Random control,-0.08095238095238096,22,6
262,Per-language norm.,0.6285714285714287,22,6
262,Backbone-only norm.,0.06666666666666665,22,6
262,Z-score,0.219047619047619,22,6
262,Quantile normalization,-0.10437719754355615,22,6
262,ComBat-EB,0.6285714285714287,22,6
262,Dawid-Skene EM,0.6738043365125019,22,6
262,Ensemble,0.02380952380952382,22,6
262,CBC,0.8952380952380953,22,6
262,CBC-Weighted,0.8952380952380953,22,6
262,Oracle (eval-task beta),0.9999999999999999,22,6
263,Raw (no calibration),0.6238095238095236,21,6
263,Random control,-0.02380952380952382,21,6
263,Per-language norm.,0.6238095238095236,21,6
263,Backbone-only norm.,0.014285714285714287,21,6
263,Z-score,0.19047619047619047,21,6
263,Quantile normalization,-0.09585201686045512,21,6
263,ComBat-EB,0.6238095238095236,21,6
263,Dawid-Skene EM,1.0,21,6
263,Ensemble,-0.004761904761904761,21,6
263,CBC,0.8142857142857143,21,6
263,CBC-Weighted,0.8142857142857143,21,6
263,Oracle (eval-task beta),0.9999999999999999,21,6
264,Raw (no calibration),0.661904761904762,23,6
264,Random control,0.004761904761904763,23,6
264,Per-language norm.,0.661904761904762,23,6
264,Backbone-only norm.,0.014285714285714282,23,6
264,Z-score,0.35714285714285715,23,6
264,Quantile normalization,-0.10333495517525015,23,6
264,ComBat-EB,0.661904761904762,23,6
264,Dawid-Skene EM,0.4314309179840477,23,6
264,Ensemble,0.01992435689942007,23,6
264,CBC,0.8571428571428571,23,6
264,CBC-Weighted,0.8571428571428571,23,6
264,Oracle (eval-task beta),0.9999999999999999,23,6
265,Raw (no calibration),0.6285714285714284,23,6
265,Random control,0.00952380952380952,23,6
265,Per-language norm.,0.6285714285714284,23,6
265,Backbone-only norm.,0.02380952380952382,23,6
265,Z-score,0.08571428571428572,23,6
265,Quantile normalization,-0.1100909962567492,23,6
265,ComBat-EB,0.6285714285714284,23,6
265,Dawid-Skene EM,0.6903198110213961,23,6
265,Ensemble,-0.04762784685762982,23,6
265,CBC,0.9285714285714286,23,6
265,CBC-Weighted,0.9285714285714286,23,6
265,Oracle (eval-task beta),0.9999999999999999,23,6
266,Raw (no calibration),0.6571428571428571,27,6
266,Random control,0.019047619047619042,27,6
266,Per-language norm.,0.6571428571428571,27,6
266,Backbone-only norm.,-0.07619047619047617,27,6
266,Z-score,0.4142857142857142,27,6
266,Quantile normalization,-0.07631293697409354,27,6
266,ComBat-EB,0.6571428571428571,27,6
266,Dawid-Skene EM,0.665867828575994,27,6
266,Ensemble,-0.07428787205711433,27,6
266,CBC,0.8761904761904763,27,6
266,CBC-Weighted,0.8761904761904763,27,6
266,Oracle (eval-task beta),0.9999999999999999,27,6
267,Raw (no calibration),0.6571428571428571,16,6
267,Random control,-0.004761904761904757,16,6
267,Per-language norm.,0.6571428571428571,16,6
267,Backbone-only norm.,-0.04285714285714284,16,6
267,Z-score,0.42380952380952375,16,6
267,Quantile normalization,-0.07360073439426336,16,6
267,ComBat-EB,0.6571428571428571,16,6
267,Dawid-Skene EM,0.4840363552695003,16,6
267,Ensemble,-0.007849526967447304,16,6
267,CBC,0.9666666666666666,16,6
267,CBC-Weighted,0.9666666666666666,16,6
267,Oracle (eval-task beta),0.9999999999999999,16,6
268,Raw (no calibration),0.680952380952381,20,6
268,Random control,0.12380952380952381,20,6
268,Per-language norm.,0.680952380952381,20,6
268,Backbone-only norm.,0.21428571428571425,20,6
268,Z-score,0.19523809523809524,20,6
268,Quantile normalization,-0.09122167607572254,20,6
268,ComBat-EB,0.680952380952381,20,6
268,Dawid-Skene EM,0.2733109693295016,20,6
268,Ensemble,-0.011236222114027961,20,6
268,CBC,0.9666666666666666,20,6
268,CBC-Weighted,0.9666666666666666,20,6
268,Oracle (eval-task beta),0.9999999999999999,20,6
269,Raw (no calibration),0.6285714285714284,17,6
269,Random control,0.11904761904761905,17,6
269,Per-language norm.,0.6285714285714284,17,6
269,Backbone-only norm.,-0.028571428571428574,17,6
269,Z-score,0.02380952380952382,17,6
269,Quantile normalization,-0.08577533831158701,17,6
269,ComBat-EB,0.6285714285714284,17,6
269,Dawid-Skene EM,0.7590243887083169,17,6
269,Ensemble,-0.044713225758825574,17,6
269,CBC,0.8857142857142856,17,6
269,CBC-Weighted,0.8857142857142856,17,6
269,Oracle (eval-task beta),0.9999999999999999,17,6
270,Raw (no calibration),0.6666666666666666,23,6
270,Random control,-0.004761904761904761,23,6
270,Per-language norm.,0.6666666666666666,23,6
270,Backbone-only norm.,0.15238095238095237,23,6
270,Z-score,0.3666666666666667,23,6
270,Quantile normalization,-0.10003385808558873,23,6
270,ComBat-EB,0.6666666666666666,23,6
270,Dawid-Skene EM,0.9272445692856943,23,6
270,Ensemble,0.06748474292791964,23,6
270,CBC,0.895238095238095,23,6
270,CBC-Weighted,0.895238095238095,23,6
270,Oracle (eval-task beta),0.9999999999999999,23,6
271,Raw (no calibration),0.6142857142857141,23,6
271,Random control,-0.04285714285714286,23,6
271,Per-language norm.,0.6142857142857141,23,6
271,Backbone-only norm.,0.1380952380952381,23,6
271,Z-score,0.019047619047619042,23,6
271,Quantile normalization,-0.10081133467262993,23,6
271,ComBat-EB,0.6142857142857141,23,6
271,Dawid-Skene EM,0.7182539682539684,23,6
271,Ensemble,-0.04761904761904761,23,6
271,CBC,0.8619047619047618,23,6
271,CBC-Weighted,0.8619047619047618,23,6
271,Oracle (eval-task beta),0.9999999999999999,23,6
272,Raw (no calibration),0.6666666666666666,21,6
272,Random control,-0.047619047619047616,21,6
272,Per-language norm.,0.6666666666666666,21,6
272,Backbone-only norm.,-0.009523809523809533,21,6
272,Z-score,0.2904761904761904,21,6
272,Quantile normalization,-0.09925397905287227,21,6
272,ComBat-EB,0.7000000000000001,21,6
272,Dawid-Skene EM,0.40417353329564215,21,6
272,Ensemble,-0.022965049832524207,21,6
272,CBC,0.9333333333333333,21,6
272,CBC-Weighted,0.9333333333333333,21,6
272,Oracle (eval-task beta),0.9999999999999999,21,6
273,Raw (no calibration),0.680952380952381,23,6
273,Random control,-0.08095238095238096,23,6
273,Per-language norm.,0.680952380952381,23,6
273,Backbone-only norm.,-3.96508223080413e-18,23,6
273,Z-score,-0.009523809523809526,23,6
273,Quantile normalization,-0.08959515744059675,23,6
273,ComBat-EB,0.6571428571428571,23,6
273,Dawid-Skene EM,0.017044986823076827,23,6
273,Ensemble,-0.023944394882405868,23,6
273,CBC,0.9666666666666666,23,6
273,CBC-Weighted,0.9666666666666666,23,6
273,Oracle (eval-task beta),0.9999999999999999,23,6
274,Raw (no calibration),0.6571428571428571,23,6
274,Random control,-0.052380952380952375,23,6
274,Per-language norm.,0.6571428571428571,23,6
274,Backbone-only norm.,-0.009523809523809533,23,6
274,Z-score,0.02380952380952381,23,6
274,Quantile normalization,-0.07306454764686647,23,6
274,ComBat-EB,0.6571428571428571,23,6
274,Dawid-Skene EM,0.4314309179840477,23,6
274,Ensemble,-0.024480996679785125,23,6
274,CBC,0.8761904761904761,23,6
274,CBC-Weighted,0.8761904761904761,23,6
274,Oracle (eval-task beta),0.9999999999999999,23,6
275,Raw (no calibration),0.6571428571428571,21,6
275,Random control,-0.07619047619047621,21,6
275,Per-language norm.,0.6571428571428571,21,6
275,Backbone-only norm.,0.09047619047619049,21,6
275,Z-score,0.2952380952380952,21,6
275,Quantile normalization,-0.0996180575692295,21,6
275,ComBat-EB,0.6571428571428571,21,6
275,Dawid-Skene EM,0.7566060246227577,21,6
275,Ensemble,-0.024116569310400633,21,6
275,CBC,0.9333333333333333,21,6
275,CBC-Weighted,0.9333333333333333,21,6
275,Oracle (eval-task beta),0.9999999999999999,21,6
276,Raw (no calibration),0.680952380952381,21,6
276,Random control,-0.07619047619047618,21,6
276,Per-language norm.,0.680952380952381,21,6
276,Backbone-only norm.,0.3809523809523809,21,6
276,Z-score,0.6380952380952382,21,6
276,Quantile normalization,-0.10279378686633714,21,6
276,ComBat-EB,0.680952380952381,21,6
276,Dawid-Skene EM,0.3077898325229628,21,6
276,Ensemble,0.2191472931661723,21,6
276,CBC,0.8380952380952381,21,6
276,CBC-Weighted,0.8380952380952381,21,6
276,Oracle (eval-task beta),0.9999999999999999,21,6
277,Raw (no calibration),0.6428571428571429,20,6
277,Random control,0.00952380952380952,20,6
277,Per-language norm.,0.6428571428571429,20,6
277,Backbone-only norm.,-0.061904761904761914,20,6
277,Z-score,0.1238095238095238,20,6
277,Quantile normalization,-0.0987228987541497,20,6
277,ComBat-EB,0.6428571428571429,20,6
277,Dawid-Skene EM,0.0,20,6
277,Ensemble,-0.06868695143650547,20,6
277,CBC,0.8666666666666666,20,6
277,CBC-Weighted,0.8666666666666666,20,6
277,Oracle (eval-task beta),0.9999999999999999,20,6
278,Raw (no calibration),0.6476190476190476,24,6
278,Random control,-0.038095238095238106,24,6
278,Per-language norm.,0.6476190476190476,24,6
278,Backbone-only norm.,0.038095238095238106,24,6
278,Z-score,0.15238095238095237,24,6
278,Quantile normalization,-0.09685956536534453,24,6
278,ComBat-EB,0.6476190476190476,24,6
278,Dawid-Skene EM,-0.0072729929487107756,24,6
278,Ensemble,0.016666666666666653,24,6
278,CBC,0.9285714285714286,24,6
278,CBC-Weighted,0.9285714285714286,24,6
278,Oracle (eval-task beta),0.9999999999999999,24,6
279,Raw (no calibration),0.6523809523809524,17,6
279,Random control,-0.047619047619047616,17,6
279,Per-language norm.,0.6523809523809524,17,6
279,Backbone-only norm.,0.06190476190476189,17,6
279,Z-score,0.09047619047619049,17,6
279,Quantile normalization,-0.11899136242277657,17,6
279,ComBat-EB,0.6523809523809524,17,6
279,Dawid-Skene EM,0.52,17,6
279,Ensemble,0.02380952380952381,17,6
279,CBC,0.9428571428571428,17,6
279,CBC-Weighted,0.9428571428571428,17,6
279,Oracle (eval-task beta),0.9999999999999999,17,6
280,Raw (no calibration),0.6571428571428571,13,6
280,Random control,-0.09523809523809522,13,6
280,Per-language norm.,0.6571428571428571,13,6
280,Backbone-only norm.,0.038095238095238085,13,6
280,Z-score,0.1285714285714286,13,6
280,Quantile normalization,-0.08124286995652188,13,6
280,ComBat-EB,0.6571428571428571,13,6
280,Dawid-Skene EM,0.4835624527360996,13,6
280,Ensemble,0.0008268754998352166,13,6
280,CBC,0.8619047619047618,13,6
280,CBC-Weighted,0.8619047619047618,13,6
280,Oracle (eval-task beta),0.9999999999999999,13,6
281,Raw (no calibration),0.6285714285714287,25,6
281,Random control,0.13333333333333333,25,6
281,Per-language norm.,0.6285714285714287,25,6
281,Backbone-only norm.,0.009523809523809526,25,6
281,Z-score,0.5047619047619049,25,6
281,Quantile normalization,-0.09119302132178335,25,6
281,ComBat-EB,0.6285714285714287,25,6
281,Dawid-Skene EM,0.40417353329564215,25,6
281,Ensemble,-0.009509144126172512,25,6
281,CBC,0.9666666666666666,25,6
281,CBC-Weighted,0.9666666666666666,25,6
281,Oracle (eval-task beta),0.9999999999999999,25,6
282,Raw (no calibration),0.6285714285714287,14,6
282,Random control,-0.08095238095238096,14,6
282,Per-language norm.,0.6285714285714287,14,6
282,Backbone-only norm.,0.04285714285714285,14,6
282,Z-score,0.08571428571428573,14,6
282,Quantile normalization,-0.0905733532520969,14,6
282,ComBat-EB,0.6238095238095236,14,6
282,Dawid-Skene EM,0.9272445692856943,14,6
282,Ensemble,-0.01725908379456057,14,6
282,CBC,0.8380952380952381,14,6
282,CBC-Weighted,0.8380952380952381,14,6
282,Oracle (eval-task beta),0.9999999999999999,14,6
283,Raw (no calibration),0.6428571428571429,19,6
283,Random control,0.1761904761904762,19,6
283,Per-language norm.,0.6428571428571429,19,6
283,Backbone-only norm.,0.04761904761904761,19,6
283,Z-score,0.22380952380952382,19,6
283,Quantile normalization,-0.09567775830457821,19,6
283,ComBat-EB,0.6428571428571429,19,6
283,Dawid-Skene EM,0.52,19,6
283,Ensemble,0.024003056472953897,19,6
283,CBC,0.9285714285714286,19,6
283,CBC-Weighted,0.9285714285714286,19,6
283,Oracle (eval-task beta),0.9999999999999999,19,6
284,Raw (no calibration),0.6523809523809524,20,6
284,Random control,0.12857142857142856,20,6
284,Per-language norm.,0.6523809523809524,20,6
284,Backbone-only norm.,0.01428571428571429,20,6
284,Z-score,0.1571428571428571,20,6
284,Quantile normalization,-0.1128906441316448,20,6
284,ComBat-EB,0.6523809523809524,20,6
284,Dawid-Skene EM,0.21302258260369342,20,6
284,Ensemble,0.04079872805344783,20,6
284,CBC,0.9666666666666666,20,6
284,CBC-Weighted,0.9666666666666666,20,6
284,Oracle (eval-task beta),0.9999999999999999,20,6
285,Raw (no calibration),0.6095238095238095,15,6
285,Random control,0.028571428571428574,15,6
285,Per-language norm.,0.6095238095238095,15,6
285,Backbone-only norm.,0.09999999999999999,15,6
285,Z-score,0.26666666666666666,15,6
285,Quantile normalization,-0.08626738185550373,15,6
285,ComBat-EB,0.6095238095238095,15,6
285,Dawid-Skene EM,0.716630414212286,15,6
285,Ensemble,0.0899337225197564,15,6
285,CBC,0.7857142857142856,15,6
285,CBC-Weighted,0.7857142857142856,15,6
285,Oracle (eval-task beta),0.9999999999999999,15,6
286,Raw (no calibration),0.6523809523809524,19,6
286,Random control,0.12857142857142856,19,6
286,Per-language norm.,0.6523809523809524,19,6
286,Backbone-only norm.,-0.014285714285714296,19,6
286,Z-score,0.06666666666666668,19,6
286,Quantile normalization,-0.09320613794844765,19,6
286,ComBat-EB,0.6523809523809524,19,6
286,Dawid-Skene EM,0.7182539682539684,19,6
286,Ensemble,-0.023460588516519824,19,6
286,CBC,0.8619047619047618,19,6
286,CBC-Weighted,0.8619047619047618,19,6
286,Oracle (eval-task beta),0.9999999999999999,19,6
287,Raw (no calibration),0.6142857142857142,22,6
287,Random control,-0.04761904761904761,22,6
287,Per-language norm.,0.6142857142857142,22,6
287,Backbone-only norm.,0.019047619047619053,22,6
287,Z-score,0.661904761904762,22,6
287,Quantile normalization,-0.10731601994703711,22,6
287,ComBat-EB,0.6142857142857142,22,6
287,Dawid-Skene EM,0.7259232833228813,22,6
287,Ensemble,0.07124090492419612,22,6
287,CBC,0.9095238095238096,22,6
287,CBC-Weighted,0.9095238095238096,22,6
287,Oracle (eval-task beta),0.9999999999999999,22,6
288,Raw (no calibration),0.6571428571428571,21,6
288,Random control,-0.02380952380952383,21,6
288,Per-language norm.,0.6571428571428571,21,6
288,Backbone-only norm.,0.09047619047619049,21,6
288,Z-score,0.19047619047619047,21,6
288,Quantile normalization,-0.10470204145464325,21,6
288,ComBat-EB,0.6571428571428571,21,6
288,Dawid-Skene EM,0.6150970800281369,21,6
288,Ensemble,0.010224613189344882,21,6
288,CBC,0.9333333333333333,21,6
288,CBC-Weighted,0.9333333333333333,21,6
288,Oracle (eval-task beta),0.9999999999999999,21,6
289,Raw (no calibration),0.6666666666666666,17,6
289,Random control,0.004761904761904763,17,6
289,Per-language norm.,0.6666666666666666,17,6
289,Backbone-only norm.,0.04285714285714285,17,6
289,Z-score,0.11904761904761903,17,6
289,Quantile normalization,-0.11012643400452984,17,6
289,ComBat-EB,0.6666666666666666,17,6
289,Dawid-Skene EM,0.0,17,6
289,Ensemble,-0.03333333333333333,17,6
289,CBC,0.8333333333333333,17,6
289,CBC-Weighted,0.8333333333333333,17,6
289,Oracle (eval-task beta),0.9999999999999999,17,6
290,Raw (no calibration),0.6571428571428571,19,6
290,Random control,0.11428571428571428,19,6
290,Per-language norm.,0.6571428571428571,19,6
290,Backbone-only norm.,0.19523809523809524,19,6
290,Z-score,0.2619047619047619,19,6
290,Quantile normalization,-0.08595961787287663,19,6
290,ComBat-EB,0.6571428571428571,19,6
290,Dawid-Skene EM,0.6150970800281369,19,6
290,Ensemble,0.03470237133391481,19,6
290,CBC,0.9238095238095239,19,6
290,CBC-Weighted,0.9238095238095239,19,6
290,Oracle (eval-task beta),0.9999999999999999,19,6
291,Raw (no calibration),0.6380952380952378,19,6
291,Random control,0.08571428571428572,19,6
291,Per-language norm.,0.6380952380952378,19,6
291,Backbone-only norm.,0.09047619047619047,19,6
291,Z-score,0.2761904761904762,19,6
291,Quantile normalization,-0.10251976889215213,19,6
291,ComBat-EB,0.6714285714285715,19,6
291,Dawid-Skene EM,0.40417353329564215,19,6
291,Ensemble,-0.014285714285714289,19,6
291,CBC,0.9428571428571428,19,6
291,CBC-Weighted,0.9428571428571428,19,6
291,Oracle (eval-task beta),0.9999999999999999,19,6
292,Raw (no calibration),0.6285714285714284,19,6
292,Random control,0.05714285714285713,19,6
292,Per-language norm.,0.6285714285714284,19,6
292,Backbone-only norm.,0.12380952380952381,19,6
292,Z-score,0.10476190476190474,19,6
292,Quantile normalization,-0.08328032390321324,19,6
292,ComBat-EB,0.6285714285714284,19,6
292,Dawid-Skene EM,0.4915318468404144,19,6
292,Ensemble,0.04470442652024338,19,6
292,CBC,0.9666666666666666,19,6
292,CBC-Weighted,0.9666666666666666,19,6
292,Oracle (eval-task beta),0.9999999999999999,19,6
293,Raw (no calibration),0.6571428571428571,24,6
293,Random control,0.06190476190476189,24,6
293,Per-language norm.,0.6571428571428571,24,6
293,Backbone-only norm.,-0.03333333333333334,24,6
293,Z-score,0.13333333333333333,24,6
293,Quantile normalization,-0.08790932044522215,24,6
293,ComBat-EB,0.6571428571428571,24,6
293,Dawid-Skene EM,0.3800678080952247,24,6
293,Ensemble,-0.07206484734450394,24,6
293,CBC,0.9095238095238096,24,6
293,CBC-Weighted,0.9095238095238096,24,6
293,Oracle (eval-task beta),0.9999999999999999,24,6
294,Raw (no calibration),0.6428571428571429,26,6
294,Random control,-0.03809523809523809,26,6
294,Per-language norm.,0.6428571428571429,26,6
294,Backbone-only norm.,-0.004761904761904767,26,6
294,Z-score,0.16666666666666669,26,6
294,Quantile normalization,-0.11466508385880565,26,6
294,ComBat-EB,0.6428571428571429,26,6
294,Dawid-Skene EM,0.39999999999999997,26,6
294,Ensemble,-0.027366286983315374,26,6
294,CBC,0.895238095238095,26,6
294,CBC-Weighted,0.895238095238095,26,6
294,Oracle (eval-task beta),0.9999999999999999,26,6
295,Raw (no calibration),0.7380952380952381,18,6
295,Random control,-0.05238095238095237,18,6
295,Per-language norm.,0.7380952380952381,18,6
295,Backbone-only norm.,0.21904761904761902,18,6
295,Z-score,0.6285714285714284,18,6
295,Quantile normalization,-0.08978675567834556,18,6
295,ComBat-EB,0.7380952380952381,18,6
295,Dawid-Skene EM,-0.041893885805798156,18,6
295,Ensemble,0.014109530660699265,18,6
295,CBC,0.9238095238095239,18,6
295,CBC-Weighted,0.9238095238095239,18,6
295,Oracle (eval-task beta),0.9999999999999999,18,6
296,Raw (no calibration),0.6285714285714287,26,6
296,Random control,-0.009523809523809532,26,6
296,Per-language norm.,0.6285714285714287,26,6
296,Backbone-only norm.,-0.03333333333333333,26,6
296,Z-score,0.5809523809523809,26,6
296,Quantile normalization,-0.1006699129852224,26,6
296,ComBat-EB,0.6285714285714287,26,6
296,Dawid-Skene EM,0.665867828575994,26,6
296,Ensemble,0.07060518770837106,26,6
296,CBC,0.8857142857142856,26,6
296,CBC-Weighted,0.8857142857142856,26,6
296,Oracle (eval-task beta),0.9999999999999999,26,6
297,Raw (no calibration),0.6285714285714287,19,6
297,Random control,-0.03333333333333334,19,6
297,Per-language norm.,0.6285714285714287,19,6
297,Backbone-only norm.,-0.023809523809523815,19,6
297,Z-score,0.009523809523809528,19,6
297,Quantile normalization,-0.09616275770090779,19,6
297,ComBat-EB,0.6285714285714287,19,6
297,Dawid-Skene EM,0.7590243887083169,19,6
297,Ensemble,-0.044692694202133745,19,6
297,CBC,0.8904761904761903,19,6
297,CBC-Weighted,0.8904761904761903,19,6
297,Oracle (eval-task beta),0.9999999999999999,19,6
298,Raw (no calibration),0.6333333333333332,16,6
298,Random control,-0.023809523809523798,16,6
298,Per-language norm.,0.6333333333333332,16,6
298,Backbone-only norm.,0.004761904761904757,16,6
298,Z-score,0.09999999999999999,16,6
298,Quantile normalization,-0.10768181296995251,16,6
298,ComBat-EB,0.6333333333333332,16,6
298,Dawid-Skene EM,0.6903198110213961,16,6
298,Ensemble,-0.02055775412953826,16,6
298,CBC,0.8095238095238094,16,6
298,CBC-Weighted,0.8095238095238094,16,6
298,Oracle (eval-task beta),0.9999999999999999,16,6
299,Raw (no calibration),0.6523809523809524,21,6
299,Random control,-0.09047619047619047,21,6
299,Per-language norm.,0.6523809523809524,21,6
299,Backbone-only norm.,0.18095238095238092,21,6
299,Z-score,0.17619047619047618,21,6
299,Quantile normalization,-0.10056895230802322,21,6
299,ComBat-EB,0.6523809523809524,21,6
299,Dawid-Skene EM,0.4314309179840477,21,6
299,Ensemble,0.1,21,6
299,CBC,0.8238095238095237,21,6
299,CBC-Weighted,0.8238095238095237,21,6
299,Oracle (eval-task beta),0.9999999999999999,21,6
300,Raw (no calibration),0.6238095238095236,24,6
300,Random control,-0.014285714285714292,24,6
300,Per-language norm.,0.6238095238095236,24,6
300,Backbone-only norm.,0.12380952380952383,24,6
300,Z-score,0.19999999999999998,24,6
300,Quantile normalization,-0.10683992976989122,24,6
300,ComBat-EB,0.6238095238095236,24,6
300,Dawid-Skene EM,0.43392076226066045,24,6
300,Ensemble,0.08578664651208745,24,6
300,CBC,0.8714285714285713,24,6
300,CBC-Weighted,0.8714285714285713,24,6
300,Oracle (eval-task beta),0.9999999999999999,24,6
301,Raw (no calibration),0.6428571428571429,20,6
301,Random control,0.004761904761904761,20,6
301,Per-language norm.,0.6428571428571429,20,6
301,Backbone-only norm.,0.13333333333333336,20,6
301,Z-score,0.10952380952380954,20,6
301,Quantile normalization,-0.1120450304408289,20,6
301,ComBat-EB,0.6428571428571429,20,6
301,Dawid-Skene EM,0.33994298198410694,20,6
301,Ensemble,0.024152592943472974,20,6
301,CBC,0.9095238095238096,20,6
301,CBC-Weighted,0.9095238095238096,20,6
301,Oracle (eval-task beta),0.9999999999999999,20,6
302,Raw (no calibration),0.6857142857142857,20,6
302,Random control,-0.07619047619047617,20,6
302,Per-language norm.,0.6857142857142857,20,6
302,Backbone-only norm.,0.17619047619047618,20,6
302,Z-score,0.1238095238095238,20,6
302,Quantile normalization,-0.09494406824856003,20,6
302,ComBat-EB,0.661904761904762,20,6
302,Dawid-Skene EM,0.2733109693295016,20,6
302,Ensemble,-0.05812317455702044,20,6
302,CBC,0.8523809523809524,20,6
302,CBC-Weighted,0.8523809523809524,20,6
302,Oracle (eval-task beta),0.9999999999999999,20,6
303,Raw (no calibration),0.6428571428571429,18,6
303,Random control,0.08571428571428572,18,6
303,Per-language norm.,0.6428571428571429,18,6
303,Backbone-only norm.,0.05714285714285715,18,6
303,Z-score,0.2190476190476191,18,6
303,Quantile normalization,-0.09661370454564858,18,6
303,ComBat-EB,0.6428571428571429,18,6
303,Dawid-Skene EM,0.6150970800281369,18,6
303,Ensemble,-0.023809523809523805,18,6
303,CBC,0.9095238095238096,18,6
303,CBC-Weighted,0.9095238095238096,18,6
303,Oracle (eval-task beta),0.9999999999999999,18,6
304,Raw (no calibration),0.6428571428571429,19,6
304,Random control,-0.03809523809523811,19,6
304,Per-language norm.,0.6428571428571429,19,6
304,Backbone-only norm.,0.1666666666666666,19,6
304,Z-score,0.39999999999999997,19,6
304,Quantile normalization,-0.10622675288844466,19,6
304,ComBat-EB,0.6428571428571429,19,6
304,Dawid-Skene EM,0.716630414212286,19,6
304,Ensemble,0.07088610347213735,19,6
304,CBC,0.8571428571428571,19,6
304,CBC-Weighted,0.8571428571428571,19,6
304,Oracle (eval-task beta),0.9999999999999999,19,6
305,Raw (no calibration),0.6904761904761905,20,6
305,Random control,-0.10952380952380951,20,6
305,Per-language norm.,0.6904761904761905,20,6
305,Backbone-only norm.,0.06190476190476191,20,6
305,Z-score,-0.0619047619047619,20,6
305,Quantile normalization,-0.108644600800851,20,6
305,ComBat-EB,0.6904761904761905,20,6
305,Dawid-Skene EM,0.029686624579641725,20,6
305,Ensemble,-0.047962116752996796,20,6
305,CBC,0.9238095238095239,20,6
305,CBC-Weighted,0.9238095238095239,20,6
305,Oracle (eval-task beta),0.9999999999999999,20,6
306,Raw (no calibration),0.6428571428571429,25,6
306,Random control,-0.1142857142857143,25,6
306,Per-language norm.,0.6428571428571429,25,6
306,Backbone-only norm.,-0.04285714285714286,25,6
306,Z-score,-0.019047619047619063,25,6
306,Quantile normalization,-0.08922976453728915,25,6
306,ComBat-EB,0.6428571428571429,25,6
306,Dawid-Skene EM,0.33994298198410694,25,6
306,Ensemble,-0.0596596161002975,25,6
306,CBC,0.9095238095238093,25,6
306,CBC-Weighted,0.9095238095238093,25,6
306,Oracle (eval-task beta),0.9999999999999999,25,6
307,Raw (no calibration),0.6761904761904762,18,6
307,Random control,0.0619047619047619,18,6
307,Per-language norm.,0.6761904761904762,18,6
307,Backbone-only norm.,0.2333333333333333,18,6
307,Z-score,0.4666666666666666,18,6
307,Quantile normalization,-0.09905142824841293,18,6
307,ComBat-EB,0.6619047619047619,18,6
307,Dawid-Skene EM,-0.014988032330274964,18,6
307,Ensemble,0.16340017719533106,18,6
307,CBC,0.9238095238095237,18,6
307,CBC-Weighted,0.9238095238095237,18,6
307,Oracle (eval-task beta),0.9999999999999999,18,6
308,Raw (no calibration),0.6476190476190476,19,6
308,Random control,-0.09523809523809523,19,6
308,Per-language norm.,0.6476190476190476,19,6
308,Backbone-only norm.,0.14285714285714282,19,6
308,Z-score,0.22380952380952376,19,6
308,Quantile normalization,-0.10558583621283438,19,6
308,ComBat-EB,0.6476190476190476,19,6
308,Dawid-Skene EM,0.4835624527360996,19,6
308,Ensemble,0.033333333333333326,19,6
308,CBC,0.8904761904761905,19,6
308,CBC-Weighted,0.8904761904761905,19,6
308,Oracle (eval-task beta),0.9999999999999999,19,6
309,Raw (no calibration),0.6571428571428571,17,6
309,Random control,0.01904761904761906,17,6
309,Per-language norm.,0.6571428571428571,17,6
309,Backbone-only norm.,-0.014285714285714292,17,6
309,Z-score,0.1333333333333333,17,6
309,Quantile normalization,-0.07136413582940991,17,6
309,ComBat-EB,0.6571428571428571,17,6
309,Dawid-Skene EM,0.716630414212286,17,6
309,Ensemble,0.013408976433913245,17,6
309,CBC,0.838095238095238,17,6
309,CBC-Weighted,0.838095238095238,17,6
309,Oracle (eval-task beta),0.9999999999999999,17,6
310,Raw (no calibration),0.6142857142857141,23,6
310,Random control,0.023809523809523808,23,6
310,Per-language norm.,0.6142857142857141,23,6
310,Backbone-only norm.,-0.05238095238095237,23,6
310,Z-score,0.04285714285714287,23,6
310,Quantile normalization,-0.10368891910064568,23,6
310,ComBat-EB,0.6142857142857141,23,6
310,Dawid-Skene EM,0.18835650198940201,23,6
310,Ensemble,-0.0486028691788342,23,6
310,CBC,0.9095238095238095,23,6
310,CBC-Weighted,0.9095238095238095,23,6
310,Oracle (eval-task beta),0.9999999999999999,23,6
311,Raw (no calibration),0.680952380952381,21,6
311,Random control,-0.023809523809523805,21,6
311,Per-language norm.,0.680952380952381,21,6
311,Backbone-only norm.,0.05714285714285715,21,6
311,Z-score,0.17142857142857143,21,6
311,Quantile normalization,-0.061789522221915874,21,6
311,ComBat-EB,0.680952380952381,21,6
311,Dawid-Skene EM,0.496031746031746,21,6
311,Ensemble,0.04863065654373072,21,6
311,CBC,0.9285714285714286,21,6
311,CBC-Weighted,0.9285714285714286,21,6
311,Oracle (eval-task beta),0.9999999999999999,21,6
312,Raw (no calibration),0.6285714285714287,25,6
312,Random control,-0.014285714285714285,25,6
312,Per-language norm.,0.6285714285714287,25,6
312,Backbone-only norm.,0.05714285714285712,25,6
312,Z-score,0.12857142857142856,25,6
312,Quantile normalization,-0.08863028222577661,25,6
312,ComBat-EB,0.6285714285714287,25,6
312,Dawid-Skene EM,0.3373015873015873,25,6
312,Ensemble,0.013274105361031184,25,6
312,CBC,0.8285714285714285,25,6
312,CBC-Weighted,0.8285714285714285,25,6
312,Oracle (eval-task beta),0.9999999999999999,25,6
313,Raw (no calibration),0.6666666666666667,23,6
313,Random control,0.05714285714285715,23,6
313,Per-language norm.,0.6666666666666667,23,6
313,Backbone-only norm.,-0.06190476190476187,23,6
313,Z-score,-0.0857142857142857,23,6
313,Quantile normalization,-0.08150527706538467,23,6
313,ComBat-EB,0.6666666666666667,23,6
313,Dawid-Skene EM,0.28489042897501793,23,6
313,Ensemble,-0.08095238095238096,23,6
313,CBC,0.8523809523809524,23,6
313,CBC-Weighted,0.8523809523809524,23,6
313,Oracle (eval-task beta),0.9999999999999999,23,6
314,Raw (no calibration),0.6285714285714287,21,6
314,Random control,-0.05238095238095237,21,6
314,Per-language norm.,0.6285714285714287,21,6
314,Backbone-only norm.,0.033333333333333326,21,6
314,Z-score,0.09523809523809522,21,6
314,Quantile normalization,-0.08351498457591501,21,6
314,ComBat-EB,0.6285714285714287,21,6
314,Dawid-Skene EM,0.18835650198940193,21,6
314,Ensemble,0.041980405005341816,21,6
314,CBC,0.8523809523809524,21,6
314,CBC-Weighted,0.8523809523809524,21,6
314,Oracle (eval-task beta),0.9999999999999999,21,6
315,Raw (no calibration),0.6761904761904762,19,6
315,Random control,-0.03333333333333333,19,6
315,Per-language norm.,0.6761904761904762,19,6
315,Backbone-only norm.,0.28095238095238095,19,6
315,Z-score,0.34761904761904766,19,6
315,Quantile normalization,-0.06833710873538669,19,6
315,ComBat-EB,0.6761904761904762,19,6
315,Dawid-Skene EM,0.496031746031746,19,6
315,Ensemble,0.15138694193343366,19,6
315,CBC,0.9,19,6
315,CBC-Weighted,0.9,19,6
315,Oracle (eval-task beta),0.9999999999999999,19,6
316,Raw (no calibration),0.6571428571428571,18,6
316,Random control,0.019047619047619042,18,6
316,Per-language norm.,0.6571428571428571,18,6
316,Backbone-only norm.,0.1619047619047619,18,6
316,Z-score,0.1238095238095238,18,6
316,Quantile normalization,-0.11925032455424427,18,6
316,ComBat-EB,0.6571428571428571,18,6
316,Dawid-Skene EM,0.2132242268571268,18,6
316,Ensemble,0.07319786257821632,18,6
316,CBC,0.9666666666666666,18,6
316,CBC-Weighted,0.9666666666666666,18,6
316,Oracle (eval-task beta),0.9999999999999999,18,6
317,Raw (no calibration),0.680952380952381,19,6
317,Random control,0.061904761904761914,19,6
317,Per-language norm.,0.680952380952381,19,6
317,Backbone-only norm.,0.09523809523809523,19,6
317,Z-score,0.19999999999999998,19,6
317,Quantile normalization,-0.08919718474529924,19,6
317,ComBat-EB,0.680952380952381,19,6
317,Dawid-Skene EM,0.7051230065339833,19,6
317,Ensemble,-0.06208403094991679,19,6
317,CBC,0.9095238095238093,19,6
317,CBC-Weighted,0.9095238095238093,19,6
317,Oracle (eval-task beta),0.9999999999999999,19,6
318,Raw (no calibration),0.7,20,6
318,Random control,-0.04285714285714285,20,6
318,Per-language norm.,0.7,20,6
318,Backbone-only norm.,0.07142857142857142,20,6
318,Z-score,-0.0047619047619047545,20,6
318,Quantile normalization,-0.07574409180458753,20,6
318,ComBat-EB,0.7,20,6
318,Dawid-Skene EM,0.029686624579641725,20,6
318,Ensemble,-0.06038001581891876,20,6
318,CBC,0.9428571428571428,20,6
318,CBC-Weighted,0.9428571428571428,20,6
318,Oracle (eval-task beta),0.9999999999999999,20,6
319,Raw (no calibration),0.7238095238095238,21,6
319,Random control,-3.96508223080413e-18,21,6
319,Per-language norm.,0.7238095238095238,21,6
319,Backbone-only norm.,0.16666666666666666,21,6
319,Z-score,0.3238095238095238,21,6
319,Quantile normalization,-0.10376646801325316,21,6
319,ComBat-EB,0.7238095238095238,21,6
319,Dawid-Skene EM,0.12249166782475973,21,6
319,Ensemble,0.12087730423355517,21,6
319,CBC,0.9238095238095239,21,6
319,CBC-Weighted,0.9238095238095239,21,6
319,Oracle (eval-task beta),0.9999999999999999,21,6
320,Raw (no calibration),0.6285714285714287,16,6
320,Random control,0.004761904761904761,16,6
320,Per-language norm.,0.6285714285714287,16,6
320,Backbone-only norm.,-0.05238095238095238,16,6
320,Z-score,0.1904761904761905,16,6
320,Quantile normalization,-0.08246243859613275,16,6
320,ComBat-EB,0.6285714285714287,16,6
320,Dawid-Skene EM,0.9272445692856943,16,6
320,Ensemble,-0.020900768869774367,16,6
320,CBC,0.8904761904761903,16,6
320,CBC-Weighted,0.8904761904761903,16,6
320,Oracle (eval-task beta),0.9999999999999999,16,6
321,Raw (no calibration),0.6476190476190476,17,6
321,Random control,-0.09523809523809523,17,6
321,Per-language norm.,0.6476190476190476,17,6
321,Backbone-only norm.,0.07619047619047618,17,6
321,Z-score,0.1619047619047619,17,6
321,Quantile normalization,-0.11505383639983499,17,6
321,ComBat-EB,0.6476190476190476,17,6
321,Dawid-Skene EM,0.23491734855024848,17,6
321,Ensemble,3.96508223080413e-18,17,6
321,CBC,0.9666666666666666,17,6
321,CBC-Weighted,0.9666666666666666,17,6
321,Oracle (eval-task beta),0.9999999999999999,17,6
322,Raw (no calibration),0.6428571428571429,19,6
322,Random control,0.06666666666666667,19,6
322,Per-language norm.,0.6428571428571429,19,6
322,Backbone-only norm.,0.004761904761904757,19,6
322,Z-score,0.1714285714285714,19,6
322,Quantile normalization,-0.06031656777664514,19,6
322,ComBat-EB,0.6428571428571429,19,6
322,Dawid-Skene EM,0.9272445692856943,19,6
322,Ensemble,0.0229745114511927,19,6
322,CBC,0.9666666666666666,19,6
322,CBC-Weighted,0.9666666666666666,19,6
322,Oracle (eval-task beta),0.9999999999999999,19,6
323,Raw (no calibration),0.6952380952380952,21,6
323,Random control,0.014285714285714296,21,6
323,Per-language norm.,0.6952380952380952,21,6
323,Backbone-only norm.,0.10952380952380954,21,6
323,Z-score,0.476190476190476,21,6
323,Quantile normalization,-0.06064005391709475,21,6
323,ComBat-EB,0.6952380952380952,21,6
323,Dawid-Skene EM,0.04556852938724972,21,6
323,Ensemble,0.10813686759037584,21,6
323,CBC,0.895238095238095,21,6
323,CBC-Weighted,0.895238095238095,21,6
323,Oracle (eval-task beta),0.9999999999999999,21,6
324,Raw (no calibration),0.6571428571428571,21,6
324,Random control,0.019047619047619042,21,6
324,Per-language norm.,0.6571428571428571,21,6
324,Backbone-only norm.,0.06666666666666665,21,6
324,Z-score,0.09047619047619047,21,6
324,Quantile normalization,-0.12024470508086535,21,6
324,ComBat-EB,0.6571428571428571,21,6
324,Dawid-Skene EM,0.8628679329364746,21,6
324,Ensemble,0.02156344250145349,21,6
324,CBC,0.9285714285714286,21,6
324,CBC-Weighted,0.9285714285714286,21,6
324,Oracle (eval-task beta),0.9999999999999999,21,6
325,Raw (no calibration),0.6238095238095239,18,6
325,Random control,0.03333333333333333,18,6
325,Per-language norm.,0.6238095238095239,18,6
325,Backbone-only norm.,0.04761904761904762,18,6
325,Z-score,0.3238095238095238,18,6
325,Quantile normalization,-0.10340051731001453,18,6
325,ComBat-EB,0.6476190476190476,18,6
325,Dawid-Skene EM,0.18835650198940201,18,6
325,Ensemble,0.043689884516032874,18,6
325,CBC,0.8523809523809524,18,6
325,CBC-Weighted,0.8523809523809524,18,6
325,Oracle (eval-task beta),0.9999999999999999,18,6
326,Raw (no calibration),0.6523809523809524,19,6
326,Random control,0.1238095238095238,19,6
326,Per-language norm.,0.6523809523809524,19,6
326,Backbone-only norm.,0.014285714285714275,19,6
326,Z-score,0.23809523809523808,19,6
326,Quantile normalization,-0.11257512896498116,19,6
326,ComBat-EB,0.6523809523809524,19,6
326,Dawid-Skene EM,1.0,19,6
326,Ensemble,-0.054527308985091026,19,6
326,CBC,0.9285714285714286,19,6
326,CBC-Weighted,0.9285714285714286,19,6
326,Oracle (eval-task beta),0.9999999999999999,19,6
327,Raw (no calibration),0.6428571428571429,20,6
327,Random control,0.0857142857142857,20,6
327,Per-language norm.,0.6428571428571429,20,6
327,Backbone-only norm.,0.06190476190476191,20,6
327,Z-score,0.052380952380952375,20,6
327,Quantile normalization,-0.1021426979946577,20,6
327,ComBat-EB,0.6428571428571429,20,6
327,Dawid-Skene EM,0.27397106785910846,20,6
327,Ensemble,0.04983286505231652,20,6
327,CBC,0.9333333333333333,20,6
327,CBC-Weighted,0.9333333333333333,20,6
327,Oracle (eval-task beta),0.9999999999999999,20,6
328,Raw (no calibration),0.6523809523809524,21,6
328,Random control,0.009523809523809535,21,6
328,Per-language norm.,0.6523809523809524,21,6
328,Backbone-only norm.,0.014285714285714282,21,6
328,Z-score,0.09047619047619047,21,6
328,Quantile normalization,-0.12126642932393339,21,6
328,ComBat-EB,0.6523809523809524,21,6
328,Dawid-Skene EM,0.20000000000000004,21,6
328,Ensemble,-0.034154342674113734,21,6
328,CBC,0.8714285714285713,21,6
328,CBC-Weighted,0.8714285714285713,21,6
328,Oracle (eval-task beta),0.9999999999999999,21,6
329,Raw (no calibration),0.6523809523809524,21,6
329,Random control,0.004761904761904759,21,6
329,Per-language norm.,0.6523809523809524,21,6
329,Backbone-only norm.,-0.0047619047619047805,21,6
329,Z-score,0.24285714285714283,21,6
329,Quantile normalization,-0.11207781035068955,21,6
329,ComBat-EB,0.6523809523809524,21,6
329,Dawid-Skene EM,0.0,21,6
329,Ensemble,0.00952380952380952,21,6
329,CBC,0.9666666666666666,21,6
329,CBC-Weighted,0.9666666666666666,21,6
329,Oracle (eval-task beta),0.9999999999999999,21,6
330,Raw (no calibration),0.6952380952380952,20,6
330,Random control,0.01428571428571428,20,6
330,Per-language norm.,0.6952380952380952,20,6
330,Backbone-only norm.,0.05238095238095238,20,6
330,Z-score,0.18095238095238098,20,6
330,Quantile normalization,-0.08280591380118514,20,6
330,ComBat-EB,0.6952380952380952,20,6
330,Dawid-Skene EM,0.40417353329564215,20,6
330,Ensemble,0.05409336497117083,20,6
330,CBC,0.9428571428571428,20,6
330,CBC-Weighted,0.9428571428571428,20,6
330,Oracle (eval-task beta),0.9999999999999999,20,6
331,Raw (no calibration),0.6666666666666666,21,6
331,Random control,0.06666666666666665,21,6
331,Per-language norm.,0.6666666666666666,21,6
331,Backbone-only norm.,-0.038095238095238085,21,6
331,Z-score,0.13333333333333333,21,6
331,Quantile normalization,-0.09499564354782163,21,6
331,ComBat-EB,0.6666666666666666,21,6
331,Dawid-Skene EM,0.3800678080952247,21,6
331,Ensemble,-0.028738563519112057,21,6
331,CBC,0.9285714285714286,21,6
331,CBC-Weighted,0.9285714285714286,21,6
331,Oracle (eval-task beta),0.9999999999999999,21,6
332,Raw (no calibration),0.6666666666666667,18,6
332,Random control,0.052380952380952375,18,6
332,Per-language norm.,0.6666666666666667,18,6
332,Backbone-only norm.,1.1895246692412391e-17,18,6
332,Z-score,0.004761904761904767,18,6
332,Quantile normalization,-0.10943661893003769,18,6
332,ComBat-EB,0.6666666666666667,18,6
332,Dawid-Skene EM,0.52,18,6
332,Ensemble,-0.06871334915225208,18,6
332,CBC,0.895238095238095,18,6
332,CBC-Weighted,0.895238095238095,18,6
332,Oracle (eval-task beta),0.9999999999999999,18,6
333,Raw (no calibration),0.7047619047619047,18,6
333,Random control,-0.009523809523809526,18,6
333,Per-language norm.,0.7047619047619047,18,6
333,Backbone-only norm.,0.08095238095238096,18,6
333,Z-score,0.09999999999999999,18,6
333,Quantile normalization,-0.10801983541116385,18,6
333,ComBat-EB,0.7047619047619047,18,6
333,Dawid-Skene EM,0.0,18,6
333,Ensemble,-0.05716184526917146,18,6
333,CBC,0.9285714285714285,18,6
333,CBC-Weighted,0.9285714285714285,18,6
333,Oracle (eval-task beta),0.9999999999999999,18,6
334,Raw (no calibration),0.6904761904761905,22,6
334,Random control,-0.05238095238095238,22,6
334,Per-language norm.,0.6904761904761905,22,6
334,Backbone-only norm.,0.15714285714285717,22,6
334,Z-score,0.41904761904761895,22,6
334,Quantile normalization,-0.0655520244816581,22,6
334,ComBat-EB,0.6666666666666667,22,6
334,Dawid-Skene EM,0.6738043365125019,22,6
334,Ensemble,-0.0015276791653705585,22,6
334,CBC,0.9238095238095239,22,6
334,CBC-Weighted,0.9238095238095239,22,6
334,Oracle (eval-task beta),0.9999999999999999,22,6
335,Raw (no calibration),0.7523809523809524,18,6
335,Random control,-0.08095238095238093,18,6
335,Per-language norm.,0.7523809523809524,18,6
335,Backbone-only norm.,0.19047619047619047,18,6
335,Z-score,0.2,18,6
335,Quantile normalization,-0.10442480393224225,18,6
335,ComBat-EB,0.7523809523809524,18,6
335,Dawid-Skene EM,0.15846055842145712,18,6
335,Ensemble,0.1056122448979592,18,6
335,CBC,0.9428571428571428,18,6
335,CBC-Weighted,0.9428571428571428,18,6
335,Oracle (eval-task beta),0.9999999999999999,18,6
336,Raw (no calibration),0.6952380952380952,16,6
336,Random control,-0.09999999999999999,16,6
336,Per-language norm.,0.6952380952380952,16,6
336,Backbone-only norm.,0.14761904761904762,16,6
336,Z-score,0.4761904761904761,16,6
336,Quantile normalization,-0.10572218023054944,16,6
336,ComBat-EB,0.6952380952380952,16,6
336,Dawid-Skene EM,0.471191601082491,16,6
336,Ensemble,0.10300549597877529,16,6
336,CBC,0.895238095238095,16,6
336,CBC-Weighted,0.895238095238095,16,6
336,Oracle (eval-task beta),0.9999999999999999,16,6
337,Raw (no calibration),0.680952380952381,20,6
337,Random control,-0.014285714285714282,20,6
337,Per-language norm.,0.680952380952381,20,6
337,Backbone-only norm.,0.1380952380952381,20,6
337,Z-score,0.39523809523809517,20,6
337,Quantile normalization,-0.09979637198962894,20,6
337,ComBat-EB,0.680952380952381,20,6
337,Dawid-Skene EM,0.7590243887083169,20,6
337,Ensemble,0.06799494700955232,20,6
337,CBC,0.9285714285714286,20,6
337,CBC-Weighted,0.9285714285714286,20,6
337,Oracle (eval-task beta),0.9999999999999999,20,6
338,Raw (no calibration),0.6380952380952382,21,6
338,Random control,0.08571428571428573,21,6
338,Per-language norm.,0.6380952380952382,21,6
338,Backbone-only norm.,0.028571428571428564,21,6
338,Z-score,0.09523809523809522,21,6
338,Quantile normalization,-0.11081375862806263,21,6
338,ComBat-EB,0.6380952380952382,21,6
338,Dawid-Skene EM,0.18835650198940201,21,6
338,Ensemble,0.023267055853089746,21,6
338,CBC,0.8523809523809524,21,6
338,CBC-Weighted,0.8523809523809524,21,6
338,Oracle (eval-task beta),0.9999999999999999,21,6
339,Raw (no calibration),0.6285714285714287,21,6
339,Random control,0.13333333333333336,21,6
339,Per-language norm.,0.6285714285714287,21,6
339,Backbone-only norm.,-0.03333333333333333,21,6
339,Z-score,0.17619047619047618,21,6
339,Quantile normalization,-0.08735540278150462,21,6
339,ComBat-EB,0.6285714285714287,21,6
339,Dawid-Skene EM,0.18835650198940201,21,6
339,Ensemble,-0.0461998418108125,21,6
339,CBC,0.8619047619047618,21,6
339,CBC-Weighted,0.8619047619047618,21,6
339,Oracle (eval-task beta),0.9999999999999999,21,6
340,Raw (no calibration),0.6428571428571429,20,6
340,Random control,-0.028571428571428564,20,6
340,Per-language norm.,0.6428571428571429,20,6
340,Backbone-only norm.,-0.0047619047619047805,20,6
340,Z-score,0.5619047619047619,20,6
340,Quantile normalization,-0.07494529239030522,20,6
340,ComBat-EB,0.6428571428571429,20,6
340,Dawid-Skene EM,0.2330300995588539,20,6
340,Ensemble,-0.010711352634758317,20,6
340,CBC,0.9095238095238095,20,6
340,CBC-Weighted,0.9095238095238095,20,6
340,Oracle (eval-task beta),0.9999999999999999,20,6
341,Raw (no calibration),0.6523809523809524,19,6
341,Random control,-0.06190476190476189,19,6
341,Per-language norm.,0.6523809523809524,19,6
341,Backbone-only norm.,0.04761904761904761,19,6
341,Z-score,0.5380952380952381,19,6
341,Quantile normalization,-0.08625398246970803,19,6
341,ComBat-EB,0.6523809523809524,19,6
341,Dawid-Skene EM,0.6288435150088423,19,6
341,Ensemble,0.08554639888944048,19,6
341,CBC,0.819047619047619,19,6
341,CBC-Weighted,0.819047619047619,19,6
341,Oracle (eval-task beta),0.9999999999999999,19,6
342,Raw (no calibration),0.6523809523809522,20,6
342,Random control,-0.047619047619047616,20,6
342,Per-language norm.,0.6523809523809522,20,6
342,Backbone-only norm.,0.09047619047619047,20,6
342,Z-score,0.11428571428571428,20,6
342,Quantile normalization,-0.09664887413801304,20,6
342,ComBat-EB,0.6523809523809522,20,6
342,Dawid-Skene EM,-0.19999999999999998,20,6
342,Ensemble,0.07676276434244753,20,6
342,CBC,0.9999999999999999,20,6
342,CBC-Weighted,0.9999999999999999,20,6
342,Oracle (eval-task beta),0.9999999999999999,20,6
343,Raw (no calibration),0.7142857142857142,22,6
343,Random control,0.052380952380952375,22,6
343,Per-language norm.,0.7142857142857142,22,6
343,Backbone-only norm.,0.11428571428571425,22,6
343,Z-score,0.3380952380952381,22,6
343,Quantile normalization,-0.061108393105645434,22,6
343,ComBat-EB,0.7142857142857142,22,6
343,Dawid-Skene EM,0.12249166782475973,22,6
343,Ensemble,0.09485982914981723,22,6
343,CBC,0.8333333333333333,22,6
343,CBC-Weighted,0.8333333333333333,22,6
343,Oracle (eval-task beta),0.9999999999999999,22,6
344,Raw (no calibration),0.6238095238095237,18,6
344,Random control,-0.08095238095238096,18,6
344,Per-language norm.,0.6238095238095237,18,6
344,Backbone-only norm.,0.10952380952380954,18,6
344,Z-score,0.19523809523809524,18,6
344,Quantile normalization,-0.10437628930366695,18,6
344,ComBat-EB,0.6238095238095237,18,6
344,Dawid-Skene EM,0.265428264666648,18,6
344,Ensemble,-0.02251878830564698,18,6
344,CBC,0.9095238095238095,18,6
344,CBC-Weighted,0.9095238095238095,18,6
344,Oracle (eval-task beta),0.9999999999999999,18,6
345,Raw (no calibration),0.6476190476190476,21,6
345,Random control,0.1142857142857143,21,6
345,Per-language norm.,0.6476190476190476,21,6
345,Backbone-only norm.,0.019047619047619032,21,6
345,Z-score,0.03809523809523809,21,6
345,Quantile normalization,-0.08981391923448931,21,6
345,ComBat-EB,0.6476190476190476,21,6
345,Dawid-Skene EM,0.7590243887083169,21,6
345,Ensemble,0.006846162386909262,21,6
345,CBC,0.9095238095238093,21,6
345,CBC-Weighted,0.9095238095238093,21,6
345,Oracle (eval-task beta),0.9999999999999999,21,6
346,Raw (no calibration),0.6142857142857144,19,6
346,Random control,0.04761904761904761,19,6
346,Per-language norm.,0.6142857142857144,19,6
346,Backbone-only norm.,0.1380952380952381,19,6
346,Z-score,0.16666666666666666,19,6
346,Quantile normalization,-0.10315458134617232,19,6
346,ComBat-EB,0.6142857142857144,19,6
346,Dawid-Skene EM,0.20000000000000004,19,6
346,Ensemble,0.07328172125072674,19,6
346,CBC,0.8238095238095238,19,6
346,CBC-Weighted,0.8238095238095238,19,6
346,Oracle (eval-task beta),0.9999999999999999,19,6
347,Raw (no calibration),0.6285714285714284,21,6
347,Random control,0.009523809523809526,21,6
347,Per-language norm.,0.6285714285714284,21,6
347,Backbone-only norm.,0.22380952380952382,21,6
347,Z-score,0.2952380952380952,21,6
347,Quantile normalization,-0.12036775155061685,21,6
347,ComBat-EB,0.6285714285714284,21,6
347,Dawid-Skene EM,0.6627355619522258,21,6
347,Ensemble,0.11190476190476191,21,6
347,CBC,0.8095238095238094,21,6
347,CBC-Weighted,0.8095238095238094,21,6
347,Oracle (eval-task beta),0.9999999999999999,21,6
348,Raw (no calibration),0.6571428571428571,17,6
348,Random control,-0.061904761904761914,17,6
348,Per-language norm.,0.6571428571428571,17,6
348,Backbone-only norm.,0.08571428571428572,17,6
348,Z-score,0.34285714285714286,17,6
348,Quantile normalization,-0.06536614937413321,17,6
348,ComBat-EB,0.6523809523809524,17,6
348,Dawid-Skene EM,0.3077898325229628,17,6
348,Ensemble,0.06528852397181518,17,6
348,CBC,0.8857142857142856,17,6
348,CBC-Weighted,0.8857142857142856,17,6
348,Oracle (eval-task beta),0.9999999999999999,17,6
349,Raw (no calibration),0.680952380952381,16,6
349,Random control,-0.0857142857142857,16,6
349,Per-language norm.,0.680952380952381,16,6
349,Backbone-only norm.,0.06666666666666665,16,6
349,Z-score,0.11904761904761905,16,6
349,Quantile normalization,-0.11166962098282004,16,6
349,ComBat-EB,0.680952380952381,16,6
349,Dawid-Skene EM,0.2733109693295016,16,6
349,Ensemble,0.012239031800128862,16,6
349,CBC,0.9238095238095239,16,6
349,CBC-Weighted,0.9238095238095239,16,6
349,Oracle (eval-task beta),0.9999999999999999,16,6
350,Raw (no calibration),0.6142857142857141,21,6
350,Random control,0.04285714285714286,21,6
350,Per-language norm.,0.6142857142857141,21,6
350,Backbone-only norm.,-0.019047619047619046,21,6
350,Z-score,0.08095238095238096,21,6
350,Quantile normalization,-0.10381511883117416,21,6
350,ComBat-EB,0.6142857142857141,21,6
350,Dawid-Skene EM,0.20528771892061887,21,6
350,Ensemble,-0.05766527479333129,21,6
350,CBC,0.9666666666666666,21,6
350,CBC-Weighted,0.9666666666666666,21,6
350,Oracle (eval-task beta),0.9999999999999999,21,6
351,Raw (no calibration),0.6285714285714284,19,6
351,Random control,0.00952380952380953,19,6
351,Per-language norm.,0.6285714285714284,19,6
351,Backbone-only norm.,0.02380952380952382,19,6
351,Z-score,0.06666666666666665,19,6
351,Quantile normalization,-0.10753154368838125,19,6
351,ComBat-EB,0.6285714285714284,19,6
351,Dawid-Skene EM,0.6150970800281369,19,6
351,Ensemble,-0.028055358330741107,19,6
351,CBC,0.8571428571428571,19,6
351,CBC-Weighted,0.8571428571428571,19,6
351,Oracle (eval-task beta),0.9999999999999999,19,6
352,Raw (no calibration),0.6571428571428571,22,6
352,Random control,-0.03809523809523809,22,6
352,Per-language norm.,0.6571428571428571,22,6
352,Backbone-only norm.,0.00952380952380953,22,6
352,Z-score,0.03809523809523808,22,6
352,Quantile normalization,-0.07321740065445266,22,6
352,ComBat-EB,0.6571428571428571,22,6
352,Dawid-Skene EM,1.0,22,6
352,Ensemble,-0.04047912355571788,22,6
352,CBC,0.9428571428571428,22,6
352,CBC-Weighted,0.9428571428571428,22,6
352,Oracle (eval-task beta),0.9999999999999999,22,6
353,Raw (no calibration),0.6571428571428571,19,6
353,Random control,-0.004761904761904777,19,6
353,Per-language norm.,0.6571428571428571,19,6
353,Backbone-only norm.,0.18095238095238098,19,6
353,Z-score,0.6904761904761906,19,6
353,Quantile normalization,-0.0878256004493212,19,6
353,ComBat-EB,0.6571428571428571,19,6
353,Dawid-Skene EM,0.47440468847296124,19,6
353,Ensemble,0.1691766239614463,19,6
353,CBC,0.8571428571428571,19,6
353,CBC-Weighted,0.8571428571428571,19,6
353,Oracle (eval-task beta),0.9999999999999999,19,6
354,Raw (no calibration),0.6285714285714287,19,6
354,Random control,-0.07619047619047614,19,6
354,Per-language norm.,0.6285714285714287,19,6
354,Backbone-only norm.,0.033333333333333326,19,6
354,Z-score,0.1904761904761905,19,6
354,Quantile normalization,-0.1174636364164326,19,6
354,ComBat-EB,0.6285714285714287,19,6
354,Dawid-Skene EM,0.7590243887083169,19,6
354,Ensemble,0.037005677336851346,19,6
354,CBC,0.8380952380952381,19,6
354,CBC-Weighted,0.8380952380952381,19,6
354,Oracle (eval-task beta),0.9999999999999999,19,6
355,Raw (no calibration),0.6666666666666666,18,6
355,Random control,-0.03809523809523809,18,6
355,Per-language norm.,0.6666666666666666,18,6
355,Backbone-only norm.,0.09047619047619049,18,6
355,Z-score,0.23809523809523808,18,6
355,Quantile normalization,-0.1051550764853461,18,6
355,ComBat-EB,0.6666666666666666,18,6
355,Dawid-Skene EM,0.21313576957141125,18,6
355,Ensemble,0.14605617149934824,18,6
355,CBC,0.9095238095238093,18,6
355,CBC-Weighted,0.9095238095238093,18,6
355,Oracle (eval-task beta),0.9999999999999999,18,6
356,Raw (no calibration),0.680952380952381,23,6
356,Random control,-0.038095238095238085,23,6
356,Per-language norm.,0.680952380952381,23,6
356,Backbone-only norm.,0.15238095238095234,23,6
356,Z-score,0.3761904761904761,23,6
356,Quantile normalization,-0.11465525982831133,23,6
356,ComBat-EB,0.680952380952381,23,6
356,Dawid-Skene EM,0.08191865017382637,23,6
356,Ensemble,0.1345120772056999,23,6
356,CBC,0.9428571428571428,23,6
356,CBC-Weighted,0.9428571428571428,23,6
356,Oracle (eval-task beta),0.9999999999999999,23,6
357,Raw (no calibration),0.6428571428571429,22,6
357,Random control,-0.01428571428571429,22,6
357,Per-language norm.,0.6428571428571429,22,6
357,Backbone-only norm.,0.028571428571428557,22,6
357,Z-score,0.30476190476190473,22,6
357,Quantile normalization,-0.09437876381790854,22,6
357,ComBat-EB,0.6428571428571429,22,6
357,Dawid-Skene EM,0.6288435150088423,22,6
357,Ensemble,-0.021762841323938388,22,6
357,CBC,0.9428571428571428,22,6
357,CBC-Weighted,0.9428571428571428,22,6
357,Oracle (eval-task beta),0.9999999999999999,22,6
358,Raw (no calibration),0.680952380952381,23,6
358,Random control,-0.07142857142857141,23,6
358,Per-language norm.,0.680952380952381,23,6
358,Backbone-only norm.,0.09047619047619047,23,6
358,Z-score,0.2714285714285714,23,6
358,Quantile normalization,-0.11091459230716551,23,6
358,ComBat-EB,0.680952380952381,23,6
358,Dawid-Skene EM,0.0,23,6
358,Ensemble,-0.01157049200939494,23,6
358,CBC,0.8619047619047618,23,6
358,CBC-Weighted,0.8619047619047618,23,6
358,Oracle (eval-task beta),0.9999999999999999,23,6
359,Raw (no calibration),0.680952380952381,17,6
359,Random control,0.09047619047619045,17,6
359,Per-language norm.,0.680952380952381,17,6
359,Backbone-only norm.,0.10476190476190476,17,6
359,Z-score,0.1952380952380952,17,6
359,Quantile normalization,-0.10634653664969038,17,6
359,ComBat-EB,0.680952380952381,17,6
359,Dawid-Skene EM,0.3800678080952247,17,6
359,Ensemble,0.1229957930035344,17,6
359,CBC,0.9285714285714286,17,6
359,CBC-Weighted,0.9285714285714286,17,6
359,Oracle (eval-task beta),0.9999999999999999,17,6
360,Raw (no calibration),0.6428571428571429,20,6
360,Random control,0.06666666666666667,20,6
360,Per-language norm.,0.6428571428571429,20,6
360,Backbone-only norm.,0.07619047619047617,20,6
360,Z-score,0.557142857142857,20,6
360,Quantile normalization,-0.10366786062482627,20,6
360,ComBat-EB,0.6428571428571429,20,6
360,Dawid-Skene EM,0.12101660094433116,20,6
360,Ensemble,-0.020062874902519155,20,6
360,CBC,0.9428571428571428,20,6
360,CBC-Weighted,0.9428571428571428,20,6
360,Oracle (eval-task beta),0.9999999999999999,20,6
361,Raw (no calibration),0.6142857142857144,22,6
361,Random control,-0.10952380952380951,22,6
361,Per-language norm.,0.6142857142857144,22,6
361,Backbone-only norm.,0.08571428571428572,22,6
361,Z-score,0.12380952380952384,22,6
361,Quantile normalization,-0.11323451943802819,22,6
361,ComBat-EB,0.6142857142857144,22,6
361,Dawid-Skene EM,0.716630414212286,22,6
361,Ensemble,0.02106790381745785,22,6
361,CBC,0.7952380952380952,22,6
361,CBC-Weighted,0.7952380952380952,22,6
361,Oracle (eval-task beta),0.9999999999999999,22,6
362,Raw (no calibration),0.680952380952381,22,6
362,Random control,0.038095238095238106,22,6
362,Per-language norm.,0.680952380952381,22,6
362,Backbone-only norm.,-0.04761904761904761,22,6
362,Z-score,0.004761904761904759,22,6
362,Quantile normalization,-0.11240889162102262,22,6
362,ComBat-EB,0.680952380952381,22,6
362,Dawid-Skene EM,-0.067658695537667,22,6
362,Ensemble,-0.05848873596290719,22,6
362,CBC,0.9285714285714286,22,6
362,CBC-Weighted,0.9285714285714286,22,6
362,Oracle (eval-task beta),0.9999999999999999,22,6
363,Raw (no calibration),0.6666666666666666,19,6
363,Random control,-0.014285714285714289,19,6
363,Per-language norm.,0.6666666666666666,19,6
363,Backbone-only norm.,0.07142857142857142,19,6
363,Z-score,0.3714285714285714,19,6
363,Quantile normalization,-0.07193443761427339,19,6
363,ComBat-EB,0.6666666666666666,19,6
363,Dawid-Skene EM,0.0,19,6
363,Ensemble,-0.02568907134742574,19,6
363,CBC,0.9666666666666666,19,6
363,CBC-Weighted,0.9666666666666666,19,6
363,Oracle (eval-task beta),0.9999999999999999,19,6
364,Raw (no calibration),0.6285714285714284,19,6
364,Random control,0.004761904761904763,19,6
364,Per-language norm.,0.6285714285714284,19,6
364,Backbone-only norm.,-1.1895246692412391e-17,19,6
364,Z-score,0.4,19,6
364,Quantile normalization,-0.07513064735792231,19,6
364,ComBat-EB,0.6285714285714284,19,6
364,Dawid-Skene EM,0.503968253968254,19,6
364,Ensemble,0.023850586922907428,19,6
364,CBC,0.8761904761904761,19,6
364,CBC-Weighted,0.8761904761904761,19,6
364,Oracle (eval-task beta),0.9999999999999999,19,6
365,Raw (no calibration),0.6666666666666667,21,6
365,Random control,0.004761904761904767,21,6
365,Per-language norm.,0.6666666666666667,21,6
365,Backbone-only norm.,-0.05714285714285716,21,6
365,Z-score,-0.08095238095238096,21,6
365,Quantile normalization,-0.08368710327477942,21,6
365,ComBat-EB,0.6666666666666667,21,6
365,Dawid-Skene EM,0.33994298198410694,21,6
365,Ensemble,-0.0879134377499176,21,6
365,CBC,0.9238095238095239,21,6
365,CBC-Weighted,0.9238095238095239,21,6
365,Oracle (eval-task beta),0.9999999999999999,21,6
366,Raw (no calibration),0.6142857142857141,17,6
366,Random control,0.004761904761904759,17,6
366,Per-language norm.,0.6142857142857141,17,6
366,Backbone-only norm.,0.08571428571428573,17,6
366,Z-score,0.1571428571428571,17,6
366,Quantile normalization,-0.08407419691666199,17,6
366,ComBat-EB,0.6142857142857141,17,6
366,Dawid-Skene EM,0.716630414212286,17,6
366,Ensemble,0.03619515900064434,17,6
366,CBC,0.8190476190476189,17,6
366,CBC-Weighted,0.8190476190476189,17,6
366,Oracle (eval-task beta),0.9999999999999999,17,6
367,Raw (no calibration),0.6285714285714287,17,6
367,Random control,0.07619047619047617,17,6
367,Per-language norm.,0.6285714285714287,17,6
367,Backbone-only norm.,-0.06666666666666667,17,6
367,Z-score,0.17142857142857146,17,6
367,Quantile normalization,-0.08658124540112909,17,6
367,ComBat-EB,0.6285714285714287,17,6
367,Dawid-Skene EM,1.0,17,6
367,Ensemble,-0.012239031800128867,17,6
367,CBC,0.8904761904761903,17,6
367,CBC-Weighted,0.8904761904761903,17,6
367,Oracle (eval-task beta),0.9999999999999999,17,6
368,Raw (no calibration),0.6428571428571429,19,6
368,Random control,0.12857142857142856,19,6
368,Per-language norm.,0.6428571428571429,19,6
368,Backbone-only norm.,0.1380952380952381,19,6
368,Z-score,0.28095238095238095,19,6
368,Quantile normalization,-0.07793580005430446,19,6
368,ComBat-EB,0.6428571428571429,19,6
368,Dawid-Skene EM,0.4835624527360996,19,6
368,Ensemble,0.08194052524084484,19,6
368,CBC,0.8523809523809524,19,6
368,CBC-Weighted,0.8523809523809524,19,6
368,Oracle (eval-task beta),0.9999999999999999,19,6
369,Raw (no calibration),0.6571428571428571,21,6
369,Random control,0.08571428571428572,21,6
369,Per-language norm.,0.6571428571428571,21,6
369,Backbone-only norm.,0.0619047619047619,21,6
369,Z-score,-0.02380952380952381,21,6
369,Quantile normalization,-0.1160362198693092,21,6
369,ComBat-EB,0.6571428571428571,21,6
369,Dawid-Skene EM,0.6022292508680184,21,6
369,Ensemble,-0.05355969625331897,21,6
369,CBC,0.9095238095238096,21,6
369,CBC-Weighted,0.9095238095238096,21,6
369,Oracle (eval-task beta),0.9999999999999999,21,6
370,Raw (no calibration),0.6285714285714287,25,6
370,Random control,0.05714285714285711,25,6
370,Per-language norm.,0.6285714285714287,25,6
370,Backbone-only norm.,0.08095238095238096,25,6
370,Z-score,0.12380952380952379,25,6
370,Quantile normalization,-0.09693944200295787,25,6
370,ComBat-EB,0.6142857142857141,25,6
370,Dawid-Skene EM,0.7182539682539684,25,6
370,Ensemble,0.00338376206705329,25,6
370,CBC,0.8761904761904761,25,6
370,CBC-Weighted,0.8761904761904761,25,6
370,Oracle (eval-task beta),0.9999999999999999,25,6
371,Raw (no calibration),0.6523809523809524,16,6
371,Random control,0.004761904761904757,16,6
371,Per-language norm.,0.6523809523809524,16,6
371,Backbone-only norm.,-0.06666666666666667,16,6
371,Z-score,0.2095238095238095,16,6
371,Quantile normalization,-0.0651506382306067,16,6
371,ComBat-EB,0.6523809523809524,16,6
371,Dawid-Skene EM,0.021397212391275164,16,6
371,Ensemble,-0.04013223522210617,16,6
371,CBC,0.9428571428571428,16,6
371,CBC-Weighted,0.9428571428571428,16,6
371,Oracle (eval-task beta),0.9999999999999999,16,6
372,Raw (no calibration),0.6285714285714287,21,6
372,Random control,-0.038095238095238085,21,6
372,Per-language norm.,0.6285714285714287,21,6
372,Backbone-only norm.,-0.01904761904761904,21,6
372,Z-score,0.36190476190476184,21,6
372,Quantile normalization,-0.0918459272773687,21,6
372,ComBat-EB,0.6285714285714287,21,6
372,Dawid-Skene EM,0.6738043365125019,21,6
372,Ensemble,-0.06868710119473839,21,6
372,CBC,0.8380952380952381,21,6
372,CBC-Weighted,0.8380952380952381,21,6
372,Oracle (eval-task beta),0.9999999999999999,21,6
373,Raw (no calibration),0.6285714285714287,22,6
373,Random control,0.038095238095238106,22,6
373,Per-language norm.,0.6285714285714287,22,6
373,Backbone-only norm.,0.042857142857142864,22,6
373,Z-score,0.24285714285714283,22,6
373,Quantile normalization,-0.1036856230264037,22,6
373,ComBat-EB,0.6285714285714287,22,6
373,Dawid-Skene EM,0.4568885861609073,22,6
373,Ensemble,0.03771990508648752,22,6
373,CBC,0.9238095238095235,22,6
373,CBC-Weighted,0.9238095238095235,22,6
373,Oracle (eval-task beta),0.9999999999999999,22,6
374,Raw (no calibration),0.6523809523809524,22,6
374,Random control,-0.00952380952380952,22,6
374,Per-language norm.,0.6523809523809524,22,6
374,Backbone-only norm.,0.009523809523809528,22,6
374,Z-score,0.5047619047619047,22,6
374,Quantile normalization,-0.08163717907228284,22,6
374,ComBat-EB,0.6285714285714287,22,6
374,Dawid-Skene EM,0.6150970800281369,22,6
374,Ensemble,0.037973603011044896,22,6
374,CBC,0.8904761904761905,22,6
374,CBC-Weighted,0.8904761904761905,22,6
374,Oracle (eval-task beta),0.9999999999999999,22,6
375,Raw (no calibration),0.6428571428571429,20,6
375,Random control,-0.028571428571428574,20,6
375,Per-language norm.,0.6428571428571429,20,6
375,Backbone-only norm.,0.19047619047619044,20,6
375,Z-score,0.30476190476190473,20,6
375,Quantile normalization,-0.10935596268703802,20,6
375,ComBat-EB,0.6428571428571429,20,6
375,Dawid-Skene EM,0.24401506375992313,20,6
375,Ensemble,0.10828933714042231,20,6
375,CBC,0.8952380952380953,20,6
375,CBC-Weighted,0.8952380952380953,20,6
375,Oracle (eval-task beta),0.9999999999999999,20,6
376,Raw (no calibration),0.6666666666666667,17,6
376,Random control,-0.03809523809523809,17,6
376,Per-language norm.,0.6666666666666667,17,6
376,Backbone-only norm.,0.009523809523809518,17,6
376,Z-score,0.19047619047619044,17,6
376,Quantile normalization,-0.09713317855588133,17,6
376,ComBat-EB,0.6666666666666667,17,6
376,Dawid-Skene EM,0.20000000000000004,17,6
376,Ensemble,-0.04165493434855705,17,6
376,CBC,0.9285714285714286,17,6
376,CBC-Weighted,0.9285714285714286,17,6
376,Oracle (eval-task beta),0.9999999999999999,17,6
377,Raw (no calibration),0.6428571428571427,21,6
377,Random control,0.061904761904761886,21,6
377,Per-language norm.,0.6428571428571427,21,6
377,Backbone-only norm.,0.09523809523809523,21,6
377,Z-score,-0.023809523809523808,21,6
377,Quantile normalization,-0.0926267663431994,21,6
377,ComBat-EB,0.6428571428571427,21,6
377,Dawid-Skene EM,0.27397106785910846,21,6
377,Ensemble,-0.041816203137185745,21,6
377,CBC,0.9666666666666666,21,6
377,CBC-Weighted,0.9666666666666666,21,6
377,Oracle (eval-task beta),0.9999999999999999,21,6
378,Raw (no calibration),0.6285714285714287,24,6
378,Random control,-0.014285714285714277,24,6
378,Per-language norm.,0.6285714285714287,24,6
378,Backbone-only norm.,0.13809523809523808,24,6
378,Z-score,0.11904761904761904,24,6
378,Quantile normalization,-0.09022498019111395,24,6
378,ComBat-EB,0.6285714285714287,24,6
378,Dawid-Skene EM,0.5979140363022555,24,6
378,Ensemble,0.05472084164852114,24,6
378,CBC,0.8761904761904761,24,6
378,CBC-Weighted,0.8761904761904761,24,6
378,Oracle (eval-task beta),0.9999999999999999,24,6
379,Raw (no calibration),0.6095238095238094,21,6
379,Random control,-0.06190476190476191,21,6
379,Per-language norm.,0.6095238095238094,21,6
379,Backbone-only norm.,0.09999999999999999,21,6
379,Z-score,0.5523809523809524,21,6
379,Quantile normalization,-0.0900288175861924,21,6
379,ComBat-EB,0.6095238095238094,21,6
379,Dawid-Skene EM,0.6738043365125019,21,6
379,Ensemble,0.026164078474729565,21,6
379,CBC,0.7999999999999999,21,6
379,CBC-Weighted,0.7999999999999999,21,6
379,Oracle (eval-task beta),0.9999999999999999,21,6
380,Raw (no calibration),0.6666666666666666,25,6
380,Random control,-0.014285714285714292,25,6
380,Per-language norm.,0.6666666666666666,25,6
380,Backbone-only norm.,-0.004761904761904765,25,6
380,Z-score,0.1142857142857143,25,6
380,Quantile normalization,-0.09820376541623584,25,6
380,ComBat-EB,0.6666666666666666,25,6
380,Dawid-Skene EM,0.20000000000000004,25,6
380,Ensemble,-0.03521581395076267,25,6
380,CBC,0.9238095238095239,25,6
380,CBC-Weighted,0.9238095238095239,25,6
380,Oracle (eval-task beta),0.9999999999999999,25,6
381,Raw (no calibration),0.6238095238095236,22,6
381,Random control,-0.09523809523809523,22,6
381,Per-language norm.,0.6238095238095236,22,6
381,Backbone-only norm.,-0.004761904761904773,22,6
381,Z-score,5.9476233462061954e-18,22,6
381,Quantile normalization,-0.09563045733785637,22,6
381,ComBat-EB,0.6238095238095236,22,6
381,Dawid-Skene EM,0.6857033858524727,22,6
381,Ensemble,-0.0358814206619692,22,6
381,CBC,0.8380952380952381,22,6
381,CBC-Weighted,0.8380952380952381,22,6
381,Oracle (eval-task beta),0.9999999999999999,22,6
382,Raw (no calibration),0.6428571428571429,23,6
382,Random control,-0.05714285714285715,23,6
382,Per-language norm.,0.6428571428571429,23,6
382,Backbone-only norm.,0.2952380952380952,23,6
382,Z-score,0.46666666666666673,23,6
382,Quantile normalization,-0.09231459241417275,23,6
382,ComBat-EB,0.6428571428571429,23,6
382,Dawid-Skene EM,0.4404761904761904,23,6
382,Ensemble,0.09486276222934463,23,6
382,CBC,0.9333333333333333,23,6
382,CBC-Weighted,0.9333333333333333,23,6
382,Oracle (eval-task beta),0.9999999999999999,23,6
383,Raw (no calibration),0.6095238095238094,19,6
383,Random control,0.038095238095238106,19,6
383,Per-language norm.,0.6095238095238094,19,6
383,Backbone-only norm.,0.13809523809523808,19,6
383,Z-score,0.1619047619047619,19,6
383,Quantile normalization,-0.09891032290956744,19,6
383,ComBat-EB,0.6095238095238094,19,6
383,Dawid-Skene EM,0.21086113025183686,19,6
383,Ensemble,0.09587437115402775,19,6
383,CBC,0.7666666666666667,19,6
383,CBC-Weighted,0.7666666666666667,19,6
383,Oracle (eval-task beta),0.9999999999999999,19,6
384,Raw (no calibration),0.6285714285714287,17,6
384,Random control,-0.019047619047619042,17,6
384,Per-language norm.,0.6285714285714287,17,6
384,Backbone-only norm.,0.07619047619047617,17,6
384,Z-score,0.1333333333333333,17,6
384,Quantile normalization,-0.08848409955007142,17,6
384,ComBat-EB,0.5952380952380952,17,6
384,Dawid-Skene EM,0.6022292508680184,17,6
384,Ensemble,0.03111658282053703,17,6
384,CBC,0.9428571428571428,17,6
384,CBC-Weighted,0.9428571428571428,17,6
384,Oracle (eval-task beta),0.9999999999999999,17,6
385,Raw (no calibration),0.680952380952381,20,6
385,Random control,-0.06190476190476191,20,6
385,Per-language norm.,0.680952380952381,20,6
385,Backbone-only norm.,0.05714285714285713,20,6
385,Z-score,0.4761904761904761,20,6
385,Quantile normalization,-0.06979084416838591,20,6
385,ComBat-EB,0.680952380952381,20,6
385,Dawid-Skene EM,0.22230791721149976,20,6
385,Ensemble,0.04761904761904761,20,6
385,CBC,0.8952380952380953,20,6
385,CBC-Weighted,0.8952380952380953,20,6
385,Oracle (eval-task beta),0.9999999999999999,20,6
386,Raw (no calibration),0.6095238095238095,20,6
386,Random control,-0.09047619047619046,20,6
386,Per-language norm.,0.6095238095238095,20,6
386,Backbone-only norm.,0.08571428571428572,20,6
386,Z-score,0.11904761904761905,20,6
386,Quantile normalization,-0.09671611899654783,20,6
386,ComBat-EB,0.6095238095238095,20,6
386,Dawid-Skene EM,0.6150970800281369,20,6
386,Ensemble,0.009682145232910805,20,6
386,CBC,0.9428571428571428,20,6
386,CBC-Weighted,0.9428571428571428,20,6
386,Oracle (eval-task beta),0.9999999999999999,20,6
387,Raw (no calibration),0.6238095238095237,21,6
387,Random control,-0.019047619047619053,21,6
387,Per-language norm.,0.6238095238095237,21,6
387,Backbone-only norm.,-0.014285714285714294,21,6
387,Z-score,0.29047619047619044,21,6
387,Quantile normalization,-0.09590277800385305,21,6
387,ComBat-EB,0.6238095238095237,21,6
387,Dawid-Skene EM,0.9272445692856943,21,6
387,Ensemble,-0.030597579500322176,21,6
387,CBC,0.8761904761904761,21,6
387,CBC-Weighted,0.8761904761904761,21,6
387,Oracle (eval-task beta),0.9999999999999999,21,6
388,Raw (no calibration),0.6571428571428571,21,6
388,Random control,-0.038095238095238106,21,6
388,Per-language norm.,0.6571428571428571,21,6
388,Backbone-only norm.,0.1571428571428571,21,6
388,Z-score,0.29999999999999993,21,6
388,Quantile normalization,-0.07799218495258844,21,6
388,ComBat-EB,0.6571428571428571,21,6
388,Dawid-Skene EM,0.48501953317261753,21,6
388,Ensemble,0.04014778673987831,21,6
388,CBC,0.8761904761904761,21,6
388,CBC-Weighted,0.8761904761904761,21,6
388,Oracle (eval-task beta),0.9999999999999999,21,6
389,Raw (no calibration),0.6904761904761905,21,6
389,Random control,-0.028571428571428564,21,6
389,Per-language norm.,0.6904761904761905,21,6
389,Backbone-only norm.,0.13333333333333333,21,6
389,Z-score,0.2952380952380952,21,6
389,Quantile normalization,-0.09342358979415791,21,6
389,ComBat-EB,0.6904761904761905,21,6
389,Dawid-Skene EM,0.25075894507783303,21,6
389,Ensemble,0.03078524600469746,21,6
389,CBC,0.9666666666666666,21,6
389,CBC-Weighted,0.9666666666666666,21,6
389,Oracle (eval-task beta),0.9999999999999999,21,6
390,Raw (no calibration),0.6380952380952382,20,6
390,Random control,0.06666666666666667,20,6
390,Per-language norm.,0.6380952380952382,20,6
390,Backbone-only norm.,0.08095238095238096,20,6
390,Z-score,0.18095238095238095,20,6
390,Quantile normalization,-0.09205502618379009,20,6
390,ComBat-EB,0.6380952380952382,20,6
390,Dawid-Skene EM,0.8628679329364746,20,6
390,Ensemble,0.08395757185649769,20,6
390,CBC,0.9428571428571428,20,6
390,CBC-Weighted,0.9428571428571428,20,6
390,Oracle (eval-task beta),0.9999999999999999,20,6
391,Raw (no calibration),0.6142857142857144,18,6
391,Random control,-0.04285714285714286,18,6
391,Per-language norm.,0.6142857142857144,18,6
391,Backbone-only norm.,0.04285714285714286,18,6
391,Z-score,0.29999999999999993,18,6
391,Quantile normalization,-0.10740649649079606,18,6
391,ComBat-EB,0.6142857142857144,18,6
391,Dawid-Skene EM,0.4835624527360996,18,6
391,Ensemble,0.015998126875932734,18,6
391,CBC,0.9095238095238096,18,6
391,CBC-Weighted,0.9095238095238096,18,6
391,Oracle (eval-task beta),0.9999999999999999,18,6
392,Raw (no calibration),0.6523809523809524,17,6
392,Random control,-0.05714285714285714,17,6
392,Per-language norm.,0.6523809523809524,17,6
392,Backbone-only norm.,-0.05714285714285715,17,6
392,Z-score,0.23809523809523805,17,6
392,Quantile normalization,-0.07498160753826195,17,6
392,ComBat-EB,0.6523809523809524,17,6
392,Dawid-Skene EM,0.0,17,6
392,Ensemble,-0.017868875175252465,17,6
392,CBC,0.8904761904761903,17,6
392,CBC-Weighted,0.8904761904761903,17,6
392,Oracle (eval-task beta),0.9999999999999999,17,6
393,Raw (no calibration),0.6904761904761905,24,6
393,Random control,-0.02380952380952381,24,6
393,Per-language norm.,0.6904761904761905,24,6
393,Backbone-only norm.,0.04285714285714285,24,6
393,Z-score,0.0619047619047619,24,6
393,Quantile normalization,-0.10008390790812939,24,6
393,ComBat-EB,0.6904761904761905,24,6
393,Dawid-Skene EM,0.0723620596982532,24,6
393,Ensemble,-0.01241496598639456,24,6
393,CBC,0.9428571428571428,24,6
393,CBC-Weighted,0.9428571428571428,24,6
393,Oracle (eval-task beta),0.9999999999999999,24,6
394,Raw (no calibration),0.6285714285714287,21,6
394,Random control,0.02380952380952381,21,6
394,Per-language norm.,0.6285714285714287,21,6
394,Backbone-only norm.,-0.09047619047619047,21,6
394,Z-score,0.41428571428571426,21,6
394,Quantile normalization,-0.10428647111284817,21,6
394,ComBat-EB,0.6285714285714287,21,6
394,Dawid-Skene EM,0.6497480752962675,21,6
394,Ensemble,-0.07106790381745784,21,6
394,CBC,0.895238095238095,21,6
394,CBC-Weighted,0.895238095238095,21,6
394,Oracle (eval-task beta),0.9999999999999999,21,6
395,Raw (no calibration),0.6428571428571429,18,6
395,Random control,-0.06190476190476189,18,6
395,Per-language norm.,0.6428571428571429,18,6
395,Backbone-only norm.,-0.047619047619047596,18,6
395,Z-score,0.4047619047619047,18,6
395,Quantile normalization,-0.09761572629647497,18,6
395,ComBat-EB,0.6428571428571429,18,6
395,Dawid-Skene EM,0.6288435150088423,18,6
395,Ensemble,-0.012253697197765883,18,6
395,CBC,0.895238095238095,18,6
395,CBC-Weighted,0.895238095238095,18,6
395,Oracle (eval-task beta),0.9999999999999999,18,6
396,Raw (no calibration),0.6476190476190476,24,6
396,Random control,0.004761904761904757,24,6
396,Per-language norm.,0.6476190476190476,24,6
396,Backbone-only norm.,0.03333333333333333,24,6
396,Z-score,0.15238095238095237,24,6
396,Quantile normalization,-0.12315903060172709,24,6
396,ComBat-EB,0.6476190476190476,24,6
396,Dawid-Skene EM,0.20000000000000004,24,6
396,Ensemble,0.0033749628284710687,24,6
396,CBC,0.9095238095238096,24,6
396,CBC-Weighted,0.9095238095238096,24,6
396,Oracle (eval-task beta),0.9999999999999999,24,6
397,Raw (no calibration),0.6238095238095236,21,6
397,Random control,-0.028571428571428574,21,6
397,Per-language norm.,0.6238095238095236,21,6
397,Backbone-only norm.,0.1285714285714286,21,6
397,Z-score,0.1380952380952381,21,6
397,Quantile normalization,-0.08552172515295918,21,6
397,ComBat-EB,0.6238095238095236,21,6
397,Dawid-Skene EM,0.28369760344246286,21,6
397,Ensemble,0.03504574592355177,21,6
397,CBC,0.780952380952381,21,6
397,CBC-Weighted,0.780952380952381,21,6
397,Oracle (eval-task beta),0.9999999999999999,21,6
398,Raw (no calibration),0.6285714285714287,17,6
398,Random control,-0.0047619047619047545,17,6
398,Per-language norm.,0.6285714285714287,17,6
398,Backbone-only norm.,-0.0238095238095238,17,6
398,Z-score,0.10952380952380951,17,6
398,Quantile normalization,-0.10245475566323918,17,6
398,ComBat-EB,0.6523809523809524,17,6
398,Dawid-Skene EM,0.21313576957141117,17,6
398,Ensemble,-0.07156930866050829,17,6
398,CBC,0.9333333333333333,17,6
398,CBC-Weighted,0.9333333333333333,17,6
398,Oracle (eval-task beta),0.9999999999999999,17,6
399,Raw (no calibration),0.6523809523809524,23,6
399,Random control,0.07142857142857142,23,6
399,Per-language norm.,0.6523809523809524,23,6
399,Backbone-only norm.,-0.03333333333333334,23,6
399,Z-score,0.11428571428571425,23,6
399,Quantile normalization,-0.11377259600404875,23,6
399,ComBat-EB,0.6523809523809524,23,6
399,Dawid-Skene EM,0.52,23,6
399,Ensemble,-0.02107963613556744,23,6
399,CBC,0.9428571428571428,23,6
399,CBC-Weighted,0.9428571428571428,23,6
399,Oracle (eval-task beta),0.9999999999999999,23,6
400,Raw (no calibration),0.6428571428571429,16,6
400,Random control,-0.061904761904761886,16,6
400,Per-language norm.,0.6428571428571429,16,6
400,Backbone-only norm.,-0.09523809523809523,16,6
400,Z-score,-0.02380952380952381,16,6
400,Quantile normalization,-0.11108635771647153,16,6
400,ComBat-EB,0.6428571428571429,16,6
400,Dawid-Skene EM,0.15846055842145712,16,6
400,Ensemble,-0.12105617149934823,16,6
400,CBC,0.9428571428571428,16,6
400,CBC-Weighted,0.9428571428571428,16,6
400,Oracle (eval-task beta),0.9999999999999999,16,6
401,Raw (no calibration),0.6428571428571429,21,6
401,Random control,0.004761904761904757,21,6
401,Per-language norm.,0.6428571428571429,21,6
401,Backbone-only norm.,-0.03333333333333334,21,6
401,Z-score,0.10952380952380954,21,6
401,Quantile normalization,-0.10077649637270705,21,6
401,ComBat-EB,0.6428571428571429,21,6
401,Dawid-Skene EM,0.2733109693295016,21,6
401,Ensemble,-0.021724978152204224,21,6
401,CBC,0.9095238095238093,21,6
401,CBC-Weighted,0.9095238095238093,21,6
401,Oracle (eval-task beta),0.9999999999999999,21,6
402,Raw (no calibration),0.6666666666666666,21,6
402,Random control,-0.009523809523809514,21,6
402,Per-language norm.,0.6666666666666666,21,6
402,Backbone-only norm.,0.21428571428571425,21,6
402,Z-score,0.2619047619047619,21,6
402,Quantile normalization,-0.10952623912619235,21,6
402,ComBat-EB,0.6666666666666666,21,6
402,Dawid-Skene EM,0.4079571364593186,21,6
402,Ensemble,0.1923989252721072,21,6
402,CBC,0.9238095238095237,21,6
402,CBC-Weighted,0.9238095238095237,21,6
402,Oracle (eval-task beta),0.9999999999999999,21,6
403,Raw (no calibration),0.6523809523809524,19,6
403,Random control,0.19999999999999998,19,6
403,Per-language norm.,0.6523809523809524,19,6
403,Backbone-only norm.,-0.06190476190476189,19,6
403,Z-score,0.13809523809523808,19,6
403,Quantile normalization,-0.09583415289997446,19,6
403,ComBat-EB,0.6523809523809524,19,6
403,Dawid-Skene EM,0.6150970800281369,19,6
403,Ensemble,-0.025991077367991288,19,6
403,CBC,0.9285714285714286,19,6
403,CBC-Weighted,0.9285714285714286,19,6
403,Oracle (eval-task beta),0.9999999999999999,19,6
404,Raw (no calibration),0.680952380952381,20,6
404,Random control,-0.009523809523809523,20,6
404,Per-language norm.,0.680952380952381,20,6
404,Backbone-only norm.,0.07619047619047618,20,6
404,Z-score,0.5476190476190476,20,6
404,Quantile normalization,-0.0957783444919208,20,6
404,ComBat-EB,0.680952380952381,20,6
404,Dawid-Skene EM,1.0,20,6
404,Ensemble,0.10182968518593609,20,6
404,CBC,0.9333333333333333,20,6
404,CBC-Weighted,0.9333333333333333,20,6
404,Oracle (eval-task beta),0.9999999999999999,20,6
405,Raw (no calibration),0.6428571428571429,20,6
405,Random control,0.1476190476190476,20,6
405,Per-language norm.,0.6428571428571429,20,6
405,Backbone-only norm.,0.09523809523809522,20,6
405,Z-score,0.07619047619047618,20,6
405,Quantile normalization,-0.09671933912590223,20,6
405,ComBat-EB,0.6428571428571429,20,6
405,Dawid-Skene EM,0.716630414212286,20,6
405,Ensemble,-0.00034306913394916864,20,6
405,CBC,0.819047619047619,20,6
405,CBC-Weighted,0.819047619047619,20,6
405,Oracle (eval-task beta),0.9999999999999999,20,6
406,Raw (no calibration),0.6285714285714287,19,6
406,Random control,0.07619047619047617,19,6
406,Per-language norm.,0.6285714285714287,19,6
406,Backbone-only norm.,0.16666666666666666,19,6
406,Z-score,0.10476190476190474,19,6
406,Quantile normalization,-0.09009876233660048,19,6
406,ComBat-EB,0.6285714285714287,19,6
406,Dawid-Skene EM,0.48234119640946915,19,6
406,Ensemble,0.07125263724230574,19,6
406,CBC,0.8714285714285713,19,6
406,CBC-Weighted,0.8714285714285713,19,6
406,Oracle (eval-task beta),0.9999999999999999,19,6
407,Raw (no calibration),0.6571428571428571,22,6
407,Random control,-0.009523809523809532,22,6
407,Per-language norm.,0.6571428571428571,22,6
407,Backbone-only norm.,-3.96508223080413e-18,22,6
407,Z-score,0.4523809523809524,22,6
407,Quantile normalization,-0.09631386586116587,22,6
407,ComBat-EB,0.6571428571428571,22,6
407,Dawid-Skene EM,0.9272445692856943,22,6
407,Ensemble,-0.05131654802477603,22,6
407,CBC,0.9666666666666666,22,6
407,CBC-Weighted,0.9666666666666666,22,6
407,Oracle (eval-task beta),0.9999999999999999,22,6
408,Raw (no calibration),0.6523809523809524,19,6
408,Random control,0.01428571428571428,19,6
408,Per-language norm.,0.6523809523809524,19,6
408,Backbone-only norm.,0.05714285714285715,19,6
408,Z-score,0.26190476190476186,19,6
408,Quantile normalization,-0.11679321463599505,19,6
408,ComBat-EB,0.6523809523809524,19,6
408,Dawid-Skene EM,0.503968253968254,19,6
408,Ensemble,-0.028571428571428574,19,6
408,CBC,0.9666666666666666,19,6
408,CBC-Weighted,0.9666666666666666,19,6
408,Oracle (eval-task beta),0.9999999999999999,19,6
409,Raw (no calibration),0.6285714285714287,23,6
409,Random control,0.01904761904761903,23,6
409,Per-language norm.,0.6285714285714287,23,6
409,Backbone-only norm.,-0.08095238095238093,23,6
409,Z-score,-0.09047619047619047,23,6
409,Quantile normalization,-0.09744158171559625,23,6
409,ComBat-EB,0.6285714285714287,23,6
409,Dawid-Skene EM,0.2756690400554765,23,6
409,Ensemble,-0.10483375834797475,23,6
409,CBC,0.9095238095238093,23,6
409,CBC-Weighted,0.9095238095238093,23,6
409,Oracle (eval-task beta),0.9999999999999999,23,6
410,Raw (no calibration),0.6571428571428571,21,6
410,Random control,-0.038095238095238106,21,6
410,Per-language norm.,0.6571428571428571,21,6
410,Backbone-only norm.,-0.0047619047619047745,21,6
410,Z-score,0.004761904761904765,21,6
410,Quantile normalization,-0.08072534920308061,21,6
410,ComBat-EB,0.6571428571428571,21,6
410,Dawid-Skene EM,0.7590243887083169,21,6
410,Ensemble,-0.09689477931729304,21,6
410,CBC,0.9333333333333332,21,6
410,CBC-Weighted,0.9333333333333332,21,6
410,Oracle (eval-task beta),0.9999999999999999,21,6
411,Raw (no calibration),0.5952380952380952,18,6
411,Random control,-0.04761904761904761,18,6
411,Per-language norm.,0.5952380952380952,18,6
411,Backbone-only norm.,0.1285714285714286,18,6
411,Z-score,0.2809523809523809,18,6
411,Quantile normalization,-0.07522420301706137,18,6
411,ComBat-EB,0.6095238095238095,18,6
411,Dawid-Skene EM,0.6150970800281369,18,6
411,Ensemble,0.1066414522998067,18,6
411,CBC,0.895238095238095,18,6
411,CBC-Weighted,0.895238095238095,18,6
411,Oracle (eval-task beta),0.9999999999999999,18,6
412,Raw (no calibration),0.6285714285714287,22,6
412,Random control,0.11428571428571425,22,6
412,Per-language norm.,0.6285714285714287,22,6
412,Backbone-only norm.,0.028571428571428574,22,6
412,Z-score,0.17142857142857143,22,6
412,Quantile normalization,-0.09113052055817329,22,6
412,ComBat-EB,0.6285714285714287,22,6
412,Dawid-Skene EM,0.6288435150088423,22,6
412,Ensemble,0.011250887511664972,22,6
412,CBC,0.8904761904761903,22,6
412,CBC-Weighted,0.8904761904761903,22,6
412,Oracle (eval-task beta),0.9999999999999999,22,6
413,Raw (no calibration),0.6571428571428571,23,6
413,Random control,-0.08095238095238096,23,6
413,Per-language norm.,0.6571428571428571,23,6
413,Backbone-only norm.,-0.03333333333333334,23,6
413,Z-score,0.3333333333333333,23,6
413,Quantile normalization,-0.10595692529649384,23,6
413,ComBat-EB,0.6571428571428571,23,6
413,Dawid-Skene EM,0.6022292508680184,23,6
413,Ensemble,-0.06411857933803082,23,6
413,CBC,0.9666666666666666,23,6
413,CBC-Weighted,0.9666666666666666,23,6
413,Oracle (eval-task beta),0.9999999999999999,23,6
414,Raw (no calibration),0.6428571428571429,22,6
414,Random control,0.028571428571428557,22,6
414,Per-language norm.,0.6428571428571429,22,6
414,Backbone-only norm.,0.09523809523809523,22,6
414,Z-score,0.3714285714285714,22,6
414,Quantile normalization,-0.10001034093694099,22,6
414,ComBat-EB,0.6428571428571429,22,6
414,Dawid-Skene EM,0.8628679329364746,22,6
414,Ensemble,-0.023806590729996413,22,6
414,CBC,0.9285714285714286,22,6
414,CBC-Weighted,0.9285714285714286,22,6
414,Oracle (eval-task beta),0.9999999999999999,22,6
415,Raw (no calibration),0.6428571428571429,21,6
415,Random control,-0.07142857142857142,21,6
415,Per-language norm.,0.6428571428571429,21,6
415,Backbone-only norm.,0.08095238095238096,21,6
415,Z-score,0.457142857142857,21,6
415,Quantile normalization,-0.09457127667742639,21,6
415,ComBat-EB,0.6428571428571429,21,6
415,Dawid-Skene EM,0.9272445692856943,21,6
415,Ensemble,0.06868695143650547,21,6
415,CBC,0.9666666666666666,21,6
415,CBC-Weighted,0.9666666666666666,21,6
415,Oracle (eval-task beta),0.9999999999999999,21,6
416,Raw (no calibration),0.6476190476190476,21,6
416,Random control,-0.06190476190476191,21,6
416,Per-language norm.,0.6476190476190476,21,6
416,Backbone-only norm.,0.07619047619047618,21,6
416,Z-score,0.15238095238095234,21,6
416,Quantile normalization,-0.10835654507015827,21,6
416,ComBat-EB,0.6476190476190476,21,6
416,Dawid-Skene EM,0.39999999999999997,21,6
416,Ensemble,0.05578524600469746,21,6
416,CBC,0.9238095238095237,21,6
416,CBC-Weighted,0.9238095238095237,21,6
416,Oracle (eval-task beta),0.9999999999999999,21,6
417,Raw (no calibration),0.6571428571428571,16,6
417,Random control,0.05238095238095238,16,6
417,Per-language norm.,0.6571428571428571,16,6
417,Backbone-only norm.,-0.023809523809523815,16,6
417,Z-score,0.2333333333333333,16,6
417,Quantile normalization,-0.10843725808999324,16,6
417,ComBat-EB,0.6571428571428571,16,6
417,Dawid-Skene EM,0.3800678080952247,16,6
417,Ensemble,-0.011904761904761915,16,6
417,CBC,0.9666666666666666,16,6
417,CBC-Weighted,0.9666666666666666,16,6
417,Oracle (eval-task beta),0.9999999999999999,16,6
418,Raw (no calibration),0.6285714285714284,22,6
418,Random control,0.27619047619047615,22,6
418,Per-language norm.,0.6285714285714284,22,6
418,Backbone-only norm.,0.0,22,6
418,Z-score,0.04285714285714285,22,6
418,Quantile normalization,-0.10561245415220359,22,6
418,ComBat-EB,0.6285714285714284,22,6
418,Dawid-Skene EM,0.4835624527360996,22,6
418,Ensemble,-0.00952380952380952,22,6
418,CBC,0.8619047619047618,22,6
418,CBC-Weighted,0.8619047619047618,22,6
418,Oracle (eval-task beta),0.9999999999999999,22,6
419,Raw (no calibration),0.680952380952381,23,6
419,Random control,0.06666666666666667,23,6
419,Per-language norm.,0.680952380952381,23,6
419,Backbone-only norm.,-0.07619047619047618,23,6
419,Z-score,-0.038095238095238085,23,6
419,Quantile normalization,-0.10552225513919178,23,6
419,ComBat-EB,0.680952380952381,23,6
419,Dawid-Skene EM,0.21302258260369342,23,6
419,Ensemble,-0.06630306597602567,23,6
419,CBC,0.8857142857142856,23,6
419,CBC-Weighted,0.8857142857142856,23,6
419,Oracle (eval-task beta),0.9999999999999999,23,6
420,Raw (no calibration),0.6904761904761905,19,6
420,Random control,0.2571428571428571,19,6
420,Per-language norm.,0.6904761904761905,19,6
420,Backbone-only norm.,0.11904761904761904,19,6
420,Z-score,0.419047619047619,19,6
420,Quantile normalization,-0.11405481923740941,19,6
420,ComBat-EB,0.6904761904761905,19,6
420,Dawid-Skene EM,0.2375966836152159,19,6
420,Ensemble,0.032339993259242215,19,6
420,CBC,0.9238095238095239,19,6
420,CBC-Weighted,0.9238095238095239,19,6
420,Oracle (eval-task beta),0.9999999999999999,19,6
421,Raw (no calibration),0.6238095238095236,19,6
421,Random control,-0.03809523809523809,19,6
421,Per-language norm.,0.6238095238095236,19,6
421,Backbone-only norm.,0.29999999999999993,19,6
421,Z-score,0.4142857142857142,19,6
421,Quantile normalization,-0.10183337509051103,19,6
421,ComBat-EB,0.6238095238095236,19,6
421,Dawid-Skene EM,0.44341932440794557,19,6
421,Ensemble,0.19771682084148837,19,6
421,CBC,0.8714285714285713,19,6
421,CBC-Weighted,0.8714285714285713,19,6
421,Oracle (eval-task beta),0.9999999999999999,19,6
422,Raw (no calibration),0.6238095238095239,21,6
422,Random control,-0.033333333333333354,21,6
422,Per-language norm.,0.6238095238095239,21,6
422,Backbone-only norm.,0.23333333333333334,21,6
422,Z-score,0.5428571428571428,21,6
422,Quantile normalization,-0.09035452818903203,21,6
422,ComBat-EB,0.6238095238095239,21,6
422,Dawid-Skene EM,0.21313576957141125,21,6
422,Ensemble,0.1625322385821122,21,6
422,CBC,0.9333333333333333,21,6
422,CBC-Weighted,0.9333333333333333,21,6
422,Oracle (eval-task beta),0.9999999999999999,21,6
423,Raw (no calibration),0.6047619047619047,17,6
423,Random control,0.023809523809523805,17,6
423,Per-language norm.,0.6047619047619047,17,6
423,Backbone-only norm.,0.03333333333333333,17,6
423,Z-score,0.18095238095238095,17,6
423,Quantile normalization,-0.10999904802757011,17,6
423,ComBat-EB,0.6047619047619047,17,6
423,Dawid-Skene EM,0.716630414212286,17,6
423,Ensemble,-0.03843830722918727,17,6
423,CBC,0.7999999999999999,17,6
423,CBC-Weighted,0.7999999999999999,17,6
423,Oracle (eval-task beta),0.9999999999999999,17,6
424,Raw (no calibration),0.6428571428571429,22,6
424,Random control,-0.05714285714285714,22,6
424,Per-language norm.,0.6428571428571429,22,6
424,Backbone-only norm.,-0.02380952380952382,22,6
424,Z-score,0.31428571428571433,22,6
424,Quantile normalization,-0.09560737613817309,22,6
424,ComBat-EB,0.6428571428571429,22,6
424,Dawid-Skene EM,0.3800678080952247,22,6
424,Ensemble,-0.031128315138646636,22,6
424,CBC,0.9095238095238093,22,6
424,CBC-Weighted,0.9095238095238093,22,6
424,Oracle (eval-task beta),0.9999999999999999,22,6
425,Raw (no calibration),0.6571428571428571,20,6
425,Random control,0.03333333333333333,20,6
425,Per-language norm.,0.6571428571428571,20,6
425,Backbone-only norm.,0.06666666666666667,20,6
425,Z-score,0.15238095238095234,20,6
425,Quantile normalization,-0.1043223336430467,20,6
425,ComBat-EB,0.6571428571428571,20,6
425,Dawid-Skene EM,0.6602457176756131,20,6
425,Ensemble,0.03572308495286792,20,6
425,CBC,0.9666666666666666,20,6
425,CBC-Weighted,0.9666666666666666,20,6
425,Oracle (eval-task beta),0.9999999999999999,20,6
426,Raw (no calibration),0.6523809523809524,20,6
426,Random control,-0.047619047619047616,20,6
426,Per-language norm.,0.6523809523809524,20,6
426,Backbone-only norm.,0.22857142857142856,20,6
426,Z-score,0.24285714285714285,20,6
426,Quantile normalization,-0.09220374568541605,20,6
426,ComBat-EB,0.6523809523809524,20,6
426,Dawid-Skene EM,0.39999999999999997,20,6
426,Ensemble,0.12523645723358787,20,6
426,CBC,0.9095238095238095,20,6
426,CBC-Weighted,0.9095238095238095,20,6
426,Oracle (eval-task beta),0.9999999999999999,20,6
427,Raw (no calibration),0.6666666666666666,21,6
427,Random control,0.06190476190476189,21,6
427,Per-language norm.,0.6666666666666666,21,6
427,Backbone-only norm.,0.06666666666666667,21,6
427,Z-score,0.1619047619047619,21,6
427,Quantile normalization,-0.09884491519319986,21,6
427,ComBat-EB,0.6666666666666666,21,6
427,Dawid-Skene EM,1.0,21,6
427,Ensemble,-0.016057534293203533,21,6
427,CBC,0.8904761904761903,21,6
427,CBC-Weighted,0.8904761904761903,21,6
427,Oracle (eval-task beta),0.9999999999999999,21,6
428,Raw (no calibration),0.6142857142857141,21,6
428,Random control,-0.07142857142857141,21,6
428,Per-language norm.,0.6142857142857141,21,6
428,Backbone-only norm.,0.1238095238095238,21,6
428,Z-score,0.21904761904761902,21,6
428,Quantile normalization,-0.09492293793706141,21,6
428,ComBat-EB,0.6142857142857141,21,6
428,Dawid-Skene EM,0.716630414212286,21,6
428,Ensemble,0.031260253132001314,21,6
428,CBC,0.8285714285714285,21,6
428,CBC-Weighted,0.8285714285714285,21,6
428,Oracle (eval-task beta),0.9999999999999999,21,6
429,Raw (no calibration),0.6285714285714287,17,6
429,Random control,-0.02380952380952381,17,6
429,Per-language norm.,0.6285714285714287,17,6
429,Backbone-only norm.,-0.08095238095238096,17,6
429,Z-score,0.04285714285714286,17,6
429,Quantile normalization,-0.11390545690964139,17,6
429,ComBat-EB,0.6285714285714287,17,6
429,Dawid-Skene EM,0.39999999999999997,17,6
429,Ensemble,-0.06647606708276396,17,6
429,CBC,0.9333333333333333,17,6
429,CBC-Weighted,0.9333333333333333,17,6
429,Oracle (eval-task beta),0.9999999999999999,17,6
430,Raw (no calibration),0.6571428571428571,24,6
430,Random control,0.06666666666666668,24,6
430,Per-language norm.,0.6571428571428571,24,6
430,Backbone-only norm.,-0.038095238095238106,24,6
430,Z-score,0.2571428571428572,24,6
430,Quantile normalization,-0.10995449745079237,24,6
430,ComBat-EB,0.6571428571428571,24,6
430,Dawid-Skene EM,0.806845127947537,24,6
430,Ensemble,-0.05387050151246674,24,6
430,CBC,0.8619047619047617,24,6
430,CBC-Weighted,0.8619047619047617,24,6
430,Oracle (eval-task beta),0.9999999999999999,24,6
431,Raw (no calibration),0.6428571428571429,22,6
431,Random control,0.21428571428571427,22,6
431,Per-language norm.,0.6428571428571429,22,6
431,Backbone-only norm.,0.03333333333333331,22,6
431,Z-score,0.13809523809523808,22,6
431,Quantile normalization,-0.0881474142764083,22,6
431,ComBat-EB,0.6428571428571429,22,6
431,Dawid-Skene EM,0.6903198110213961,22,6
431,Ensemble,0.013269717894646945,22,6
431,CBC,0.8761904761904761,22,6
431,CBC-Weighted,0.8761904761904761,22,6
431,Oracle (eval-task beta),0.9999999999999999,22,6
432,Raw (no calibration),0.6571428571428571,19,6
432,Random control,-0.038095238095238085,19,6
432,Per-language norm.,0.6571428571428571,19,6
432,Backbone-only norm.,0.06666666666666667,19,6
432,Z-score,0.08095238095238096,19,6
432,Quantile normalization,-0.10578372122293546,19,6
432,ComBat-EB,0.6571428571428571,19,6
432,Dawid-Skene EM,0.8628679329364746,19,6
432,Ensemble,0.009371339973763054,19,6
432,CBC,0.8523809523809524,19,6
432,CBC-Weighted,0.8523809523809524,19,6
432,Oracle (eval-task beta),0.9999999999999999,19,6
433,Raw (no calibration),0.6285714285714287,21,6
433,Random control,0.04761904761904762,21,6
433,Per-language norm.,0.6285714285714287,21,6
433,Backbone-only norm.,0.03333333333333332,21,6
433,Z-score,0.06666666666666667,21,6
433,Quantile normalization,-0.09504067364416503,21,6
433,ComBat-EB,0.6285714285714287,21,6
433,Dawid-Skene EM,0.2824045318333193,21,6
433,Ensemble,-0.018505151091184977,21,6
433,CBC,0.8761904761904761,21,6
433,CBC-Weighted,0.8761904761904761,21,6
433,Oracle (eval-task beta),0.9999999999999999,21,6
434,Raw (no calibration),0.6142857142857142,21,6
434,Random control,-0.02380952380952381,21,6
434,Per-language norm.,0.6142857142857142,21,6
434,Backbone-only norm.,0.30476190476190473,21,6
434,Z-score,0.33333333333333337,21,6
434,Quantile normalization,-0.09233246668672437,21,6
434,ComBat-EB,0.6142857142857142,21,6
434,Dawid-Skene EM,0.4404761904761904,21,6
434,Ensemble,0.13754894676487645,21,6
434,CBC,0.8571428571428571,21,6
434,CBC-Weighted,0.8571428571428571,21,6
434,Oracle (eval-task beta),0.9999999999999999,21,6
435,Raw (no calibration),0.6285714285714287,20,6
435,Random control,-0.07142857142857142,20,6
435,Per-language norm.,0.6285714285714287,20,6
435,Backbone-only norm.,0.009523809523809528,20,6
435,Z-score,0.40952380952380946,20,6
435,Quantile normalization,-0.09199229416847397,20,6
435,ComBat-EB,0.6285714285714287,20,6
435,Dawid-Skene EM,0.6288435150088423,20,6
435,Ensemble,-0.014127378576613,20,6
435,CBC,0.9,20,6
435,CBC-Weighted,0.9,20,6
435,Oracle (eval-task beta),0.9999999999999999,20,6
436,Raw (no calibration),0.6333333333333334,18,6
436,Random control,0.1380952380952381,18,6
436,Per-language norm.,0.6333333333333334,18,6
436,Backbone-only norm.,0.02857142857142858,18,6
436,Z-score,0.5238095238095236,18,6
436,Quantile normalization,-0.09457251488123916,18,6
436,ComBat-EB,0.6333333333333334,18,6
436,Dawid-Skene EM,0.4840363552695003,18,6
436,Ensemble,-8.79923858221332e-06,18,6
436,CBC,0.9999999999999999,18,6
436,CBC-Weighted,0.9999999999999999,18,6
436,Oracle (eval-task beta),0.9999999999999999,18,6
437,Raw (no calibration),0.6523809523809524,19,6
437,Random control,0.16190476190476186,19,6
437,Per-language norm.,0.6523809523809524,19,6
437,Backbone-only norm.,0.2761904761904762,19,6
437,Z-score,0.3952380952380952,19,6
437,Quantile normalization,-0.09887388050897365,19,6
437,ComBat-EB,0.6523809523809524,19,6
437,Dawid-Skene EM,0.33994298198410694,19,6
437,Ensemble,0.19238283346070859,19,6
437,CBC,0.9095238095238095,19,6
437,CBC-Weighted,0.9095238095238095,19,6
437,Oracle (eval-task beta),0.9999999999999999,19,6
438,Raw (no calibration),0.6523809523809524,23,6
438,Random control,0.014285714285714285,23,6
438,Per-language norm.,0.6523809523809524,23,6
438,Backbone-only norm.,0.042857142857142864,23,6
438,Z-score,0.5714285714285714,23,6
438,Quantile normalization,-0.08524049918511004,23,6
438,ComBat-EB,0.6523809523809524,23,6
438,Dawid-Skene EM,0.6288435150088423,23,6
438,Ensemble,0.04209966351096794,23,6
438,CBC,0.9285714285714286,23,6
438,CBC-Weighted,0.9285714285714286,23,6
438,Oracle (eval-task beta),0.9999999999999999,23,6
439,Raw (no calibration),0.6142857142857144,22,6
439,Random control,-0.09523809523809525,22,6
439,Per-language norm.,0.6142857142857144,22,6
439,Backbone-only norm.,0.3619047619047619,22,6
439,Z-score,0.4666666666666667,22,6
439,Quantile normalization,-0.09199149087780553,22,6
439,ComBat-EB,0.6142857142857144,22,6
439,Dawid-Skene EM,0.6857033858524727,22,6
439,Ensemble,0.21302191110705304,22,6
439,CBC,0.8714285714285713,22,6
439,CBC-Weighted,0.8714285714285713,22,6
439,Oracle (eval-task beta),0.9999999999999999,22,6
440,Raw (no calibration),0.6523809523809524,18,6
440,Random control,-0.08571428571428572,18,6
440,Per-language norm.,0.6523809523809524,18,6
440,Backbone-only norm.,0.028571428571428574,18,6
440,Z-score,0.18095238095238098,18,6
440,Quantile normalization,-0.1037690700388035,18,6
440,ComBat-EB,0.6523809523809524,18,6
440,Dawid-Skene EM,0.23491734855024854,18,6
440,Ensemble,0.013936778992710315,18,6
440,CBC,0.8761904761904761,18,6
440,CBC-Weighted,0.8761904761904761,18,6
440,Oracle (eval-task beta),0.9999999999999999,18,6
441,Raw (no calibration),0.6571428571428571,21,6
441,Random control,-0.01904761904761906,21,6
441,Per-language norm.,0.6571428571428571,21,6
441,Backbone-only norm.,0.023809523809523798,21,6
441,Z-score,0.39999999999999997,21,6
441,Quantile normalization,-0.11627413637685961,21,6
441,ComBat-EB,0.6333333333333334,21,6
441,Dawid-Skene EM,0.6039582022654726,21,6
441,Ensemble,-0.012915197328692266,21,6
441,CBC,0.9428571428571428,21,6
441,CBC-Weighted,0.9428571428571428,21,6
441,Oracle (eval-task beta),0.9999999999999999,21,6
442,Raw (no calibration),0.6285714285714287,21,6
442,Random control,-0.05714285714285715,21,6
442,Per-language norm.,0.6285714285714287,21,6
442,Backbone-only norm.,-0.06190476190476189,21,6
442,Z-score,-0.023809523809523805,21,6
442,Quantile normalization,-0.08366966768167516,21,6
442,ComBat-EB,0.6285714285714287,21,6
442,Dawid-Skene EM,0.21302258260369342,21,6
442,Ensemble,-0.03825064072481198,21,6
442,CBC,0.9666666666666666,21,6
442,CBC-Weighted,0.9666666666666666,21,6
442,Oracle (eval-task beta),0.9999999999999999,21,6
443,Raw (no calibration),0.6285714285714287,22,6
443,Random control,-3.96508223080413e-18,22,6
443,Per-language norm.,0.6285714285714287,22,6
443,Backbone-only norm.,0.12380952380952381,22,6
443,Z-score,0.34285714285714286,22,6
443,Quantile normalization,-0.10318419431401148,22,6
443,ComBat-EB,0.6285714285714287,22,6
443,Dawid-Skene EM,0.806845127947537,22,6
443,Ensemble,-0.04673604391596249,22,6
443,CBC,0.895238095238095,22,6
443,CBC-Weighted,0.895238095238095,22,6
443,Oracle (eval-task beta),0.9999999999999999,22,6
444,Raw (no calibration),0.6523809523809524,21,6
444,Random control,-0.02380952380952382,21,6
444,Per-language norm.,0.6523809523809524,21,6
444,Backbone-only norm.,0.03333333333333333,21,6
444,Z-score,0.09999999999999999,21,6
444,Quantile normalization,-0.08653051596495055,21,6
444,ComBat-EB,0.6523809523809524,21,6
444,Dawid-Skene EM,0.7590243887083169,21,6
444,Ensemble,-0.001669312953105103,21,6
444,CBC,0.9095238095238093,21,6
444,CBC-Weighted,0.9095238095238093,21,6
444,Oracle (eval-task beta),0.9999999999999999,21,6
445,Raw (no calibration),0.6428571428571429,20,6
445,Random control,0.06666666666666667,20,6
445,Per-language norm.,0.6428571428571429,20,6
445,Backbone-only norm.,0.09999999999999996,20,6
445,Z-score,0.19999999999999996,20,6
445,Quantile normalization,-0.09951610556556385,20,6
445,ComBat-EB,0.6428571428571429,20,6
445,Dawid-Skene EM,0.20000000000000004,20,6
445,Ensemble,0.05386463535341192,20,6
445,CBC,0.9333333333333333,20,6
445,CBC-Weighted,0.9333333333333333,20,6
445,Oracle (eval-task beta),0.9999999999999999,20,6
446,Raw (no calibration),0.6238095238095237,20,6
446,Random control,0.05238095238095237,20,6
446,Per-language norm.,0.6238095238095237,20,6
446,Backbone-only norm.,0.05714285714285713,20,6
446,Z-score,0.3380952380952381,20,6
446,Quantile normalization,-0.08938515456037983,20,6
446,ComBat-EB,0.6238095238095237,20,6
446,Dawid-Skene EM,0.0,20,6
446,Ensemble,-0.011532361975538724,20,6
446,CBC,0.9285714285714285,20,6
446,CBC-Weighted,0.9285714285714285,20,6
446,Oracle (eval-task beta),0.9999999999999999,20,6
447,Raw (no calibration),0.6380952380952382,21,6
447,Random control,-0.07619047619047617,21,6
447,Per-language norm.,0.6380952380952382,21,6
447,Backbone-only norm.,0.26666666666666666,21,6
447,Z-score,0.3333333333333333,21,6
447,Quantile normalization,-0.10218634565869882,21,6
447,ComBat-EB,0.6380952380952382,21,6
447,Dawid-Skene EM,0.16798846457986105,21,6
447,Ensemble,0.11750234140508405,21,6
447,CBC,0.8,21,6
447,CBC-Weighted,0.8,21,6
447,Oracle (eval-task beta),0.9999999999999999,21,6
448,Raw (no calibration),0.6428571428571429,21,6
448,Random control,0.019047619047619053,21,6
448,Per-language norm.,0.6428571428571429,21,6
448,Backbone-only norm.,-0.019047619047619056,21,6
448,Z-score,-0.019047619047619053,21,6
448,Quantile normalization,-0.10696658461910867,21,6
448,ComBat-EB,0.6428571428571429,21,6
448,Dawid-Skene EM,0.33994298198410694,21,6
448,Ensemble,-0.061904761904761914,21,6
448,CBC,0.9238095238095239,21,6
448,CBC-Weighted,0.9238095238095239,21,6
448,Oracle (eval-task beta),0.9999999999999999,21,6
449,Raw (no calibration),0.6380952380952382,21,6
449,Random control,0.03809523809523809,21,6
449,Per-language norm.,0.6380952380952382,21,6
449,Backbone-only norm.,0.08095238095238093,21,6
449,Z-score,0.10000000000000002,21,6
449,Quantile normalization,-0.09048540011377994,21,6
449,ComBat-EB,0.6380952380952382,21,6
449,Dawid-Skene EM,0.4079571364593186,21,6
449,Ensemble,0.002894089542112443,21,6
449,CBC,0.9285714285714286,21,6
449,CBC-Weighted,0.9285714285714286,21,6
449,Oracle (eval-task beta),0.9999999999999999,21,6
450,Raw (no calibration),0.680952380952381,22,6
450,Random control,-0.08095238095238096,22,6
450,Per-language norm.,0.680952380952381,22,6
450,Backbone-only norm.,-0.04285714285714286,22,6
450,Z-score,0.22857142857142856,22,6
450,Quantile normalization,-0.12359403884865645,22,6
450,ComBat-EB,0.680952380952381,22,6
450,Dawid-Skene EM,0.3800678080952247,22,6
450,Ensemble,-0.007495385808342337,22,6
450,CBC,0.9428571428571428,22,6
450,CBC-Weighted,0.9428571428571428,22,6
450,Oracle (eval-task beta),0.9999999999999999,22,6
451,Raw (no calibration),0.6476190476190476,19,6
451,Random control,0.004761904761904773,19,6
451,Per-language norm.,0.6476190476190476,19,6
451,Backbone-only norm.,-0.08095238095238093,19,6
451,Z-score,0.0523809523809524,19,6
451,Quantile normalization,-0.07204528398195494,19,6
451,ComBat-EB,0.6476190476190476,19,6
451,Dawid-Skene EM,0.6150970800281369,19,6
451,Ensemble,-0.02109430153320447,19,6
451,CBC,0.9285714285714286,19,6
451,CBC-Weighted,0.9285714285714286,19,6
451,Oracle (eval-task beta),0.9999999999999999,19,6
452,Raw (no calibration),0.6666666666666666,19,6
452,Random control,0.03809523809523809,19,6
452,Per-language norm.,0.6666666666666666,19,6
452,Backbone-only norm.,0.13333333333333333,19,6
452,Z-score,0.13333333333333333,19,6
452,Quantile normalization,-0.11598094614900296,19,6
452,ComBat-EB,0.6666666666666666,19,6
452,Dawid-Skene EM,-0.19999999999999998,19,6
452,Ensemble,0.048475253914156836,19,6
452,CBC,0.8857142857142856,19,6
452,CBC-Weighted,0.8857142857142856,19,6
452,Oracle (eval-task beta),0.9999999999999999,19,6
453,Raw (no calibration),0.680952380952381,21,6
453,Random control,-0.004761904761904768,21,6
453,Per-language norm.,0.680952380952381,21,6
453,Backbone-only norm.,-0.023809523809523808,21,6
453,Z-score,0.380952380952381,21,6
453,Quantile normalization,-0.0904526480703668,21,6
453,ComBat-EB,0.680952380952381,21,6
453,Dawid-Skene EM,0.2375966836152159,21,6
453,Ensemble,-0.0074507293224775,21,6
453,CBC,0.9428571428571428,21,6
453,CBC-Weighted,0.9428571428571428,21,6
453,Oracle (eval-task beta),0.9999999999999999,21,6
454,Raw (no calibration),0.6571428571428571,21,6
454,Random control,-0.02380952380952381,21,6
454,Per-language norm.,0.6571428571428571,21,6
454,Backbone-only norm.,0.1857142857142857,21,6
454,Z-score,0.08095238095238097,21,6
454,Quantile normalization,-0.09072065460725655,21,6
454,ComBat-EB,0.6571428571428571,21,6
454,Dawid-Skene EM,0.28369760344246286,21,6
454,Ensemble,0.007641328906380194,21,6
454,CBC,0.838095238095238,21,6
454,CBC-Weighted,0.838095238095238,21,6
454,Oracle (eval-task beta),0.9999999999999999,21,6
455,Raw (no calibration),0.7142857142857142,20,6
455,Random control,-0.028571428571428557,20,6
455,Per-language norm.,0.7142857142857142,20,6
455,Backbone-only norm.,-0.023809523809523815,20,6
455,Z-score,0.01904761904761906,20,6
455,Quantile normalization,-0.12135588123764751,20,6
455,ComBat-EB,0.680952380952381,20,6
455,Dawid-Skene EM,0.39999999999999997,20,6
455,Ensemble,-0.06666666666666667,20,6
455,CBC,0.9285714285714286,20,6
455,CBC-Weighted,0.9285714285714286,20,6
455,Oracle (eval-task beta),0.9999999999999999,20,6
456,Raw (no calibration),0.6666666666666667,19,6
456,Random control,0.12380952380952383,19,6
456,Per-language norm.,0.6666666666666667,19,6
456,Backbone-only norm.,0.09999999999999999,19,6
456,Z-score,0.48095238095238096,19,6
456,Quantile normalization,-0.09666979321288922,19,6
456,ComBat-EB,0.6666666666666667,19,6
456,Dawid-Skene EM,0.35054681598504683,19,6
456,Ensemble,0.003413092862327307,19,6
456,CBC,0.9428571428571428,19,6
456,CBC-Weighted,0.9428571428571428,19,6
456,Oracle (eval-task beta),0.9999999999999999,19,6
457,Raw (no calibration),0.6571428571428571,16,6
457,Random control,-0.07142857142857142,16,6
457,Per-language norm.,0.6571428571428571,16,6
457,Backbone-only norm.,-0.009523809523809526,16,6
457,Z-score,0.4761904761904762,16,6
457,Quantile normalization,-0.08992954743887939,16,6
457,ComBat-EB,0.6571428571428571,16,6
457,Dawid-Skene EM,0.2375966836152159,16,6
457,Ensemble,-0.0037502958372216517,16,6
457,CBC,0.9428571428571428,16,6
457,CBC-Weighted,0.9428571428571428,16,6
457,Oracle (eval-task beta),0.9999999999999999,16,6
458,Raw (no calibration),0.6523809523809524,21,6
458,Random control,0.10476190476190475,21,6
458,Per-language norm.,0.6523809523809524,21,6
458,Backbone-only norm.,0.004761904761904751,21,6
458,Z-score,0.06190476190476191,21,6
458,Quantile normalization,-0.08359227169121028,21,6
458,ComBat-EB,0.6523809523809524,21,6
458,Dawid-Skene EM,0.7182539682539684,21,6
458,Ensemble,-0.00679392184985317,21,6
458,CBC,0.838095238095238,21,6
458,CBC-Weighted,0.838095238095238,21,6
458,Oracle (eval-task beta),0.9999999999999999,21,6
459,Raw (no calibration),0.6428571428571429,22,6
459,Random control,-0.009523809523809533,22,6
459,Per-language norm.,0.6428571428571429,22,6
459,Backbone-only norm.,0.03809523809523809,22,6
459,Z-score,0.4285714285714285,22,6
459,Quantile normalization,-0.0975424769942952,22,6
459,ComBat-EB,0.6428571428571429,22,6
459,Dawid-Skene EM,0.7182539682539684,22,6
459,Ensemble,0.07090663502882916,22,6
459,CBC,0.9428571428571428,22,6
459,CBC-Weighted,0.9428571428571428,22,6
459,Oracle (eval-task beta),0.9999999999999999,22,6
460,Raw (no calibration),0.6095238095238094,19,6
460,Random control,0.009523809523809526,19,6
460,Per-language norm.,0.6095238095238094,19,6
460,Backbone-only norm.,0.08095238095238096,19,6
460,Z-score,0.06666666666666664,19,6
460,Quantile normalization,-0.07840080444337369,19,6
460,ComBat-EB,0.6095238095238094,19,6
460,Dawid-Skene EM,0.28369760344246286,19,6
460,Ensemble,0.04231467490070878,19,6
460,CBC,0.8523809523809524,19,6
460,CBC-Weighted,0.8523809523809524,19,6
460,Oracle (eval-task beta),0.9999999999999999,19,6
461,Raw (no calibration),0.6380952380952382,21,6
461,Random control,0.10476190476190476,21,6
461,Per-language norm.,0.6380952380952382,21,6
461,Backbone-only norm.,0.07142857142857142,21,6
461,Z-score,0.052380952380952375,21,6
461,Quantile normalization,-0.10612038565775449,21,6
461,ComBat-EB,0.6380952380952382,21,6
461,Dawid-Skene EM,0.5137052286665834,21,6
461,Ensemble,-0.025173001106738275,21,6
461,CBC,0.8619047619047618,21,6
461,CBC-Weighted,0.8619047619047618,21,6
461,Oracle (eval-task beta),0.9999999999999999,21,6
462,Raw (no calibration),0.6285714285714287,20,6
462,Random control,-0.052380952380952375,20,6
462,Per-language norm.,0.6285714285714287,20,6
462,Backbone-only norm.,0.09047619047619047,20,6
462,Z-score,0.20952380952380953,20,6
462,Quantile normalization,-0.08913933816306265,20,6
462,ComBat-EB,0.6285714285714287,20,6
462,Dawid-Skene EM,0.716630414212286,20,6
462,Ensemble,0.023186361403852305,20,6
462,CBC,0.8428571428571429,20,6
462,CBC-Weighted,0.8428571428571429,20,6
462,Oracle (eval-task beta),0.9999999999999999,20,6
463,Raw (no calibration),0.6666666666666667,18,6
463,Random control,0.10476190476190475,18,6
463,Per-language norm.,0.6666666666666667,18,6
463,Backbone-only norm.,0.06190476190476191,18,6
463,Z-score,0.07619047619047618,18,6
463,Quantile normalization,-0.0627126256906317,18,6
463,ComBat-EB,0.6666666666666667,18,6
463,Dawid-Skene EM,0.39999999999999997,18,6
463,Ensemble,-0.01001641512827776,18,6
463,CBC,0.9428571428571428,18,6
463,CBC-Weighted,0.9428571428571428,18,6
463,Oracle (eval-task beta),0.9999999999999999,18,6
464,Raw (no calibration),0.6476190476190476,21,6
464,Random control,-0.09999999999999999,21,6
464,Per-language norm.,0.6476190476190476,21,6
464,Backbone-only norm.,-0.009523809523809533,21,6
464,Z-score,0.04761904761904762,21,6
464,Quantile normalization,-0.11038812967673631,21,6
464,ComBat-EB,0.6476190476190476,21,6
464,Dawid-Skene EM,0.20000000000000004,21,6
464,Ensemble,-0.008177930703759462,21,6
464,CBC,0.9333333333333332,21,6
464,CBC-Weighted,0.9333333333333332,21,6
464,Oracle (eval-task beta),0.9999999999999999,21,6
465,Raw (no calibration),0.6142857142857141,19,6
465,Random control,0.03333333333333333,19,6
465,Per-language norm.,0.6142857142857141,19,6
465,Backbone-only norm.,-0.014285714285714278,19,6
465,Z-score,-0.014285714285714275,19,6
465,Quantile normalization,-0.08247951564975142,19,6
465,ComBat-EB,0.6142857142857141,19,6
465,Dawid-Skene EM,0.7182539682539684,19,6
465,Ensemble,-0.01701266053161321,19,6
465,CBC,0.895238095238095,19,6
465,CBC-Weighted,0.895238095238095,19,6
465,Oracle (eval-task beta),0.9999999999999999,19,6
466,Raw (no calibration),0.6428571428571429,17,6
466,Random control,0.038095238095238106,17,6
466,Per-language norm.,0.6428571428571429,17,6
466,Backbone-only norm.,0.06666666666666667,17,6
466,Z-score,0.17619047619047618,17,6
466,Quantile normalization,-0.09869815969448947,17,6
466,ComBat-EB,0.6428571428571429,17,6
466,Dawid-Skene EM,0.20000000000000004,17,6
466,Ensemble,0.02550140484305044,17,6
466,CBC,0.8666666666666666,17,6
466,CBC-Weighted,0.8666666666666666,17,6
466,Oracle (eval-task beta),0.9999999999999999,17,6
467,Raw (no calibration),0.6523809523809522,15,6
467,Random control,0.05238095238095238,15,6
467,Per-language norm.,0.6523809523809522,15,6
467,Backbone-only norm.,0.23333333333333334,15,6
467,Z-score,0.41904761904761895,15,6
467,Quantile normalization,-0.07256157298650044,15,6
467,ComBat-EB,0.6523809523809522,15,6
467,Dawid-Skene EM,0.4370395817310141,15,6
467,Ensemble,0.12292398671914055,15,6
467,CBC,0.9238095238095239,15,6
467,CBC-Weighted,0.9238095238095239,15,6
467,Oracle (eval-task beta),0.9999999999999999,15,6
468,Raw (no calibration),0.6238095238095239,19,6
468,Random control,-0.004761904761904757,19,6
468,Per-language norm.,0.6238095238095239,19,6
468,Backbone-only norm.,0.019047619047619053,19,6
468,Z-score,0.22857142857142856,19,6
468,Quantile normalization,-0.08009860387425584,19,6
468,ComBat-EB,0.6238095238095239,19,6
468,Dawid-Skene EM,0.4370395817310141,19,6
468,Ensemble,0.028197377555966147,19,6
468,CBC,0.8523809523809524,19,6
468,CBC-Weighted,0.8523809523809524,19,6
468,Oracle (eval-task beta),0.9999999999999999,19,6
469,Raw (no calibration),0.6666666666666666,22,6
469,Random control,0.014285714285714278,22,6
469,Per-language norm.,0.6666666666666666,22,6
469,Backbone-only norm.,0.028571428571428574,22,6
469,Z-score,0.20952380952380958,22,6
469,Quantile normalization,-0.08606705524419962,22,6
469,ComBat-EB,0.6666666666666666,22,6
469,Dawid-Skene EM,0.21302258260369342,22,6
469,Ensemble,-0.005925983236634331,22,6
469,CBC,0.9428571428571428,22,6
469,CBC-Weighted,0.9428571428571428,22,6
469,Oracle (eval-task beta),0.9999999999999999,22,6
470,Raw (no calibration),0.6666666666666667,21,6
470,Random control,9.912705577010326e-18,21,6
470,Per-language norm.,0.6666666666666667,21,6
470,Backbone-only norm.,0.03333333333333334,21,6
470,Z-score,0.21428571428571427,21,6
470,Quantile normalization,-0.08663495638266808,21,6
470,ComBat-EB,0.6666666666666667,21,6
470,Dawid-Skene EM,0.716630414212286,21,6
470,Ensemble,0.005137237770655362,21,6
470,CBC,0.9285714285714286,21,6
470,CBC-Weighted,0.9285714285714286,21,6
470,Oracle (eval-task beta),0.9999999999999999,21,6
471,Raw (no calibration),0.6095238095238094,16,6
471,Random control,-0.04761904761904762,16,6
471,Per-language norm.,0.6095238095238094,16,6
471,Backbone-only norm.,-0.05714285714285713,16,6
471,Z-score,0.03333333333333333,16,6
471,Quantile normalization,-0.08721286748825027,16,6
471,ComBat-EB,0.6095238095238094,16,6
471,Dawid-Skene EM,0.496031746031746,16,6
471,Ensemble,-0.032506457833498134,16,6
471,CBC,0.8095238095238095,16,6
471,CBC-Weighted,0.8095238095238095,16,6
471,Oracle (eval-task beta),0.9999999999999999,16,6
472,Raw (no calibration),0.6666666666666666,18,6
472,Random control,0.07142857142857138,18,6
472,Per-language norm.,0.6666666666666666,18,6
472,Backbone-only norm.,0.05238095238095237,18,6
472,Z-score,0.41904761904761906,18,6
472,Quantile normalization,-0.08924416879944856,18,6
472,ComBat-EB,0.6666666666666666,18,6
472,Dawid-Skene EM,0.3077898325229628,18,6
472,Ensemble,0.0790347033806228,18,6
472,CBC,0.9095238095238095,18,6
472,CBC-Weighted,0.9095238095238095,18,6
472,Oracle (eval-task beta),0.9999999999999999,18,6
473,Raw (no calibration),0.619047619047619,21,6
473,Random control,-0.04285714285714285,21,6
473,Per-language norm.,0.619047619047619,21,6
473,Backbone-only norm.,0.07619047619047617,21,6
473,Z-score,0.0857142857142857,21,6
473,Quantile normalization,-0.08900171949368764,21,6
473,ComBat-EB,0.619047619047619,21,6
473,Dawid-Skene EM,0.716630414212286,21,6
473,Ensemble,0.07929146719044,21,6
473,CBC,0.7952380952380952,21,6
473,CBC-Weighted,0.7952380952380952,21,6
473,Oracle (eval-task beta),0.9999999999999999,21,6
474,Raw (no calibration),0.6666666666666666,24,6
474,Random control,0.13333333333333336,24,6
474,Per-language norm.,0.6666666666666666,24,6
474,Backbone-only norm.,0.004761904761904765,24,6
474,Z-score,0.05714285714285713,24,6
474,Quantile normalization,-0.10827875767969711,24,6
474,ComBat-EB,0.6666666666666666,24,6
474,Dawid-Skene EM,0.2132242268571268,24,6
474,Ensemble,0.0024308147329182017,24,6
474,CBC,0.9095238095238095,24,6
474,CBC-Weighted,0.9095238095238095,24,6
474,Oracle (eval-task beta),0.9999999999999999,24,6
475,Raw (no calibration),0.6523809523809524,19,6
475,Random control,-0.05238095238095237,19,6
475,Per-language norm.,0.6523809523809524,19,6
475,Backbone-only norm.,0.03333333333333333,19,6
475,Z-score,0.14761904761904762,19,6
475,Quantile normalization,-0.10028062108594282,19,6
475,ComBat-EB,0.6523809523809524,19,6
475,Dawid-Skene EM,0.029686624579641725,19,6
475,Ensemble,0.05807510358470621,19,6
475,CBC,0.9238095238095239,19,6
475,CBC-Weighted,0.9238095238095239,19,6
475,Oracle (eval-task beta),0.9999999999999999,19,6
476,Raw (no calibration),0.680952380952381,21,6
476,Random control,-0.06666666666666668,21,6
476,Per-language norm.,0.680952380952381,21,6
476,Backbone-only norm.,-0.04285714285714285,21,6
476,Z-score,0.06666666666666668,21,6
476,Quantile normalization,-0.11183281772871223,21,6
476,ComBat-EB,0.680952380952381,21,6
476,Dawid-Skene EM,0.8628679329364746,21,6
476,Ensemble,-0.0683497484616111,21,6
476,CBC,0.9333333333333333,21,6
476,CBC-Weighted,0.9333333333333333,21,6
476,Oracle (eval-task beta),0.9999999999999999,21,6
477,Raw (no calibration),0.6904761904761905,21,6
477,Random control,0.08095238095238096,21,6
477,Per-language norm.,0.6904761904761905,21,6
477,Backbone-only norm.,0.07142857142857141,21,6
477,Z-score,0.09047619047619047,21,6
477,Quantile normalization,-0.10490697683568206,21,6
477,ComBat-EB,0.6904761904761905,21,6
477,Dawid-Skene EM,0.27397106785910846,21,6
477,Ensemble,0.017038126918018932,21,6
477,CBC,0.895238095238095,21,6
477,CBC-Weighted,0.895238095238095,21,6
477,Oracle (eval-task beta),0.9999999999999999,21,6
478,Raw (no calibration),0.6285714285714284,22,6
478,Random control,-0.0619047619047619,22,6
478,Per-language norm.,0.6285714285714284,22,6
478,Backbone-only norm.,0.16666666666666666,22,6
478,Z-score,0.2095238095238095,22,6
478,Quantile normalization,-0.11086458926903682,22,6
478,ComBat-EB,0.6285714285714284,22,6
478,Dawid-Skene EM,0.21086113025183686,22,6
478,Ensemble,0.10131948110430344,22,6
478,CBC,0.8523809523809524,22,6
478,CBC-Weighted,0.8523809523809524,22,6
478,Oracle (eval-task beta),0.9999999999999999,22,6
479,Raw (no calibration),0.6571428571428571,21,6
479,Random control,0.08571428571428573,21,6
479,Per-language norm.,0.6571428571428571,21,6
479,Backbone-only norm.,-0.04285714285714284,21,6
479,Z-score,0.13333333333333333,21,6
479,Quantile normalization,-0.11766028388687885,21,6
479,ComBat-EB,0.6571428571428571,21,6
479,Dawid-Skene EM,0.6150970800281369,21,6
479,Ensemble,-0.06372364767261955,21,6
479,CBC,0.9666666666666666,21,6
479,CBC-Weighted,0.9666666666666666,21,6
479,Oracle (eval-task beta),0.9999999999999999,21,6
480,Raw (no calibration),0.6571428571428571,22,6
480,Random control,0.02857142857142858,22,6
480,Per-language norm.,0.6571428571428571,22,6
480,Backbone-only norm.,0.2619047619047619,22,6
480,Z-score,0.3761904761904762,22,6
480,Quantile normalization,-0.0902902328532563,22,6
480,ComBat-EB,0.6238095238095237,22,6
480,Dawid-Skene EM,0.47440468847296124,22,6
480,Ensemble,0.19999999999999998,22,6
480,CBC,0.9095238095238093,22,6
480,CBC-Weighted,0.9095238095238093,22,6
480,Oracle (eval-task beta),0.9999999999999999,22,6
481,Raw (no calibration),0.6714285714285714,21,6
481,Random control,-1.784287003861859e-17,21,6
481,Per-language norm.,0.6714285714285714,21,6
481,Backbone-only norm.,-0.009523809523809533,21,6
481,Z-score,0.14285714285714282,21,6
481,Quantile normalization,-0.10060822861735078,21,6
481,ComBat-EB,0.6714285714285714,21,6
481,Dawid-Skene EM,0.6150970800281369,21,6
481,Ensemble,-0.067338139536928,21,6
481,CBC,0.8761904761904761,21,6
481,CBC-Weighted,0.8761904761904761,21,6
481,Oracle (eval-task beta),0.9999999999999999,21,6
482,Raw (no calibration),0.6523809523809524,23,6
482,Random control,0.1142857142857143,23,6
482,Per-language norm.,0.6523809523809524,23,6
482,Backbone-only norm.,-3.96508223080413e-18,23,6
482,Z-score,0.17619047619047618,23,6
482,Quantile normalization,-0.08519418070654805,23,6
482,ComBat-EB,0.6523809523809524,23,6
482,Dawid-Skene EM,0.0,23,6
482,Ensemble,-0.02380952380952381,23,6
482,CBC,0.8904761904761903,23,6
482,CBC-Weighted,0.8904761904761903,23,6
482,Oracle (eval-task beta),0.9999999999999999,23,6
483,Raw (no calibration),0.6285714285714284,18,6
483,Random control,-0.023809523809523805,18,6
483,Per-language norm.,0.6285714285714284,18,6
483,Backbone-only norm.,0.05238095238095237,18,6
483,Z-score,0.20476190476190473,18,6
483,Quantile normalization,-0.10680758956467287,18,6
483,ComBat-EB,0.6285714285714284,18,6
483,Dawid-Skene EM,0.7590243887083169,18,6
483,Ensemble,0.07142857142857141,18,6
483,CBC,0.8904761904761903,18,6
483,CBC-Weighted,0.8904761904761903,18,6
483,Oracle (eval-task beta),0.9999999999999999,18,6
484,Raw (no calibration),0.6285714285714287,23,6
484,Random control,-0.004761904761904759,23,6
484,Per-language norm.,0.6285714285714287,23,6
484,Backbone-only norm.,-0.038095238095238106,23,6
484,Z-score,-0.02380952380952381,23,6
484,Quantile normalization,-0.09187191444985297,23,6
484,ComBat-EB,0.6142857142857144,23,6
484,Dawid-Skene EM,0.28369760344246286,23,6
484,Ensemble,-0.09158476662226948,23,6
484,CBC,0.9428571428571428,23,6
484,CBC-Weighted,0.9428571428571428,23,6
484,Oracle (eval-task beta),0.9999999999999999,23,6
485,Raw (no calibration),0.6428571428571429,21,6
485,Random control,0.042857142857142864,21,6
485,Per-language norm.,0.6428571428571429,21,6
485,Backbone-only norm.,-0.07142857142857142,21,6
485,Z-score,0.08095238095238096,21,6
485,Quantile normalization,-0.10626028261819245,21,6
485,ComBat-EB,0.6428571428571429,21,6
485,Dawid-Skene EM,0.7590243887083169,21,6
485,Ensemble,-0.05185901598121012,21,6
485,CBC,0.8523809523809524,21,6
485,CBC-Weighted,0.8523809523809524,21,6
485,Oracle (eval-task beta),0.9999999999999999,21,6
486,Raw (no calibration),0.6428571428571429,19,6
486,Random control,0.08095238095238096,19,6
486,Per-language norm.,0.6428571428571429,19,6
486,Backbone-only norm.,0.014285714285714285,19,6
486,Z-score,0.3666666666666666,19,6
486,Quantile normalization,-0.09510212680449337,19,6
486,ComBat-EB,0.6428571428571429,19,6
486,Dawid-Skene EM,0.6039582022654726,19,6
486,Ensemble,-0.01272577124554232,19,6
486,CBC,0.9428571428571428,19,6
486,CBC-Weighted,0.9428571428571428,19,6
486,Oracle (eval-task beta),0.9999999999999999,19,6
487,Raw (no calibration),0.6666666666666666,19,6
487,Random control,0.02380952380952381,19,6
487,Per-language norm.,0.6666666666666666,19,6
487,Backbone-only norm.,0.04285714285714285,19,6
487,Z-score,0.09047619047619047,19,6
487,Quantile normalization,-0.10709159809386308,19,6
487,ComBat-EB,0.6666666666666666,19,6
487,Dawid-Skene EM,0.0,19,6
487,Ensemble,-0.007664793542599407,19,6
487,CBC,0.9238095238095239,19,6
487,CBC-Weighted,0.9238095238095239,19,6
487,Oracle (eval-task beta),0.9999999999999999,19,6
488,Raw (no calibration),0.6571428571428571,21,6
488,Random control,-0.03333333333333332,21,6
488,Per-language norm.,0.6571428571428571,21,6
488,Backbone-only norm.,-0.04285714285714285,21,6
488,Z-score,-3.96508223080413e-18,21,6
488,Quantile normalization,-0.11152334594302549,21,6
488,ComBat-EB,0.6571428571428571,21,6
488,Dawid-Skene EM,0.2733109693295016,21,6
488,Ensemble,-0.04859440169135132,21,6
488,CBC,0.9999999999999999,21,6
488,CBC-Weighted,0.9999999999999999,21,6
488,Oracle (eval-task beta),0.9999999999999999,21,6
489,Raw (no calibration),0.6666666666666666,19,6
489,Random control,-0.05238095238095238,19,6
489,Per-language norm.,0.6666666666666666,19,6
489,Backbone-only norm.,0.028571428571428564,19,6
489,Z-score,0.0619047619047619,19,6
489,Quantile normalization,-0.07263935891815186,19,6
489,ComBat-EB,0.6666666666666666,19,6
489,Dawid-Skene EM,0.265428264666648,19,6
489,Ensemble,0.005471507666022317,19,6
489,CBC,0.8952380952380953,19,6
489,CBC-Weighted,0.8952380952380953,19,6
489,Oracle (eval-task beta),0.9999999999999999,19,6
490,Raw (no calibration),0.6285714285714287,21,6
490,Random control,-0.02380952380952381,21,6
490,Per-language norm.,0.6285714285714287,21,6
490,Backbone-only norm.,-0.05238095238095238,21,6
490,Z-score,0.02380952380952379,21,6
490,Quantile normalization,-0.10994594514377021,21,6
490,ComBat-EB,0.6285714285714287,21,6
490,Dawid-Skene EM,0.23491734855024854,21,6
490,Ensemble,-0.0619047619047619,21,6
490,CBC,0.9333333333333333,21,6
490,CBC-Weighted,0.9333333333333333,21,6
490,Oracle (eval-task beta),0.9999999999999999,21,6
491,Raw (no calibration),0.6285714285714287,18,6
491,Random control,0.009523809523809532,18,6
491,Per-language norm.,0.6285714285714287,18,6
491,Backbone-only norm.,0.042857142857142864,18,6
491,Z-score,0.5714285714285713,18,6
491,Quantile normalization,-0.08382098605534194,18,6
491,ComBat-EB,0.6285714285714287,18,6
491,Dawid-Skene EM,0.053732519075809664,18,6
491,Ensemble,0.040643325423873944,18,6
491,CBC,0.8952380952380953,18,6
491,CBC-Weighted,0.8952380952380953,18,6
491,Oracle (eval-task beta),0.9999999999999999,18,6
492,Raw (no calibration),0.6523809523809524,25,6
492,Random control,0.08095238095238096,25,6
492,Per-language norm.,0.6523809523809524,25,6
492,Backbone-only norm.,0.26666666666666666,25,6
492,Z-score,0.6095238095238095,25,6
492,Quantile normalization,-0.0925269939147956,25,6
492,ComBat-EB,0.6523809523809524,25,6
492,Dawid-Skene EM,0.6022292508680184,25,6
492,Ensemble,0.20385290303530226,25,6
492,CBC,0.9238095238095239,25,6
492,CBC-Weighted,0.9238095238095239,25,6
492,Oracle (eval-task beta),0.9999999999999999,25,6
493,Raw (no calibration),0.6285714285714287,21,6
493,Random control,0.033333333333333326,21,6
493,Per-language norm.,0.6285714285714287,21,6
493,Backbone-only norm.,-0.019047619047619046,21,6
493,Z-score,0.023809523809523805,21,6
493,Quantile normalization,-0.09566321852156735,21,6
493,ComBat-EB,0.6285714285714287,21,6
493,Dawid-Skene EM,0.3370548498948767,21,6
493,Ensemble,-0.03314566682895804,21,6
493,CBC,0.8142857142857142,21,6
493,CBC-Weighted,0.8142857142857142,21,6
493,Oracle (eval-task beta),0.9999999999999999,21,6
494,Raw (no calibration),0.680952380952381,18,6
494,Random control,-0.07619047619047618,18,6
494,Per-language norm.,0.680952380952381,18,6
494,Backbone-only norm.,1.982541115402065e-18,18,6
494,Z-score,0.009523809523809526,18,6
494,Quantile normalization,-0.09709848497081615,18,6
494,ComBat-EB,0.680952380952381,18,6
494,Dawid-Skene EM,0.0723620596982532,18,6
494,Ensemble,-0.046408039871879615,18,6
494,CBC,0.9238095238095239,18,6
494,CBC-Weighted,0.9238095238095239,18,6
494,Oracle (eval-task beta),0.9999999999999999,18,6
495,Raw (no calibration),0.6428571428571429,20,6
495,Random control,-0.09047619047619047,20,6
495,Per-language norm.,0.6428571428571429,20,6
495,Backbone-only norm.,-0.07142857142857142,20,6
495,Z-score,0.02857142857142858,20,6
495,Quantile normalization,-0.09018151859838618,20,6
495,ComBat-EB,0.6428571428571429,20,6
495,Dawid-Skene EM,0.4370395817310141,20,6
495,Ensemble,-0.031286650847747934,20,6
495,CBC,0.9095238095238093,20,6
495,CBC-Weighted,0.9095238095238093,20,6
495,Oracle (eval-task beta),0.9999999999999999,20,6
496,Raw (no calibration),0.6571428571428571,24,6
496,Random control,0.01428571428571429,24,6
496,Per-language norm.,0.6571428571428571,24,6
496,Backbone-only norm.,-0.03333333333333333,24,6
496,Z-score,-0.052380952380952375,24,6
496,Quantile normalization,-0.10383777904202192,24,6
496,ComBat-EB,0.6571428571428571,24,6
496,Dawid-Skene EM,0.6396724879797583,24,6
496,Ensemble,-0.092308808741654,24,6
496,CBC,0.9333333333333333,24,6
496,CBC-Weighted,0.9333333333333333,24,6
496,Oracle (eval-task beta),0.9999999999999999,24,6
497,Raw (no calibration),0.6476190476190476,22,6
497,Random control,-0.028571428571428574,22,6
497,Per-language norm.,0.6476190476190476,22,6
497,Backbone-only norm.,-0.009523809523809542,22,6
497,Z-score,-0.014285714285714287,22,6
497,Quantile normalization,-0.1061411018941846,22,6
497,ComBat-EB,0.6476190476190476,22,6
497,Dawid-Skene EM,0.716630414212286,22,6
497,Ensemble,-0.03445657368110421,22,6
497,CBC,0.8904761904761903,22,6
497,CBC-Weighted,0.8904761904761903,22,6
497,Oracle (eval-task beta),0.9999999999999999,22,6
498,Raw (no calibration),0.6523809523809524,13,6
498,Random control,0.009523809523809526,13,6
498,Per-language norm.,0.6523809523809524,13,6
498,Backbone-only norm.,-0.09523809523809523,13,6
498,Z-score,0.02380952380952381,13,6
498,Quantile normalization,-0.11613264852176008,13,6
498,ComBat-EB,0.6523809523809524,13,6
498,Dawid-Skene EM,0.2824045318333193,13,6
498,Ensemble,-0.0932443243170502,13,6
498,CBC,0.9333333333333333,13,6
498,CBC-Weighted,0.9333333333333333,13,6
498,Oracle (eval-task beta),0.9999999999999999,13,6
499,Raw (no calibration),0.6285714285714287,19,6
499,Random control,-0.04285714285714285,19,6
499,Per-language norm.,0.6285714285714287,19,6
499,Backbone-only norm.,0.038095238095238085,19,6
499,Z-score,0.04761904761904762,19,6
499,Quantile normalization,-0.09496678121221529,19,6
499,ComBat-EB,0.6285714285714287,19,6
499,Dawid-Skene EM,0.20000000000000004,19,6
499,Ensemble,-0.019047619047619053,19,6
499,CBC,0.9999999999999999,19,6
499,CBC-Weighted,0.9999999999999999,19,6
499,Oracle (eval-task beta),0.9999999999999999,19,6
500,Raw (no calibration),0.6285714285714287,21,6
500,Random control,-0.042857142857142864,21,6
500,Per-language norm.,0.6285714285714287,21,6
500,Backbone-only norm.,0.1333333333333333,21,6
500,Z-score,0.3666666666666666,21,6
500,Quantile normalization,-0.09889527356121815,21,6
500,ComBat-EB,0.6285714285714287,21,6
500,Dawid-Skene EM,0.2733109693295016,21,6
500,Ensemble,0.09523809523809522,21,6
500,CBC,0.9285714285714286,21,6
500,CBC-Weighted,0.9285714285714286,21,6
500,Oracle (eval-task beta),0.9999999999999999,21,6
501,Raw (no calibration),0.6238095238095237,21,6
501,Random control,-0.05714285714285713,21,6
501,Per-language norm.,0.6238095238095237,21,6
501,Backbone-only norm.,0.038095238095238085,21,6
501,Z-score,0.19047619047619047,21,6
501,Quantile normalization,-0.09139419991435319,21,6
501,ComBat-EB,0.6238095238095237,21,6
501,Dawid-Skene EM,0.4222095290645062,21,6
501,Ensemble,0.02357681655935869,21,6
501,CBC,0.7999999999999999,21,6
501,CBC-Weighted,0.7999999999999999,21,6
501,Oracle (eval-task beta),0.9999999999999999,21,6
502,Raw (no calibration),0.6238095238095237,20,6
502,Random control,0.06190476190476189,20,6
502,Per-language norm.,0.6238095238095237,20,6
502,Backbone-only norm.,0.02380952380952381,20,6
502,Z-score,0.5714285714285714,20,6
502,Quantile normalization,-0.10944311752295159,20,6
502,ComBat-EB,0.6238095238095237,20,6
502,Dawid-Skene EM,0.5979140363022555,20,6
502,Ensemble,0.017863009016197664,20,6
502,CBC,0.9428571428571428,20,6
502,CBC-Weighted,0.9428571428571428,20,6
502,Oracle (eval-task beta),0.9999999999999999,20,6
503,Raw (no calibration),0.6523809523809524,16,6
503,Random control,-0.033333333333333326,16,6
503,Per-language norm.,0.6523809523809524,16,6
503,Backbone-only norm.,0.19999999999999998,16,6
503,Z-score,0.2380952380952381,16,6
503,Quantile normalization,-0.08060412653354473,16,6
503,ComBat-EB,0.6523809523809524,16,6
503,Dawid-Skene EM,0.4314309179840477,16,6
503,Ensemble,0.09979180193893289,16,6
503,CBC,0.8333333333333333,16,6
503,CBC-Weighted,0.8333333333333333,16,6
503,Oracle (eval-task beta),0.9999999999999999,16,6
504,Raw (no calibration),0.6333333333333334,19,6
504,Random control,-0.09523809523809525,19,6
504,Per-language norm.,0.6333333333333334,19,6
504,Backbone-only norm.,0.14285714285714282,19,6
504,Z-score,0.14285714285714282,19,6
504,Quantile normalization,-0.07273169177085172,19,6
504,ComBat-EB,0.6619047619047619,19,6
504,Dawid-Skene EM,0.2824045318333193,19,6
504,Ensemble,0.06833214998444669,19,6
504,CBC,0.8238095238095238,19,6
504,CBC-Weighted,0.8238095238095238,19,6
504,Oracle (eval-task beta),0.9999999999999999,19,6
505,Raw (no calibration),0.6285714285714287,19,6
505,Random control,0.13333333333333333,19,6
505,Per-language norm.,0.6285714285714287,19,6
505,Backbone-only norm.,0.04285714285714286,19,6
505,Z-score,0.09047619047619047,19,6
505,Quantile normalization,-0.10156316917576899,19,6
505,ComBat-EB,0.6285714285714287,19,6
505,Dawid-Skene EM,0.33994298198410694,19,6
505,Ensemble,-0.03295800032458274,19,6
505,CBC,0.895238095238095,19,6
505,CBC-Weighted,0.895238095238095,19,6
505,Oracle (eval-task beta),0.9999999999999999,19,6
506,Raw (no calibration),0.6571428571428571,23,6
506,Random control,0.004761904761904751,23,6
506,Per-language norm.,0.6571428571428571,23,6
506,Backbone-only norm.,0.038095238095238106,23,6
506,Z-score,0.1380952380952381,23,6
506,Quantile normalization,-0.1024069835030186,23,6
506,ComBat-EB,0.6571428571428571,23,6
506,Dawid-Skene EM,0.48501953317261753,23,6
506,Ensemble,0.023503025418358085,23,6
506,CBC,0.9095238095238093,23,6
506,CBC-Weighted,0.9095238095238093,23,6
506,Oracle (eval-task beta),0.9999999999999999,23,6
507,Raw (no calibration),0.6142857142857141,21,6
507,Random control,-0.04761904761904761,21,6
507,Per-language norm.,0.6142857142857141,21,6
507,Backbone-only norm.,0.11904761904761905,21,6
507,Z-score,0.4285714285714285,21,6
507,Quantile normalization,-0.10232432516310509,21,6
507,ComBat-EB,0.6142857142857141,21,6
507,Dawid-Skene EM,0.05997130828843089,21,6
507,Ensemble,-0.03520408163265306,21,6
507,CBC,0.9333333333333333,21,6
507,CBC-Weighted,0.9333333333333333,21,6
507,Oracle (eval-task beta),0.9999999999999999,21,6
508,Raw (no calibration),0.6285714285714287,20,6
508,Random control,0.04285714285714286,20,6
508,Per-language norm.,0.6285714285714287,20,6
508,Backbone-only norm.,0.004761904761904761,20,6
508,Z-score,0.08571428571428572,20,6
508,Quantile normalization,-0.0969828428686741,20,6
508,ComBat-EB,0.6285714285714287,20,6
508,Dawid-Skene EM,0.5437793220123662,20,6
508,Ensemble,-0.006656117697443711,20,6
508,CBC,0.8095238095238094,20,6
508,CBC-Weighted,0.8095238095238094,20,6
508,Oracle (eval-task beta),0.9999999999999999,20,6
509,Raw (no calibration),0.6523809523809524,25,6
509,Random control,0.03333333333333334,25,6
509,Per-language norm.,0.6523809523809524,25,6
509,Backbone-only norm.,0.24285714285714283,25,6
509,Z-score,0.4857142857142857,25,6
509,Quantile normalization,-0.10004201031353031,25,6
509,ComBat-EB,0.6523809523809524,25,6
509,Dawid-Skene EM,-0.06238289657744634,25,6
509,Ensemble,0.17747476034045082,25,6
509,CBC,0.9238095238095237,25,6
509,CBC-Weighted,0.9238095238095237,25,6
509,Oracle (eval-task beta),0.9999999999999999,25,6
510,Raw (no calibration),0.680952380952381,20,6
510,Random control,-0.09999999999999999,20,6
510,Per-language norm.,0.680952380952381,20,6
510,Backbone-only norm.,0.2523809523809523,20,6
510,Z-score,0.16666666666666666,20,6
510,Quantile normalization,-0.11674422707320742,20,6
510,ComBat-EB,0.680952380952381,20,6
510,Dawid-Skene EM,0.806845127947537,20,6
510,Ensemble,-0.0030297645671517126,20,6
510,CBC,0.9666666666666666,20,6
510,CBC-Weighted,0.9666666666666666,20,6
510,Oracle (eval-task beta),0.9999999999999999,20,6
511,Raw (no calibration),0.6333333333333334,18,6
511,Random control,-0.07619047619047617,18,6
511,Per-language norm.,0.6333333333333334,18,6
511,Backbone-only norm.,0.05714285714285713,18,6
511,Z-score,0.3476190476190476,18,6
511,Quantile normalization,-0.0826606308110929,18,6
511,ComBat-EB,0.6333333333333334,18,6
511,Dawid-Skene EM,0.4835624527360996,18,6
511,Ensemble,0.10388809998963112,18,6
511,CBC,0.9095238095238095,18,6
511,CBC-Weighted,0.9095238095238095,18,6
511,Oracle (eval-task beta),0.9999999999999999,18,6
512,Raw (no calibration),0.6904761904761905,19,6
512,Random control,-0.004761904761904759,19,6
512,Per-language norm.,0.6904761904761905,19,6
512,Backbone-only norm.,0.0,19,6
512,Z-score,0.09047619047619045,19,6
512,Quantile normalization,-0.11833403724702096,19,6
512,ComBat-EB,0.6904761904761905,19,6
512,Dawid-Skene EM,0.19444197966665464,19,6
512,Ensemble,-0.028547963935209357,19,6
512,CBC,0.9285714285714286,19,6
512,CBC-Weighted,0.9285714285714286,19,6
512,Oracle (eval-task beta),0.9999999999999999,19,6
513,Raw (no calibration),0.6619047619047617,20,6
513,Random control,-0.0523809523809524,20,6
513,Per-language norm.,0.6619047619047617,20,6
513,Backbone-only norm.,0.1285714285714286,20,6
513,Z-score,0.23333333333333334,20,6
513,Quantile normalization,-0.11111530975947713,20,6
513,ComBat-EB,0.6619047619047619,20,6
513,Dawid-Skene EM,0.39999999999999997,20,6
513,Ensemble,0.03212232558616533,20,6
513,CBC,0.9666666666666666,20,6
513,CBC-Weighted,0.9666666666666666,20,6
513,Oracle (eval-task beta),0.9999999999999999,20,6
514,Raw (no calibration),0.6666666666666667,22,6
514,Random control,-0.047619047619047616,22,6
514,Per-language norm.,0.6666666666666667,22,6
514,Backbone-only norm.,-0.04761904761904761,22,6
514,Z-score,0.09523809523809525,22,6
514,Quantile normalization,-0.10194350323352695,22,6
514,ComBat-EB,0.6666666666666667,22,6
514,Dawid-Skene EM,0.6150970800281369,22,6
514,Ensemble,-0.043373213097830314,22,6
514,CBC,0.9428571428571428,22,6
514,CBC-Weighted,0.9428571428571428,22,6
514,Oracle (eval-task beta),0.9999999999999999,22,6
515,Raw (no calibration),0.6571428571428571,22,6
515,Random control,-0.038095238095238085,22,6
515,Per-language norm.,0.6571428571428571,22,6
515,Backbone-only norm.,0.004761904761904765,22,6
515,Z-score,0.1333333333333333,22,6
515,Quantile normalization,-0.10534456317590608,22,6
515,ComBat-EB,0.6571428571428571,22,6
515,Dawid-Skene EM,0.24401506375992313,22,6
515,Ensemble,-0.008350931810497746,22,6
515,CBC,0.9095238095238095,22,6
515,CBC-Weighted,0.9095238095238095,22,6
515,Oracle (eval-task beta),0.9999999999999999,22,6
516,Raw (no calibration),0.6428571428571429,19,6
516,Random control,-0.0238095238095238,19,6
516,Per-language norm.,0.6428571428571429,19,6
516,Backbone-only norm.,-0.05238095238095238,19,6
516,Z-score,0.019047619047619046,19,6
516,Quantile normalization,-0.11876870328217937,19,6
516,ComBat-EB,0.6428571428571429,19,6
516,Dawid-Skene EM,0.33994298198410694,19,6
516,Ensemble,-0.0641185793380308,19,6
516,CBC,0.895238095238095,19,6
516,CBC-Weighted,0.895238095238095,19,6
516,Oracle (eval-task beta),0.9999999999999999,19,6
517,Raw (no calibration),0.6761904761904762,19,6
517,Random control,0.038095238095238085,19,6
517,Per-language norm.,0.6761904761904762,19,6
517,Backbone-only norm.,0.004761904761904767,19,6
517,Z-score,0.02857142857142857,19,6
517,Quantile normalization,-0.1156939380266672,19,6
517,ComBat-EB,0.6761904761904762,19,6
517,Dawid-Skene EM,0.6396724879797583,19,6
517,Ensemble,-0.019047619047619053,19,6
517,CBC,0.8904761904761903,19,6
517,CBC-Weighted,0.8904761904761903,19,6
517,Oracle (eval-task beta),0.9999999999999999,19,6
518,Raw (no calibration),0.6714285714285714,15,6
518,Random control,-0.02857142857142857,15,6
518,Per-language norm.,0.6714285714285714,15,6
518,Backbone-only norm.,0.009523809523809535,15,6
518,Z-score,0.5190476190476191,15,6
518,Quantile normalization,-0.0659099567865276,15,6
518,ComBat-EB,0.6714285714285714,15,6
518,Dawid-Skene EM,0.6150970800281369,15,6
518,Ensemble,-0.03452087644428213,15,6
518,CBC,0.9285714285714286,15,6
518,CBC-Weighted,0.9285714285714286,15,6
518,Oracle (eval-task beta),0.9999999999999999,15,6
519,Raw (no calibration),0.680952380952381,17,6
519,Random control,-0.038095238095238085,17,6
519,Per-language norm.,0.680952380952381,17,6
519,Backbone-only norm.,-0.10476190476190474,17,6
519,Z-score,-0.04761904761904762,17,6
519,Quantile normalization,-0.09428078558687102,17,6
519,ComBat-EB,0.6571428571428571,17,6
519,Dawid-Skene EM,0.52,17,6
519,Ensemble,-0.07784129411061921,17,6
519,CBC,0.9666666666666666,17,6
519,CBC-Weighted,0.9666666666666666,17,6
519,Oracle (eval-task beta),0.9999999999999999,17,6
520,Raw (no calibration),0.6571428571428571,23,6
520,Random control,-0.00952380952380953,23,6
520,Per-language norm.,0.6571428571428571,23,6
520,Backbone-only norm.,0.26666666666666666,23,6
520,Z-score,0.5809523809523809,23,6
520,Quantile normalization,-0.11257884271255882,23,6
520,ComBat-EB,0.6571428571428571,23,6
520,Dawid-Skene EM,0.3800678080952247,23,6
520,Ensemble,0.17273338713523784,23,6
520,CBC,0.9285714285714286,23,6
520,CBC-Weighted,0.9285714285714286,23,6
520,Oracle (eval-task beta),0.9999999999999999,23,6
521,Raw (no calibration),0.6142857142857141,19,6
521,Random control,-0.06666666666666667,19,6
521,Per-language norm.,0.6142857142857141,19,6
521,Backbone-only norm.,0.17619047619047618,19,6
521,Z-score,0.24761904761904757,19,6
521,Quantile normalization,-0.08500902575120158,19,6
521,ComBat-EB,0.6142857142857141,19,6
521,Dawid-Skene EM,0.18835650198940193,19,6
521,Ensemble,0.022598516062355817,19,6
521,CBC,0.7666666666666666,19,6
521,CBC-Weighted,0.7666666666666666,19,6
521,Oracle (eval-task beta),0.9999999999999999,19,6
522,Raw (no calibration),0.6285714285714287,22,6
522,Random control,0.038095238095238106,22,6
522,Per-language norm.,0.6285714285714287,22,6
522,Backbone-only norm.,0.23809523809523808,22,6
522,Z-score,0.28095238095238095,22,6
522,Quantile normalization,-0.08579055254937028,22,6
522,ComBat-EB,0.6285714285714287,22,6
522,Dawid-Skene EM,-0.19999999999999998,22,6
522,Ensemble,0.16781901282328662,22,6
522,CBC,0.8857142857142856,22,6
522,CBC-Weighted,0.8857142857142856,22,6
522,Oracle (eval-task beta),0.9999999999999999,22,6
523,Raw (no calibration),0.6428571428571429,20,6
523,Random control,-0.06666666666666665,20,6
523,Per-language norm.,0.6428571428571429,20,6
523,Backbone-only norm.,0.1619047619047619,20,6
523,Z-score,0.11904761904761904,20,6
523,Quantile normalization,-0.11154784288365416,20,6
523,ComBat-EB,0.6428571428571429,20,6
523,Dawid-Skene EM,0.0,20,6
523,Ensemble,-0.0047619047619047745,20,6
523,CBC,0.895238095238095,20,6
523,CBC-Weighted,0.895238095238095,20,6
523,Oracle (eval-task beta),0.9999999999999999,20,6
524,Raw (no calibration),0.6428571428571429,22,6
524,Random control,-0.05714285714285714,22,6
524,Per-language norm.,0.6428571428571429,22,6
524,Backbone-only norm.,0.02380952380952381,22,6
524,Z-score,0.4809523809523809,22,6
524,Quantile normalization,-0.08690513953681582,22,6
524,ComBat-EB,0.6428571428571429,22,6
524,Dawid-Skene EM,0.0,22,6
524,Ensemble,0.07021756368140343,22,6
524,CBC,0.9238095238095239,22,6
524,CBC-Weighted,0.9238095238095239,22,6
524,Oracle (eval-task beta),0.9999999999999999,22,6
525,Raw (no calibration),0.6523809523809524,21,6
525,Random control,0.052380952380952375,21,6
525,Per-language norm.,0.6523809523809524,21,6
525,Backbone-only norm.,-0.03333333333333335,21,6
525,Z-score,0.5238095238095236,21,6
525,Quantile normalization,-0.08223109298134681,21,6
525,ComBat-EB,0.6523809523809524,21,6
525,Dawid-Skene EM,0.12101660094433116,21,6
525,Ensemble,0.047168565113146085,21,6
525,CBC,0.8904761904761905,21,6
525,CBC-Weighted,0.8904761904761905,21,6
525,Oracle (eval-task beta),0.9999999999999999,21,6
526,Raw (no calibration),0.6666666666666666,22,6
526,Random control,0.033333333333333326,22,6
526,Per-language norm.,0.6666666666666666,22,6
526,Backbone-only norm.,0.20476190476190473,22,6
526,Z-score,0.49523809523809526,22,6
526,Quantile normalization,-0.11207015738859664,22,6
526,ComBat-EB,0.6666666666666666,22,6
526,Dawid-Skene EM,0.25075894507783303,22,6
526,Ensemble,0.1703846986290869,22,6
526,CBC,0.895238095238095,22,6
526,CBC-Weighted,0.895238095238095,22,6
526,Oracle (eval-task beta),0.9999999999999999,22,6
527,Raw (no calibration),0.680952380952381,18,6
527,Random control,0.009523809523809514,18,6
527,Per-language norm.,0.680952380952381,18,6
527,Backbone-only norm.,0.004761904761904761,18,6
527,Z-score,0.5428571428571428,18,6
527,Quantile normalization,-0.07937208463525873,18,6
527,ComBat-EB,0.680952380952381,18,6
527,Dawid-Skene EM,-0.041893885805798156,18,6
527,Ensemble,0.013470571103988669,18,6
527,CBC,0.9285714285714286,18,6
527,CBC-Weighted,0.9285714285714286,18,6
527,Oracle (eval-task beta),0.9999999999999999,18,6
528,Raw (no calibration),0.6238095238095237,17,6
528,Random control,-0.03809523809523809,17,6
528,Per-language norm.,0.6238095238095237,17,6
528,Backbone-only norm.,0.03333333333333334,17,6
528,Z-score,0.11904761904761904,17,6
528,Quantile normalization,-0.094619251310379,17,6
528,ComBat-EB,0.6285714285714284,17,6
528,Dawid-Skene EM,0.7182539682539684,17,6
528,Ensemble,0.003117779679560068,17,6
528,CBC,0.8142857142857143,17,6
528,CBC-Weighted,0.8142857142857143,17,6
528,Oracle (eval-task beta),0.9999999999999999,17,6
529,Raw (no calibration),0.6285714285714287,19,6
529,Random control,-0.052380952380952375,19,6
529,Per-language norm.,0.6285714285714287,19,6
529,Backbone-only norm.,0.023809523809523805,19,6
529,Z-score,0.10952380952380951,19,6
529,Quantile normalization,-0.08810630741724342,19,6
529,ComBat-EB,0.6285714285714287,19,6
529,Dawid-Skene EM,0.33994298198410694,19,6
529,Ensemble,-0.016120863851343408,19,6
529,CBC,0.8857142857142856,19,6
529,CBC-Weighted,0.8857142857142856,19,6
529,Oracle (eval-task beta),0.9999999999999999,19,6
530,Raw (no calibration),0.6666666666666667,22,6
530,Random control,0.0619047619047619,22,6
530,Per-language norm.,0.6666666666666667,22,6
530,Backbone-only norm.,0.033333333333333326,22,6
530,Z-score,0.1476190476190476,22,6
530,Quantile normalization,-0.10515496574574992,22,6
530,ComBat-EB,0.6666666666666667,22,6
530,Dawid-Skene EM,0.6903198110213961,22,6
530,Ensemble,-0.003410159782799898,22,6
530,CBC,0.8714285714285713,22,6
530,CBC-Weighted,0.8714285714285713,22,6
530,Oracle (eval-task beta),0.9999999999999999,22,6
531,Raw (no calibration),0.7142857142857143,18,6
531,Random control,0.028571428571428564,18,6
531,Per-language norm.,0.7142857142857143,18,6
531,Backbone-only norm.,0.15714285714285717,18,6
531,Z-score,0.15714285714285717,18,6
531,Quantile normalization,-0.09814744906495447,18,6
531,ComBat-EB,0.7142857142857143,18,6
531,Dawid-Skene EM,0.33994298198410694,18,6
531,Ensemble,0.09622623952655913,18,6
531,CBC,0.9428571428571428,18,6
531,CBC-Weighted,0.9428571428571428,18,6
531,Oracle (eval-task beta),0.9999999999999999,18,6
532,Raw (no calibration),0.6666666666666666,17,6
532,Random control,0.02857142857142857,17,6
532,Per-language norm.,0.6666666666666666,17,6
532,Backbone-only norm.,-0.09047619047619046,17,6
532,Z-score,-0.019047619047619035,17,6
532,Quantile normalization,-0.11388503199686208,17,6
532,ComBat-EB,0.6666666666666666,17,6
532,Dawid-Skene EM,0.39999999999999997,17,6
532,Ensemble,-0.06936429046582161,17,6
532,CBC,0.9428571428571428,17,6
532,CBC-Weighted,0.9428571428571428,17,6
532,Oracle (eval-task beta),0.9999999999999999,17,6
533,Raw (no calibration),0.6666666666666667,17,6
533,Random control,-0.01904761904761906,17,6
533,Per-language norm.,0.6666666666666667,17,6
533,Backbone-only norm.,-0.009523809523809516,17,6
533,Z-score,0.12380952380952379,17,6
533,Quantile normalization,-0.10292200982475508,17,6
533,ComBat-EB,0.6666666666666667,17,6
533,Dawid-Skene EM,0.16798846457986105,17,6
533,Ensemble,-0.05847700364479759,17,6
533,CBC,0.9666666666666666,17,6
533,CBC-Weighted,0.9666666666666666,17,6
533,Oracle (eval-task beta),0.9999999999999999,17,6
534,Raw (no calibration),0.6619047619047619,19,6
534,Random control,0.09523809523809522,19,6
534,Per-language norm.,0.6619047619047619,19,6
534,Backbone-only norm.,-0.06666666666666668,19,6
534,Z-score,0.02380952380952381,19,6
534,Quantile normalization,-0.1073619799813361,19,6
534,ComBat-EB,0.6619047619047619,19,6
534,Dawid-Skene EM,0.18835650198940201,19,6
534,Ensemble,-0.011400423982184063,19,6
534,CBC,0.9095238095238096,19,6
534,CBC-Weighted,0.9095238095238096,19,6
534,Oracle (eval-task beta),0.9999999999999999,19,6
535,Raw (no calibration),0.6428571428571429,18,6
535,Random control,0.07619047619047617,18,6
535,Per-language norm.,0.6428571428571429,18,6
535,Backbone-only norm.,0.004761904761904757,18,6
535,Z-score,0.17142857142857146,18,6
535,Quantile normalization,-0.068928085097653,18,6
535,ComBat-EB,0.6428571428571429,18,6
535,Dawid-Skene EM,0.15846055842145712,18,6
535,Ensemble,-0.03357450865272741,18,6
535,CBC,0.9,18,6
535,CBC-Weighted,0.9,18,6
535,Oracle (eval-task beta),0.9999999999999999,18,6
536,Raw (no calibration),0.6238095238095236,20,6
536,Random control,-0.06666666666666664,20,6
536,Per-language norm.,0.6238095238095236,20,6
536,Backbone-only norm.,0.06190476190476191,20,6
536,Z-score,0.05714285714285714,20,6
536,Quantile normalization,-0.09989529581184185,20,6
536,ComBat-EB,0.6238095238095236,20,6
536,Dawid-Skene EM,0.4314309179840477,20,6
536,Ensemble,-0.025521936399742255,20,6
536,CBC,0.8095238095238094,20,6
536,CBC-Weighted,0.8095238095238094,20,6
536,Oracle (eval-task beta),0.9999999999999999,20,6
537,Raw (no calibration),0.6047619047619047,21,6
537,Random control,-0.09047619047619047,21,6
537,Per-language norm.,0.6047619047619047,21,6
537,Backbone-only norm.,-0.09523809523809522,21,6
537,Z-score,0.028571428571428574,21,6
537,Quantile normalization,-0.11349258017755613,21,6
537,ComBat-EB,0.6047619047619047,21,6
537,Dawid-Skene EM,0.7590243887083169,21,6
537,Ensemble,-0.09266361019371273,21,6
537,CBC,0.9285714285714285,21,6
537,CBC-Weighted,0.9285714285714285,21,6
537,Oracle (eval-task beta),0.9999999999999999,21,6
538,Raw (no calibration),0.6272782945974934,19,6
538,Random control,-0.018505151091184963,19,6
538,Per-language norm.,0.6272782945974934,19,6
538,Backbone-only norm.,0.07619047619047618,19,6
538,Z-score,0.5666666666666667,19,6
538,Quantile normalization,-0.0977208544155973,19,6
538,ComBat-EB,0.6285714285714287,19,6
538,Dawid-Skene EM,0.0,19,6
538,Ensemble,0.021604505614837104,19,6
538,CBC,0.9666666666666666,19,6
538,CBC-Weighted,0.9666666666666666,19,6
538,Oracle (eval-task beta),0.9999999999999999,19,6
539,Raw (no calibration),0.6666666666666666,19,6
539,Random control,-0.004761904761904763,19,6
539,Per-language norm.,0.6666666666666666,19,6
539,Backbone-only norm.,-0.05714285714285715,19,6
539,Z-score,0.2571428571428571,19,6
539,Quantile normalization,-0.10550679773080676,19,6
539,ComBat-EB,0.6666666666666666,19,6
539,Dawid-Skene EM,0.16798846457986105,19,6
539,Ensemble,-0.05233988926756873,19,6
539,CBC,0.895238095238095,19,6
539,CBC-Weighted,0.895238095238095,19,6
539,Oracle (eval-task beta),0.9999999999999999,19,6
540,Raw (no calibration),0.6523809523809524,19,6
540,Random control,-0.06666666666666667,19,6
540,Per-language norm.,0.6523809523809524,19,6
540,Backbone-only norm.,0.22380952380952376,19,6
540,Z-score,0.28095238095238095,19,6
540,Quantile normalization,-0.08986030324384067,19,6
540,ComBat-EB,0.6523809523809524,19,6
540,Dawid-Skene EM,0.39999999999999997,19,6
540,Ensemble,0.13333333333333333,19,6
540,CBC,0.9095238095238095,19,6
540,CBC-Weighted,0.9095238095238095,19,6
540,Oracle (eval-task beta),0.9999999999999999,19,6
541,Raw (no calibration),0.6666666666666666,21,6
541,Random control,-0.05714285714285715,21,6
541,Per-language norm.,0.6666666666666666,21,6
541,Backbone-only norm.,0.004761904761904759,21,6
541,Z-score,-0.019047619047619042,21,6
541,Quantile normalization,-0.10464857797591098,21,6
541,ComBat-EB,0.6666666666666666,21,6
541,Dawid-Skene EM,0.19444197966665464,21,6
541,Ensemble,-0.05985807941917647,21,6
541,CBC,0.895238095238095,21,6
541,CBC-Weighted,0.895238095238095,21,6
541,Oracle (eval-task beta),0.9999999999999999,21,6
542,Raw (no calibration),0.6523809523809524,18,6
542,Random control,0.08095238095238096,18,6
542,Per-language norm.,0.6523809523809524,18,6
542,Backbone-only norm.,0.1285714285714286,18,6
542,Z-score,0.27619047619047615,18,6
542,Quantile normalization,-0.1086494628350505,18,6
542,ComBat-EB,0.6523809523809524,18,6
542,Dawid-Skene EM,0.652899776225077,18,6
542,Ensemble,-0.06545565891949867,18,6
542,CBC,0.8095238095238094,18,6
542,CBC-Weighted,0.8095238095238094,18,6
542,Oracle (eval-task beta),0.9999999999999999,18,6
543,Raw (no calibration),0.680952380952381,16,6
543,Random control,-0.04761904761904762,16,6
543,Per-language norm.,0.680952380952381,16,6
543,Backbone-only norm.,-0.023809523809523815,16,6
543,Z-score,0.028571428571428574,16,6
543,Quantile normalization,-0.09663861760446124,16,6
543,ComBat-EB,0.680952380952381,16,6
543,Dawid-Skene EM,0.6396724879797583,16,6
543,Ensemble,-0.07206454226984539,16,6
543,CBC,0.9285714285714286,16,6
543,CBC-Weighted,0.9285714285714286,16,6
543,Oracle (eval-task beta),0.9999999999999999,16,6
544,Raw (no calibration),0.6476190476190476,20,6
544,Random control,0.0857142857142857,20,6
544,Per-language norm.,0.6476190476190476,20,6
544,Backbone-only norm.,0.11904761904761904,20,6
544,Z-score,0.5857142857142856,20,6
544,Quantile normalization,-0.0812097013422605,20,6
544,ComBat-EB,0.6476190476190476,20,6
544,Dawid-Skene EM,0.12249166782475973,20,6
544,Ensemble,-0.02936604019646236,20,6
544,CBC,0.8952380952380953,20,6
544,CBC-Weighted,0.8952380952380953,20,6
544,Oracle (eval-task beta),0.9999999999999999,20,6
545,Raw (no calibration),0.6428571428571429,16,6
545,Random control,-0.061904761904761886,16,6
545,Per-language norm.,0.6428571428571429,16,6
545,Backbone-only norm.,0.05714285714285715,16,6
545,Z-score,0.1142857142857143,16,6
545,Quantile normalization,-0.10814191071372738,16,6
545,ComBat-EB,0.6666666666666666,16,6
545,Dawid-Skene EM,0.2824045318333193,16,6
545,Ensemble,-0.014124445497085594,16,6
545,CBC,0.7761904761904762,16,6
545,CBC-Weighted,0.7761904761904762,16,6
545,Oracle (eval-task beta),0.9999999999999999,16,6
546,Raw (no calibration),0.6666666666666667,16,6
546,Random control,0.08095238095238096,16,6
546,Per-language norm.,0.6666666666666667,16,6
546,Backbone-only norm.,-0.019047619047619046,16,6
546,Z-score,0.07619047619047617,16,6
546,Quantile normalization,-0.09610621324086899,16,6
546,ComBat-EB,0.6666666666666667,16,6
546,Dawid-Skene EM,0.7590243887083169,16,6
546,Ensemble,-0.05490264199384164,16,6
546,CBC,0.8714285714285713,16,6
546,CBC-Weighted,0.8714285714285713,16,6
546,Oracle (eval-task beta),0.9999999999999999,16,6
547,Raw (no calibration),0.6333333333333334,21,6
547,Random control,-0.061904761904761914,21,6
547,Per-language norm.,0.6333333333333334,21,6
547,Backbone-only norm.,-0.004761904761904757,21,6
547,Z-score,0.05714285714285715,21,6
547,Quantile normalization,-0.09261906260378747,21,6
547,ComBat-EB,0.6333333333333334,21,6
547,Dawid-Skene EM,0.33994298198410694,21,6
547,Ensemble,0.008983296376412464,21,6
547,CBC,0.895238095238095,21,6
547,CBC-Weighted,0.895238095238095,21,6
547,Oracle (eval-task beta),0.9999999999999999,21,6
548,Raw (no calibration),0.6666666666666666,20,6
548,Random control,-0.10476190476190474,20,6
548,Per-language norm.,0.6666666666666666,20,6
548,Backbone-only norm.,-0.03809523809523809,20,6
548,Z-score,0.07619047619047618,20,6
548,Quantile normalization,-0.09420416374357983,20,6
548,ComBat-EB,0.6666666666666666,20,6
548,Dawid-Skene EM,0.7590243887083169,20,6
548,Ensemble,-0.012587967093132854,20,6
548,CBC,0.9428571428571428,20,6
548,CBC-Weighted,0.9428571428571428,20,6
548,Oracle (eval-task beta),0.9999999999999999,20,6
549,Raw (no calibration),0.6571428571428571,17,6
549,Random control,-0.033333333333333326,17,6
549,Per-language norm.,0.6571428571428571,17,6
549,Backbone-only norm.,-0.052380952380952375,17,6
549,Z-score,0.1476190476190476,17,6
549,Quantile normalization,-0.11008450851388109,17,6
549,ComBat-EB,0.6571428571428571,17,6
549,Dawid-Skene EM,0.28369760344246286,17,6
549,Ensemble,-0.03402827083981388,17,6
549,CBC,0.9095238095238096,17,6
549,CBC-Weighted,0.9095238095238096,17,6
549,Oracle (eval-task beta),0.9999999999999999,17,6
550,Raw (no calibration),0.680952380952381,19,6
550,Random control,-0.11904761904761904,19,6
550,Per-language norm.,0.680952380952381,19,6
550,Backbone-only norm.,0.1,19,6
550,Z-score,0.1761904761904762,19,6
550,Quantile normalization,-0.0872964836148851,19,6
550,ComBat-EB,0.680952380952381,19,6
550,Dawid-Skene EM,0.21313576957141117,19,6
550,Ensemble,0.026871412766538556,19,6
550,CBC,0.8999999999999998,19,6
550,CBC-Weighted,0.8999999999999998,19,6
550,Oracle (eval-task beta),0.9999999999999999,19,6
551,Raw (no calibration),0.6666666666666667,17,6
551,Random control,0.16666666666666666,17,6
551,Per-language norm.,0.6666666666666667,17,6
551,Backbone-only norm.,-0.01904761904761904,17,6
551,Z-score,0.2571428571428571,17,6
551,Quantile normalization,-0.0907071800843494,17,6
551,ComBat-EB,0.6666666666666667,17,6
551,Dawid-Skene EM,1.0,17,6
551,Ensemble,0.05609898434337263,17,6
551,CBC,0.9285714285714286,17,6
551,CBC-Weighted,0.9285714285714286,17,6
551,Oracle (eval-task beta),0.9999999999999999,17,6
552,Raw (no calibration),0.7238095238095238,23,6
552,Random control,0.004761904761904761,23,6
552,Per-language norm.,0.7238095238095238,23,6
552,Backbone-only norm.,-0.014285714285714294,23,6
552,Z-score,0.04285714285714286,23,6
552,Quantile normalization,-0.07968749826496858,23,6
552,ComBat-EB,0.7238095238095238,23,6
552,Dawid-Skene EM,0.39999999999999997,23,6
552,Ensemble,-0.05,23,6
552,CBC,0.9285714285714286,23,6
552,CBC-Weighted,0.9285714285714286,23,6
552,Oracle (eval-task beta),0.9999999999999999,23,6
553,Raw (no calibration),0.6666666666666667,19,6
553,Random control,0.028571428571428564,19,6
553,Per-language norm.,0.6666666666666667,19,6
553,Backbone-only norm.,0.07619047619047618,19,6
553,Z-score,0.22857142857142856,19,6
553,Quantile normalization,-0.1155062628223431,19,6
553,ComBat-EB,0.6666666666666667,19,6
553,Dawid-Skene EM,0.503968253968254,19,6
553,Ensemble,-0.017502341405084082,19,6
553,CBC,0.895238095238095,19,6
553,CBC-Weighted,0.895238095238095,19,6
553,Oracle (eval-task beta),0.9999999999999999,19,6
554,Raw (no calibration),0.6523809523809524,19,6
554,Random control,0.02380952380952381,19,6
554,Per-language norm.,0.6523809523809524,19,6
554,Backbone-only norm.,0.14285714285714285,19,6
554,Z-score,0.06190476190476191,19,6
554,Quantile normalization,-0.10864500667036285,19,6
554,ComBat-EB,0.6523809523809524,19,6
554,Dawid-Skene EM,-0.19999999999999998,19,6
554,Ensemble,0.03282899541075547,19,6
554,CBC,0.9095238095238095,19,6
554,CBC-Weighted,0.9095238095238095,19,6
554,Oracle (eval-task beta),0.9999999999999999,19,6
555,Raw (no calibration),0.7142857142857142,18,6
555,Random control,-0.04761904761904761,18,6
555,Per-language norm.,0.7142857142857142,18,6
555,Backbone-only norm.,0.03809523809523811,18,6
555,Z-score,0.1285714285714286,18,6
555,Quantile normalization,-0.09712613053976317,18,6
555,ComBat-EB,0.7142857142857142,18,6
555,Dawid-Skene EM,0.23491734855024854,18,6
555,Ensemble,0.013936778992710327,18,6
555,CBC,0.9095238095238096,18,6
555,CBC-Weighted,0.9095238095238096,18,6
555,Oracle (eval-task beta),0.9999999999999999,18,6
556,Raw (no calibration),0.6571428571428571,20,6
556,Random control,0.05714285714285713,20,6
556,Per-language norm.,0.6571428571428571,20,6
556,Backbone-only norm.,0.004761904761904768,20,6
556,Z-score,0.03333333333333333,20,6
556,Quantile normalization,-0.09688624287026083,20,6
556,ComBat-EB,0.6571428571428571,20,6
556,Dawid-Skene EM,0.23491734855024854,20,6
556,Ensemble,-0.036048555609652685,20,6
556,CBC,0.9095238095238096,20,6
556,CBC-Weighted,0.9095238095238096,20,6
556,Oracle (eval-task beta),0.9999999999999999,20,6
557,Raw (no calibration),0.6285714285714284,17,6
557,Random control,0.009523809523809518,17,6
557,Per-language norm.,0.6285714285714284,17,6
557,Backbone-only norm.,0.07619047619047618,17,6
557,Z-score,0.18095238095238095,17,6
557,Quantile normalization,-0.0982261360125842,17,6
557,ComBat-EB,0.6285714285714284,17,6
557,Dawid-Skene EM,0.52,17,6
557,Ensemble,0.05987512300190378,17,6
557,CBC,0.9285714285714286,17,6
557,CBC-Weighted,0.9285714285714286,17,6
557,Oracle (eval-task beta),0.9999999999999999,17,6
558,Raw (no calibration),0.6142857142857141,24,6
558,Random control,-0.028571428571428574,24,6
558,Per-language norm.,0.6142857142857141,24,6
558,Backbone-only norm.,0.07142857142857142,24,6
558,Z-score,-0.052380952380952375,24,6
558,Quantile normalization,-0.10706318628419771,24,6
558,ComBat-EB,0.6142857142857141,24,6
558,Dawid-Skene EM,0.4404761904761904,24,6
558,Ensemble,-0.05424876760074471,24,6
558,CBC,0.8761904761904761,24,6
558,CBC-Weighted,0.8761904761904761,24,6
558,Oracle (eval-task beta),0.9999999999999999,24,6
559,Raw (no calibration),0.6380952380952379,17,6
559,Random control,0.03333333333333333,17,6
559,Per-language norm.,0.6380952380952379,17,6
559,Backbone-only norm.,0.10952380952380954,17,6
559,Z-score,0.37142857142857133,17,6
559,Quantile normalization,-0.09289836427884081,17,6
559,ComBat-EB,0.6380952380952379,17,6
559,Dawid-Skene EM,0.7270340699023484,17,6
559,Ensemble,0.10661505458406008,17,6
559,CBC,0.9428571428571428,17,6
559,CBC-Weighted,0.9428571428571428,17,6
559,Oracle (eval-task beta),0.9999999999999999,17,6
560,Raw (no calibration),0.6238095238095239,21,6
560,Random control,-0.03333333333333333,21,6
560,Per-language norm.,0.6238095238095239,21,6
560,Backbone-only norm.,0.24285714285714283,21,6
560,Z-score,0.2809523809523809,21,6
560,Quantile normalization,-0.10474152506411594,21,6
560,ComBat-EB,0.6238095238095239,21,6
560,Dawid-Skene EM,0.21086113025183686,21,6
560,Ensemble,0.21904761904761902,21,6
560,CBC,0.8523809523809524,21,6
560,CBC-Weighted,0.8523809523809524,21,6
560,Oracle (eval-task beta),0.9999999999999999,21,6
561,Raw (no calibration),0.6666666666666667,23,6
561,Random control,0.09047619047619047,23,6
561,Per-language norm.,0.6666666666666667,23,6
561,Backbone-only norm.,-0.023809523809523808,23,6
561,Z-score,0.1952380952380952,23,6
561,Quantile normalization,-0.08518631369655472,23,6
561,ComBat-EB,0.6666666666666667,23,6
561,Dawid-Skene EM,-0.036793960073976784,23,6
561,Ensemble,-0.07591566309585078,23,6
561,CBC,0.9428571428571428,23,6
561,CBC-Weighted,0.9428571428571428,23,6
561,Oracle (eval-task beta),0.9999999999999999,23,6
562,Raw (no calibration),0.6666666666666666,17,6
562,Random control,0.1380952380952381,17,6
562,Per-language norm.,0.6666666666666666,17,6
562,Backbone-only norm.,0.2714285714285714,17,6
562,Z-score,0.2333333333333333,17,6
562,Quantile normalization,-0.11460623980124574,17,6
562,ComBat-EB,0.6666666666666666,17,6
562,Dawid-Skene EM,0.0,17,6
562,Ensemble,0.020406339593623736,17,6
562,CBC,0.9095238095238093,17,6
562,CBC-Weighted,0.9095238095238093,17,6
562,Oracle (eval-task beta),0.9999999999999999,17,6
563,Raw (no calibration),0.6285714285714287,23,6
563,Random control,0.004761904761904771,23,6
563,Per-language norm.,0.6285714285714287,23,6
563,Backbone-only norm.,0.05714285714285713,23,6
563,Z-score,0.11904761904761904,23,6
563,Quantile normalization,-0.0913200313194517,23,6
563,ComBat-EB,0.6285714285714287,23,6
563,Dawid-Skene EM,0.05721864839590885,23,6
563,Ensemble,0.008655870910590686,23,6
563,CBC,0.8666666666666666,23,6
563,CBC-Weighted,0.8666666666666666,23,6
563,Oracle (eval-task beta),0.9999999999999999,23,6
564,Raw (no calibration),0.6428571428571429,25,6
564,Random control,-3.96508223080413e-18,25,6
564,Per-language norm.,0.6428571428571429,25,6
564,Backbone-only norm.,0.17142857142857143,25,6
564,Z-score,0.1333333333333333,25,6
564,Quantile normalization,-0.10261398590649558,25,6
564,ComBat-EB,0.6428571428571429,25,6
564,Dawid-Skene EM,0.665867828575994,25,6
564,Ensemble,0.01759835855520325,25,6
564,CBC,0.9333333333333333,25,6
564,CBC-Weighted,0.9333333333333333,25,6
564,Oracle (eval-task beta),0.9999999999999999,25,6
565,Raw (no calibration),0.6666666666666666,17,6
565,Random control,-0.09047619047619047,17,6
565,Per-language norm.,0.6666666666666666,17,6
565,Backbone-only norm.,-0.05238095238095238,17,6
565,Z-score,0.2523809523809524,17,6
565,Quantile normalization,-0.08494176545119367,17,6
565,ComBat-EB,0.6666666666666666,17,6
565,Dawid-Skene EM,1.0,17,6
565,Ensemble,-0.04226244282065118,17,6
565,CBC,0.9238095238095239,17,6
565,CBC-Weighted,0.9238095238095239,17,6
565,Oracle (eval-task beta),0.9999999999999999,17,6
566,Raw (no calibration),0.6095238095238094,21,6
566,Random control,-0.014285714285714287,21,6
566,Per-language norm.,0.6095238095238094,21,6
566,Backbone-only norm.,0.11428571428571425,21,6
566,Z-score,0.5047619047619047,21,6
566,Quantile normalization,-0.0957534116894608,21,6
566,ComBat-EB,0.6095238095238094,21,6
566,Dawid-Skene EM,0.7590243887083169,21,6
566,Ensemble,0.06955803643363798,21,6
566,CBC,0.8333333333333333,21,6
566,CBC-Weighted,0.8333333333333333,21,6
566,Oracle (eval-task beta),0.9999999999999999,21,6
567,Raw (no calibration),0.6285714285714284,23,6
567,Random control,0.0476190476190476,23,6
567,Per-language norm.,0.6285714285714284,23,6
567,Backbone-only norm.,-0.014285714285714289,23,6
567,Z-score,0.3142857142857142,23,6
567,Quantile normalization,-0.10806020812183977,23,6
567,ComBat-EB,0.6285714285714284,23,6
567,Dawid-Skene EM,0.28369760344246286,23,6
567,Ensemble,0.02534013605442176,23,6
567,CBC,0.9000000000000001,23,6
567,CBC-Weighted,0.9000000000000001,23,6
567,Oracle (eval-task beta),0.9999999999999999,23,6
568,Raw (no calibration),0.6666666666666666,19,6
568,Random control,-0.0619047619047619,19,6
568,Per-language norm.,0.6666666666666666,19,6
568,Backbone-only norm.,0.08571428571428572,19,6
568,Z-score,0.22857142857142856,19,6
568,Quantile normalization,-0.09269105256080194,19,6
568,ComBat-EB,0.6666666666666666,19,6
568,Dawid-Skene EM,0.15846055842145712,19,6
568,Ensemble,0.11169949692322222,19,6
568,CBC,0.8666666666666666,19,6
568,CBC-Weighted,0.8666666666666666,19,6
568,Oracle (eval-task beta),0.9999999999999999,19,6
569,Raw (no calibration),0.6428571428571429,20,6
569,Random control,0.02380952380952379,20,6
569,Per-language norm.,0.6428571428571429,20,6
569,Backbone-only norm.,-0.0809523809523809,20,6
569,Z-score,0.19523809523809524,20,6
569,Quantile normalization,-0.06231468445362774,20,6
569,ComBat-EB,0.6428571428571429,20,6
569,Dawid-Skene EM,0.48501953317261753,20,6
569,Ensemble,-0.042819012823286644,20,6
569,CBC,0.8619047619047618,20,6
569,CBC-Weighted,0.8619047619047618,20,6
569,Oracle (eval-task beta),0.9999999999999999,20,6
570,Raw (no calibration),0.6561839930642888,18,6
570,Random control,-0.06871334915225209,18,6
570,Per-language norm.,0.6561839930642888,18,6
570,Backbone-only norm.,0.2476190476190476,18,6
570,Z-score,0.3238095238095238,18,6
570,Quantile normalization,-0.07790047523937123,18,6
570,ComBat-EB,0.6333333333333334,18,6
570,Dawid-Skene EM,0.471191601082491,18,6
570,Ensemble,0.17341365924408142,18,6
570,CBC,0.8761904761904761,18,6
570,CBC-Weighted,0.8761904761904761,18,6
570,Oracle (eval-task beta),0.9999999999999999,18,6
571,Raw (no calibration),0.6571428571428571,19,6
571,Random control,0.009523809523809518,19,6
571,Per-language norm.,0.6571428571428571,19,6
571,Backbone-only norm.,-0.04761904761904762,19,6
571,Z-score,0.24285714285714283,19,6
571,Quantile normalization,-0.10355647686763927,19,6
571,ComBat-EB,0.6571428571428571,19,6
571,Dawid-Skene EM,0.9272445692856943,19,6
571,Ensemble,-0.027769748421612003,19,6
571,CBC,0.9095238095238093,19,6
571,CBC-Weighted,0.9095238095238093,19,6
571,Oracle (eval-task beta),0.9999999999999999,19,6
572,Raw (no calibration),0.6571428571428571,21,6
572,Random control,-0.08571428571428572,21,6
572,Per-language norm.,0.6571428571428571,21,6
572,Backbone-only norm.,0.08095238095238096,21,6
572,Z-score,0.18095238095238092,21,6
572,Quantile normalization,-0.10844255190036496,21,6
572,ComBat-EB,0.6571428571428571,21,6
572,Dawid-Skene EM,0.48501953317261753,21,6
572,Ensemble,0.01630306597602568,21,6
572,CBC,0.8999999999999998,21,6
572,CBC-Weighted,0.8999999999999998,21,6
572,Oracle (eval-task beta),0.9999999999999999,21,6
573,Raw (no calibration),0.6190476190476188,20,6
573,Random control,0.03333333333333333,20,6
573,Per-language norm.,0.6190476190476188,20,6
573,Backbone-only norm.,0.21904761904761907,20,6
573,Z-score,0.2714285714285714,20,6
573,Quantile normalization,-0.10549909245487495,20,6
573,ComBat-EB,0.6142857142857141,20,6
573,Dawid-Skene EM,0.716630414212286,20,6
573,Ensemble,0.11023341242792706,20,6
573,CBC,0.7619047619047619,20,6
573,CBC-Weighted,0.7619047619047619,20,6
573,Oracle (eval-task beta),0.9999999999999999,20,6
574,Raw (no calibration),0.6380952380952382,21,6
574,Random control,-0.028571428571428574,21,6
574,Per-language norm.,0.6380952380952382,21,6
574,Backbone-only norm.,-3.96508223080413e-18,21,6
574,Z-score,0.619047619047619,21,6
574,Quantile normalization,-0.08072379297894043,21,6
574,ComBat-EB,0.6380952380952382,21,6
574,Dawid-Skene EM,0.6288435150088423,21,6
574,Ensemble,0.04251993988224851,21,6
574,CBC,0.9095238095238096,21,6
574,CBC-Weighted,0.9095238095238096,21,6
574,Oracle (eval-task beta),0.9999999999999999,21,6
575,Raw (no calibration),0.6571428571428571,19,6
575,Random control,3.96508223080413e-18,19,6
575,Per-language norm.,0.6571428571428571,19,6
575,Backbone-only norm.,0.004761904761904761,19,6
575,Z-score,0.4714285714285714,19,6
575,Quantile normalization,-0.09552710123660671,19,6
575,ComBat-EB,0.6571428571428571,19,6
575,Dawid-Skene EM,0.28369760344246286,19,6
575,Ensemble,0.06514778673987831,19,6
575,CBC,0.9666666666666666,19,6
575,CBC-Weighted,0.9666666666666666,19,6
575,Oracle (eval-task beta),0.9999999999999999,19,6
576,Raw (no calibration),0.6571428571428571,17,6
576,Random control,0.08095238095238096,17,6
576,Per-language norm.,0.6571428571428571,17,6
576,Backbone-only norm.,0.06666666666666667,17,6
576,Z-score,0.4619047619047619,17,6
576,Quantile normalization,-0.09517027285356486,17,6
576,ComBat-EB,0.6571428571428571,17,6
576,Dawid-Skene EM,0.9272445692856943,17,6
576,Ensemble,0.09844005695982802,17,6
576,CBC,0.9095238095238095,17,6
576,CBC-Weighted,0.9095238095238095,17,6
576,Oracle (eval-task beta),0.9999999999999999,17,6
577,Raw (no calibration),0.6571428571428571,21,6
577,Random control,0.0238095238095238,21,6
577,Per-language norm.,0.6571428571428571,21,6
577,Backbone-only norm.,0.1952380952380952,21,6
577,Z-score,0.10476190476190479,21,6
577,Quantile normalization,-0.1076332388138526,21,6
577,ComBat-EB,0.6571428571428571,21,6
577,Dawid-Skene EM,0.33994298198410694,21,6
577,Ensemble,0.017284946500338013,21,6
577,CBC,0.9666666666666666,21,6
577,CBC-Weighted,0.9666666666666666,21,6
577,Oracle (eval-task beta),0.9999999999999999,21,6
578,Raw (no calibration),0.6666666666666666,13,6
578,Random control,-0.07142857142857141,13,6
578,Per-language norm.,0.6666666666666666,13,6
578,Backbone-only norm.,0.07142857142857141,13,6
578,Z-score,0.4142857142857142,13,6
578,Quantile normalization,-0.1124658360490299,13,6
578,ComBat-EB,0.6666666666666666,13,6
578,Dawid-Skene EM,0.4079571364593186,13,6
578,Ensemble,0.04557236513346219,13,6
578,CBC,0.9666666666666666,13,6
578,CBC-Weighted,0.9666666666666666,13,6
578,Oracle (eval-task beta),0.9999999999999999,13,6
579,Raw (no calibration),0.6142857142857141,20,6
579,Random control,0.028571428571428577,20,6
579,Per-language norm.,0.6142857142857141,20,6
579,Backbone-only norm.,0.019047619047619035,20,6
579,Z-score,-0.009523809523809523,20,6
579,Quantile normalization,-0.10387823565455863,20,6
579,ComBat-EB,0.6142857142857141,20,6
579,Dawid-Skene EM,0.7590243887083169,20,6
579,Ensemble,-0.03451207720569992,20,6
579,CBC,0.8333333333333333,20,6
579,CBC-Weighted,0.8333333333333333,20,6
579,Oracle (eval-task beta),0.9999999999999999,20,6
580,Raw (no calibration),0.6666666666666667,20,6
580,Random control,-0.02380952380952382,20,6
580,Per-language norm.,0.6666666666666667,20,6
580,Backbone-only norm.,0.09999999999999999,20,6
580,Z-score,0.3238095238095238,20,6
580,Quantile normalization,-0.1040863846617026,20,6
580,ComBat-EB,0.6666666666666667,20,6
580,Dawid-Skene EM,0.2375966836152159,20,6
580,Ensemble,-0.028225426357952003,20,6
580,CBC,0.9428571428571428,20,6
580,CBC-Weighted,0.9428571428571428,20,6
580,Oracle (eval-task beta),0.9999999999999999,20,6
581,Raw (no calibration),0.6476190476190474,20,6
581,Random control,-0.057142857142857155,20,6
581,Per-language norm.,0.6476190476190474,20,6
581,Backbone-only norm.,0.06190476190476191,20,6
581,Z-score,0.05238095238095238,20,6
581,Quantile normalization,-0.10822972798203247,20,6
581,ComBat-EB,0.6476190476190474,20,6
581,Dawid-Skene EM,0.7182539682539684,20,6
581,Ensemble,0.01737920265031163,20,6
581,CBC,0.9095238095238093,20,6
581,CBC-Weighted,0.9095238095238093,20,6
581,Oracle (eval-task beta),0.9999999999999999,20,6
582,Raw (no calibration),0.6666666666666667,19,6
582,Random control,-0.07619047619047621,19,6
582,Per-language norm.,0.6666666666666667,19,6
582,Backbone-only norm.,0.09523809523809523,19,6
582,Z-score,0.25238095238095243,19,6
582,Quantile normalization,-0.08101282030927888,19,6
582,ComBat-EB,0.6666666666666667,19,6
582,Dawid-Skene EM,0.5232898809704272,19,6
582,Ensemble,-0.005104973895853925,19,6
582,CBC,0.8666666666666666,19,6
582,CBC-Weighted,0.8666666666666666,19,6
582,Oracle (eval-task beta),0.9999999999999999,19,6
583,Raw (no calibration),0.6476190476190476,21,6
583,Random control,0.019047619047619053,21,6
583,Per-language norm.,0.6476190476190476,21,6
583,Backbone-only norm.,-0.01428571428571428,21,6
583,Z-score,-0.03333333333333333,21,6
583,Quantile normalization,-0.05526677968269135,21,6
583,ComBat-EB,0.6476190476190476,21,6
583,Dawid-Skene EM,0.7182539682539684,21,6
583,Ensemble,-0.04931386173210165,21,6
583,CBC,0.895238095238095,21,6
583,CBC-Weighted,0.895238095238095,21,6
583,Oracle (eval-task beta),0.9999999999999999,21,6
584,Raw (no calibration),0.6666666666666666,22,6
584,Random control,-0.009523809523809507,22,6
584,Per-language norm.,0.6666666666666666,22,6
584,Backbone-only norm.,-0.004761904761904749,22,6
584,Z-score,0.004761904761904773,22,6
584,Quantile normalization,-0.09577844862734197,22,6
584,ComBat-EB,0.6666666666666666,22,6
584,Dawid-Skene EM,0.7182539682539684,22,6
584,Ensemble,-0.05714359662107741,22,6
584,CBC,0.895238095238095,22,6
584,CBC-Weighted,0.895238095238095,22,6
584,Oracle (eval-task beta),0.9999999999999999,22,6
585,Raw (no calibration),0.6428571428571429,21,6
585,Random control,0.033333333333333326,21,6
585,Per-language norm.,0.6428571428571429,21,6
585,Backbone-only norm.,-0.03809523809523809,21,6
585,Z-score,0.07619047619047617,21,6
585,Quantile normalization,-0.09882129482607482,21,6
585,ComBat-EB,0.6428571428571429,21,6
585,Dawid-Skene EM,0.48501953317261753,21,6
585,Ensemble,-0.04912619522772639,21,6
585,CBC,0.9095238095238096,21,6
585,CBC-Weighted,0.9095238095238096,21,6
585,Oracle (eval-task beta),0.9999999999999999,21,6
586,Raw (no calibration),0.6428571428571429,22,6
586,Random control,-0.05238095238095238,22,6
586,Per-language norm.,0.6428571428571429,22,6
586,Backbone-only norm.,-0.06666666666666665,22,6
586,Z-score,0.028571428571428574,22,6
586,Quantile normalization,-0.105393751097394,22,6
586,ComBat-EB,0.6428571428571429,22,6
586,Dawid-Skene EM,0.24401506375992313,22,6
586,Ensemble,-0.0702263629199856,22,6
586,CBC,0.9999999999999999,22,6
586,CBC-Weighted,0.9999999999999999,22,6
586,Oracle (eval-task beta),0.9999999999999999,22,6
587,Raw (no calibration),0.6761904761904762,16,6
587,Random control,-0.061904761904761914,16,6
587,Per-language norm.,0.6761904761904762,16,6
587,Backbone-only norm.,-0.019047619047619056,16,6
587,Z-score,0.2761904761904762,16,6
587,Quantile normalization,-0.0853986277330415,16,6
587,ComBat-EB,0.6761904761904762,16,6
587,Dawid-Skene EM,0.6150970800281369,16,6
587,Ensemble,-0.016499531718983173,16,6
587,CBC,0.8904761904761903,16,6
587,CBC-Weighted,0.8904761904761903,16,6
587,Oracle (eval-task beta),0.9999999999999999,16,6
588,Raw (no calibration),0.6380952380952379,22,6
588,Random control,0.05714285714285714,22,6
588,Per-language norm.,0.6380952380952379,22,6
588,Backbone-only norm.,0.20952380952380947,22,6
588,Z-score,0.3333333333333333,22,6
588,Quantile normalization,-0.12457035532518033,22,6
588,ComBat-EB,0.6380952380952379,22,6
588,Dawid-Skene EM,0.3800678080952247,22,6
588,Ensemble,0.11356437906348713,22,6
588,CBC,0.9285714285714286,22,6
588,CBC-Weighted,0.9285714285714286,22,6
588,Oracle (eval-task beta),0.9999999999999999,22,6
589,Raw (no calibration),0.6285714285714287,22,6
589,Random control,0.019047619047619053,22,6
589,Per-language norm.,0.6285714285714287,22,6
589,Backbone-only norm.,0.14761904761904762,22,6
589,Z-score,0.3476190476190476,22,6
589,Quantile normalization,-0.11499471052855743,22,6
589,ComBat-EB,0.6285714285714287,22,6
589,Dawid-Skene EM,0.16798846457986105,22,6
589,Ensemble,0.05709886094994614,22,6
589,CBC,0.8904761904761903,22,6
589,CBC-Weighted,0.8904761904761903,22,6
589,Oracle (eval-task beta),0.9999999999999999,22,6
590,Raw (no calibration),0.6666666666666667,22,6
590,Random control,0.13333333333333333,22,6
590,Per-language norm.,0.6666666666666667,22,6
590,Backbone-only norm.,0.09047619047619047,22,6
590,Z-score,0.26666666666666666,22,6
590,Quantile normalization,-0.0959212620221038,22,6
590,ComBat-EB,0.6666666666666667,22,6
590,Dawid-Skene EM,0.3512229951573718,22,6
590,Ensemble,-0.046073769976512614,22,6
590,CBC,0.9428571428571428,22,6
590,CBC-Weighted,0.9428571428571428,22,6
590,Oracle (eval-task beta),0.9999999999999999,22,6
591,Raw (no calibration),0.7142857142857142,20,6
591,Random control,-0.02857142857142858,20,6
591,Per-language norm.,0.7142857142857142,20,6
591,Backbone-only norm.,0.05714285714285715,20,6
591,Z-score,0.08571428571428572,20,6
591,Quantile normalization,-0.08913292678114552,20,6
591,ComBat-EB,0.7142857142857142,20,6
591,Dawid-Skene EM,0.23491734855024854,20,6
591,Ensemble,0.006782189531743558,20,6
591,CBC,0.9285714285714286,20,6
591,CBC-Weighted,0.9285714285714286,20,6
591,Oracle (eval-task beta),0.9999999999999999,20,6
592,Raw (no calibration),0.6428571428571429,23,6
592,Random control,0.01428571428571428,23,6
592,Per-language norm.,0.6428571428571429,23,6
592,Backbone-only norm.,-0.038095238095238106,23,6
592,Z-score,0.3095238095238095,23,6
592,Quantile normalization,-0.09555600948946634,23,6
592,ComBat-EB,0.6428571428571429,23,6
592,Dawid-Skene EM,0.5979140363022555,23,6
592,Ensemble,0.028888099989631124,23,6
592,CBC,0.9666666666666666,23,6
592,CBC-Weighted,0.9666666666666666,23,6
592,Oracle (eval-task beta),0.9999999999999999,23,6
593,Raw (no calibration),0.6523809523809524,20,6
593,Random control,-0.004761904761904757,20,6
593,Per-language norm.,0.6523809523809524,20,6
593,Backbone-only norm.,0.21428571428571427,20,6
593,Z-score,0.16666666666666666,20,6
593,Quantile normalization,-0.10972302447935464,20,6
593,ComBat-EB,0.6523809523809524,20,6
593,Dawid-Skene EM,0.39999999999999997,20,6
593,Ensemble,0.07447806360025774,20,6
593,CBC,0.9095238095238095,20,6
593,CBC-Weighted,0.9095238095238095,20,6
593,Oracle (eval-task beta),0.9999999999999999,20,6
594,Raw (no calibration),0.6428571428571429,22,6
594,Random control,0.09523809523809522,22,6
594,Per-language norm.,0.6428571428571429,22,6
594,Backbone-only norm.,0.09047619047619045,22,6
594,Z-score,0.1857142857142857,22,6
594,Quantile normalization,-0.10438841041220802,22,6
594,ComBat-EB,0.6428571428571429,22,6
594,Dawid-Skene EM,0.496031746031746,22,6
594,Ensemble,-0.009025337760286465,22,6
594,CBC,0.895238095238095,22,6
594,CBC-Weighted,0.895238095238095,22,6
594,Oracle (eval-task beta),0.9999999999999999,22,6
595,Raw (no calibration),0.6285714285714287,18,6
595,Random control,-0.00952380952380952,18,6
595,Per-language norm.,0.6285714285714287,18,6
595,Backbone-only norm.,-0.004761904761904759,18,6
595,Z-score,0.2571428571428572,18,6
595,Quantile normalization,-0.09112100322321189,18,6
595,ComBat-EB,0.6285714285714287,18,6
595,Dawid-Skene EM,0.21086113025183686,18,6
595,Ensemble,-0.03265012814496239,18,6
595,CBC,0.8571428571428571,18,6
595,CBC-Weighted,0.8571428571428571,18,6
595,Oracle (eval-task beta),0.9999999999999999,18,6
596,Raw (no calibration),0.6238095238095236,23,6
596,Random control,-0.033333333333333326,23,6
596,Per-language norm.,0.6238095238095236,23,6
596,Backbone-only norm.,0.08095238095238096,23,6
596,Z-score,0.38095238095238093,23,6
596,Quantile normalization,-0.10000031738906102,23,6
596,ComBat-EB,0.6238095238095236,23,6
596,Dawid-Skene EM,0.6903198110213961,23,6
596,Ensemble,0.07580047778408858,23,6
596,CBC,0.7999999999999999,23,6
596,CBC-Weighted,0.7999999999999999,23,6
596,Oracle (eval-task beta),0.9999999999999999,23,6
597,Raw (no calibration),0.6952380952380952,21,6
597,Random control,-0.014285714285714285,21,6
597,Per-language norm.,0.6952380952380952,21,6
597,Backbone-only norm.,0.02380952380952381,21,6
597,Z-score,0.5380952380952381,21,6
597,Quantile normalization,-0.09856642838836228,21,6
597,ComBat-EB,0.6952380952380952,21,6
597,Dawid-Skene EM,0.22230791721149976,21,6
597,Ensemble,-0.03247712703822413,21,6
597,CBC,0.9428571428571428,21,6
597,CBC-Weighted,0.9428571428571428,21,6
597,Oracle (eval-task beta),0.9999999999999999,21,6
598,Raw (no calibration),0.6428571428571429,25,6
598,Random control,0.019047619047619053,25,6
598,Per-language norm.,0.6428571428571429,25,6
598,Backbone-only norm.,-0.05238095238095237,25,6
598,Z-score,-0.028571428571428574,25,6
598,Quantile normalization,-0.10531297454198242,25,6
598,ComBat-EB,0.6428571428571429,25,6
598,Dawid-Skene EM,0.8628679329364746,25,6
598,Ensemble,-0.07065153903377748,25,6
598,CBC,0.9666666666666666,25,6
598,CBC-Weighted,0.9666666666666666,25,6
598,Oracle (eval-task beta),0.9999999999999999,25,6
599,Raw (no calibration),0.6952380952380952,20,6
599,Random control,-0.019047619047619046,20,6
599,Per-language norm.,0.6952380952380952,20,6
599,Backbone-only norm.,0.09999999999999999,20,6
599,Z-score,0.20476190476190473,20,6
599,Quantile normalization,-0.09661018979924392,20,6
599,ComBat-EB,0.6952380952380952,20,6
599,Dawid-Skene EM,1.0,20,6
599,Ensemble,0.05556824870504815,20,6
599,CBC,0.9999999999999999,20,6
599,CBC-Weighted,0.9999999999999999,20,6
599,Oracle (eval-task beta),0.9999999999999999,20,6
600,Raw (no calibration),0.6285714285714287,22,6
600,Random control,-0.06190476190476191,22,6
600,Per-language norm.,0.6285714285714287,22,6
600,Backbone-only norm.,-0.05714285714285711,22,6
600,Z-score,-0.009523809523809532,22,6
600,Quantile normalization,-0.09638652615052894,22,6
600,ComBat-EB,0.6285714285714287,22,6
600,Dawid-Skene EM,0.5804935808933184,22,6
600,Ensemble,-0.046607438694364504,22,6
600,CBC,0.9285714285714286,22,6
600,CBC-Weighted,0.9285714285714286,22,6
600,Oracle (eval-task beta),0.9999999999999999,22,6
601,Raw (no calibration),0.680952380952381,16,6
601,Random control,0.20952380952380947,16,6
601,Per-language norm.,0.680952380952381,16,6
601,Backbone-only norm.,-0.023809523809523808,16,6
601,Z-score,0.004761904761904768,16,6
601,Quantile normalization,-0.08682347324492479,16,6
601,ComBat-EB,0.680952380952381,16,6
601,Dawid-Skene EM,0.021397212391275164,16,6
601,Ensemble,-0.026504214529151335,16,6
601,CBC,0.9285714285714286,16,6
601,CBC-Weighted,0.9285714285714286,16,6
601,Oracle (eval-task beta),0.9999999999999999,16,6
602,Raw (no calibration),0.7619047619047619,18,6
602,Random control,-0.05714285714285714,18,6
602,Per-language norm.,0.7619047619047619,18,6
602,Backbone-only norm.,0.1238095238095238,18,6
602,Z-score,0.16190476190476186,18,6
602,Quantile normalization,-0.1139901281331362,18,6
602,ComBat-EB,0.7619047619047619,18,6
602,Dawid-Skene EM,0.0,18,6
602,Ensemble,-0.004761904761904761,18,6
602,CBC,0.9095238095238093,18,6
602,CBC-Weighted,0.9095238095238093,18,6
602,Oracle (eval-task beta),0.9999999999999999,18,6
603,Raw (no calibration),0.6142857142857141,21,6
603,Random control,0.047619047619047616,21,6
603,Per-language norm.,0.6142857142857141,21,6
603,Backbone-only norm.,0.023809523809523805,21,6
603,Z-score,0.10952380952380954,21,6
603,Quantile normalization,-0.10412050736728518,21,6
603,ComBat-EB,0.6142857142857141,21,6
603,Dawid-Skene EM,0.3055555555555555,21,6
603,Ensemble,-0.014622917260608648,21,6
603,CBC,0.8761904761904761,21,6
603,CBC-Weighted,0.8761904761904761,21,6
603,Oracle (eval-task beta),0.9999999999999999,21,6
604,Raw (no calibration),0.6857142857142857,21,6
604,Random control,0.03809523809523809,21,6
604,Per-language norm.,0.6857142857142857,21,6
604,Backbone-only norm.,0.29047619047619044,21,6
604,Z-score,0.40952380952380946,21,6
604,Quantile normalization,-0.10572957996675007,21,6
604,ComBat-EB,0.6857142857142857,21,6
604,Dawid-Skene EM,0.21302258260369342,21,6
604,Ensemble,0.09265187787560314,21,6
604,CBC,0.8380952380952381,21,6
604,CBC-Weighted,0.8380952380952381,21,6
604,Oracle (eval-task beta),0.9999999999999999,21,6
605,Raw (no calibration),0.6428571428571429,14,6
605,Random control,0.009523809523809528,14,6
605,Per-language norm.,0.6428571428571429,14,6
605,Backbone-only norm.,0.15238095238095237,14,6
605,Z-score,0.22380952380952376,14,6
605,Quantile normalization,-0.09297813350031683,14,6
605,ComBat-EB,0.6428571428571429,14,6
605,Dawid-Skene EM,0.0,14,6
605,Ensemble,-0.002380952380952384,14,6
605,CBC,0.8380952380952381,14,6
605,CBC-Weighted,0.8380952380952381,14,6
605,Oracle (eval-task beta),0.9999999999999999,14,6
606,Raw (no calibration),0.6238095238095236,19,6
606,Random control,-0.09047619047619047,19,6
606,Per-language norm.,0.6238095238095236,19,6
606,Backbone-only norm.,0.18095238095238092,19,6
606,Z-score,0.05238095238095238,19,6
606,Quantile normalization,-0.0908978677126943,19,6
606,ComBat-EB,0.6238095238095236,19,6
606,Dawid-Skene EM,0.7051230065339833,19,6
606,Ensemble,-0.0899542540764482,19,6
606,CBC,0.895238095238095,19,6
606,CBC-Weighted,0.895238095238095,19,6
606,Oracle (eval-task beta),0.9999999999999999,19,6
607,Raw (no calibration),0.6285714285714287,24,6
607,Random control,0.1761904761904762,24,6
607,Per-language norm.,0.6285714285714287,24,6
607,Backbone-only norm.,-0.07619047619047617,24,6
607,Z-score,-0.06190476190476189,24,6
607,Quantile normalization,-0.0991158416058086,24,6
607,ComBat-EB,0.6285714285714287,24,6
607,Dawid-Skene EM,0.4835624527360996,24,6
607,Ensemble,-0.0857142857142857,24,6
607,CBC,0.9238095238095237,24,6
607,CBC-Weighted,0.9238095238095237,24,6
607,Oracle (eval-task beta),0.9999999999999999,24,6
608,Raw (no calibration),0.6238095238095236,24,6
608,Random control,-0.05714285714285714,24,6
608,Per-language norm.,0.6238095238095236,24,6
608,Backbone-only norm.,0.2952380952380952,24,6
608,Z-score,0.2571428571428572,24,6
608,Quantile normalization,-0.10197961129730748,24,6
608,ComBat-EB,0.6238095238095236,24,6
608,Dawid-Skene EM,0.5979140363022555,24,6
608,Ensemble,0.06497185255361264,24,6
608,CBC,0.9095238095238095,24,6
608,CBC-Weighted,0.9095238095238095,24,6
608,Oracle (eval-task beta),0.9999999999999999,24,6
609,Raw (no calibration),0.6428571428571429,17,6
609,Random control,0.00952380952380952,17,6
609,Per-language norm.,0.6428571428571429,17,6
609,Backbone-only norm.,-0.0857142857142857,17,6
609,Z-score,0.09999999999999999,17,6
609,Quantile normalization,-0.1014227290451213,17,6
609,ComBat-EB,0.6428571428571429,17,6
609,Dawid-Skene EM,0.0,17,6
609,Ensemble,-0.0836904851123934,17,6
609,CBC,0.895238095238095,17,6
609,CBC-Weighted,0.895238095238095,17,6
609,Oracle (eval-task beta),0.9999999999999999,17,6
610,Raw (no calibration),0.6285714285714287,22,6
610,Random control,-0.04761904761904762,22,6
610,Per-language norm.,0.6285714285714287,22,6
610,Backbone-only norm.,0.03333333333333332,22,6
610,Z-score,0.10952380952380948,22,6
610,Quantile normalization,-0.10085676059701978,22,6
610,ComBat-EB,0.6285714285714287,22,6
610,Dawid-Skene EM,0.265428264666648,22,6
610,Ensemble,-0.014790052208292142,22,6
610,CBC,0.9285714285714286,22,6
610,CBC-Weighted,0.9285714285714286,22,6
610,Oracle (eval-task beta),0.9999999999999999,22,6
611,Raw (no calibration),0.6428571428571429,19,6
611,Random control,0.061904761904761914,19,6
611,Per-language norm.,0.6428571428571429,19,6
611,Backbone-only norm.,0.0857142857142857,19,6
611,Z-score,0.3952380952380952,19,6
611,Quantile normalization,-0.08289387592454009,19,6
611,ComBat-EB,0.6428571428571429,19,6
611,Dawid-Skene EM,0.28369760344246286,19,6
611,Ensemble,0.06629133365791609,19,6
611,CBC,0.9428571428571428,19,6
611,CBC-Weighted,0.9428571428571428,19,6
611,Oracle (eval-task beta),0.9999999999999999,19,6
612,Raw (no calibration),0.6428571428571429,24,6
612,Random control,-0.042857142857142864,24,6
612,Per-language norm.,0.6428571428571429,24,6
612,Backbone-only norm.,-0.05238095238095238,24,6
612,Z-score,0.29047619047619044,24,6
612,Quantile normalization,-0.09148238700590373,24,6
612,ComBat-EB,0.6428571428571429,24,6
612,Dawid-Skene EM,0.6022292508680184,24,6
612,Ensemble,-0.010437254088935472,24,6
612,CBC,0.9428571428571428,24,6
612,CBC-Weighted,0.9428571428571428,24,6
612,Oracle (eval-task beta),0.9999999999999999,24,6
613,Raw (no calibration),0.619047619047619,15,6
613,Random control,0.004761904761904757,15,6
613,Per-language norm.,0.619047619047619,15,6
613,Backbone-only norm.,0.32857142857142857,15,6
613,Z-score,0.4095238095238095,15,6
613,Quantile normalization,-0.10910972511665631,15,6
613,ComBat-EB,0.619047619047619,15,6
613,Dawid-Skene EM,-0.19999999999999998,15,6
613,Ensemble,0.22293278595772276,15,6
613,CBC,0.8761904761904761,15,6
613,CBC-Weighted,0.8761904761904761,15,6
613,Oracle (eval-task beta),0.9999999999999999,15,6
614,Raw (no calibration),0.680952380952381,17,6
614,Random control,0.07142857142857142,17,6
614,Per-language norm.,0.680952380952381,17,6
614,Backbone-only norm.,0.07142857142857142,17,6
614,Z-score,0.24761904761904763,17,6
614,Quantile normalization,-0.09150858962734751,17,6
614,ComBat-EB,0.680952380952381,17,6
614,Dawid-Skene EM,0.6039582022654726,17,6
614,Ensemble,0.0899337225197564,17,6
614,CBC,0.9428571428571428,17,6
614,CBC-Weighted,0.9428571428571428,17,6
614,Oracle (eval-task beta),0.9999999999999999,17,6
615,Raw (no calibration),0.6428571428571429,22,6
615,Random control,-0.01428571428571428,22,6
615,Per-language norm.,0.6428571428571429,22,6
615,Backbone-only norm.,0.11428571428571428,22,6
615,Z-score,0.09999999999999999,22,6
615,Quantile normalization,-0.11313851768936009,22,6
615,ComBat-EB,0.6428571428571429,22,6
615,Dawid-Skene EM,0.7590243887083169,22,6
615,Ensemble,-0.007843660808392484,22,6
615,CBC,0.9333333333333333,22,6
615,CBC-Weighted,0.9333333333333333,22,6
615,Oracle (eval-task beta),0.9999999999999999,22,6
616,Raw (no calibration),0.6666666666666667,26,6
616,Random control,-0.05238095238095238,26,6
616,Per-language norm.,0.6666666666666667,26,6
616,Backbone-only norm.,0.009523809523809518,26,6
616,Z-score,-0.03809523809523809,26,6
616,Quantile normalization,-0.08553762363127777,26,6
616,ComBat-EB,0.6666666666666667,26,6
616,Dawid-Skene EM,0.017044986823076827,26,6
616,Ensemble,-0.06378430944266383,26,6
616,CBC,0.9428571428571428,26,6
616,CBC-Weighted,0.9428571428571428,26,6
616,Oracle (eval-task beta),0.9999999999999999,26,6
617,Raw (no calibration),0.6428571428571429,21,6
617,Random control,0.004761904761904765,21,6
617,Per-language norm.,0.6428571428571429,21,6
617,Backbone-only norm.,-0.023809523809523826,21,6
617,Z-score,0.014285714285714287,21,6
617,Quantile normalization,-0.11617536893047656,21,6
617,ComBat-EB,0.6428571428571429,21,6
617,Dawid-Skene EM,0.4314309179840477,21,6
617,Ensemble,-0.05510497389585394,21,6
617,CBC,0.8619047619047618,21,6
617,CBC-Weighted,0.8619047619047618,21,6
617,Oracle (eval-task beta),0.9999999999999999,21,6
618,Raw (no calibration),0.6523809523809524,23,6
618,Random control,0.004761904761904765,23,6
618,Per-language norm.,0.6523809523809524,23,6
618,Backbone-only norm.,-0.09999999999999998,23,6
618,Z-score,0.24285714285714283,23,6
618,Quantile normalization,-0.09855123438202375,23,6
618,ComBat-EB,0.6523809523809524,23,6
618,Dawid-Skene EM,1.0,23,6
618,Ensemble,-0.0455576997358252,23,6
618,CBC,0.9666666666666666,23,6
618,CBC-Weighted,0.9666666666666666,23,6
618,Oracle (eval-task beta),0.9999999999999999,23,6
619,Raw (no calibration),0.6142857142857144,21,6
619,Random control,-1.586032892321652e-17,21,6
619,Per-language norm.,0.6142857142857144,21,6
619,Backbone-only norm.,0.1476190476190476,21,6
619,Z-score,0.48095238095238096,21,6
619,Quantile normalization,-0.09910879360453106,21,6
619,ComBat-EB,0.6142857142857144,21,6
619,Dawid-Skene EM,1.0,21,6
619,Ensemble,0.07141328704358957,21,6
619,CBC,0.8142857142857143,21,6
619,CBC-Weighted,0.8142857142857143,21,6
619,Oracle (eval-task beta),0.9999999999999999,21,6
620,Raw (no calibration),0.6523809523809524,23,6
620,Random control,0.03333333333333333,23,6
620,Per-language norm.,0.6523809523809524,23,6
620,Backbone-only norm.,0.15238095238095234,23,6
620,Z-score,0.3095238095238095,23,6
620,Quantile normalization,-0.08870232612436423,23,6
620,ComBat-EB,0.6523809523809524,23,6
620,Dawid-Skene EM,0.19444197966665464,23,6
620,Ensemble,0.10370923272383804,23,6
620,CBC,0.9666666666666666,23,6
620,CBC-Weighted,0.9666666666666666,23,6
620,Oracle (eval-task beta),0.9999999999999999,23,6
621,Raw (no calibration),0.6095238095238094,19,6
621,Random control,-0.09047619047619047,19,6
621,Per-language norm.,0.6095238095238094,19,6
621,Backbone-only norm.,0.05238095238095236,19,6
621,Z-score,0.06666666666666668,19,6
621,Quantile normalization,-0.08625169854476303,19,6
621,ComBat-EB,0.6095238095238094,19,6
621,Dawid-Skene EM,0.716630414212286,19,6
621,Ensemble,0.016640268950920044,19,6
621,CBC,0.8761904761904763,19,6
621,CBC-Weighted,0.8761904761904763,19,6
621,Oracle (eval-task beta),0.9999999999999999,19,6
622,Raw (no calibration),0.6285714285714287,21,6
622,Random control,-0.03333333333333336,21,6
622,Per-language norm.,0.6285714285714287,21,6
622,Backbone-only norm.,-0.08095238095238093,21,6
622,Z-score,0.08095238095238096,21,6
622,Quantile normalization,-0.0667369927134639,21,6
622,ComBat-EB,0.6285714285714287,21,6
622,Dawid-Skene EM,0.6150970800281369,21,6
622,Ensemble,-0.020874371154027745,21,6
622,CBC,0.9428571428571428,21,6
622,CBC-Weighted,0.9428571428571428,21,6
622,Oracle (eval-task beta),0.9999999999999999,21,6
623,Raw (no calibration),0.6238095238095236,19,6
623,Random control,0.042857142857142864,19,6
623,Per-language norm.,0.6238095238095236,19,6
623,Backbone-only norm.,0.2380952380952381,19,6
623,Z-score,0.23333333333333334,19,6
623,Quantile normalization,-0.09007904463539085,19,6
623,ComBat-EB,0.6238095238095236,19,6
623,Dawid-Skene EM,0.7566060246227577,19,6
623,Ensemble,0.04520583136329381,19,6
623,CBC,0.8333333333333334,19,6
623,CBC-Weighted,0.8333333333333334,19,6
623,Oracle (eval-task beta),0.9999999999999999,19,6
624,Raw (no calibration),0.7,19,6
624,Random control,0.06190476190476191,19,6
624,Per-language norm.,0.7,19,6
624,Backbone-only norm.,0.13333333333333333,19,6
624,Z-score,0.43809523809523815,19,6
624,Quantile normalization,-0.09486004529821442,19,6
624,ComBat-EB,0.7,19,6
624,Dawid-Skene EM,0.15846055842145712,19,6
624,Ensemble,0.09933439328879347,19,6
624,CBC,0.8952380952380953,19,6
624,CBC-Weighted,0.8952380952380953,19,6
624,Oracle (eval-task beta),0.9999999999999999,19,6
625,Raw (no calibration),0.6428571428571429,21,6
625,Random control,0.07142857142857142,21,6
625,Per-language norm.,0.6428571428571429,21,6
625,Backbone-only norm.,0.06666666666666665,21,6
625,Z-score,0.3047619047619047,21,6
625,Quantile normalization,-0.08742625348356828,21,6
625,ComBat-EB,0.6095238095238095,21,6
625,Dawid-Skene EM,0.7051230065339833,21,6
625,Ensemble,-0.020370033231449897,21,6
625,CBC,0.9999999999999999,21,6
625,CBC-Weighted,0.9999999999999999,21,6
625,Oracle (eval-task beta),0.9999999999999999,21,6
626,Raw (no calibration),0.6285714285714284,18,6
626,Random control,0.028571428571428577,18,6
626,Per-language norm.,0.6285714285714284,18,6
626,Backbone-only norm.,-0.042857142857142864,18,6
626,Z-score,-0.033333333333333326,18,6
626,Quantile normalization,-0.08807470653854628,18,6
626,ComBat-EB,0.6285714285714284,18,6
626,Dawid-Skene EM,1.0,18,6
626,Ensemble,-0.04285714285714284,18,6
626,CBC,0.9095238095238096,18,6
626,CBC-Weighted,0.9095238095238096,18,6
626,Oracle (eval-task beta),0.9999999999999999,18,6
627,Raw (no calibration),0.619047619047619,21,6
627,Random control,-0.08095238095238097,21,6
627,Per-language norm.,0.619047619047619,21,6
627,Backbone-only norm.,0.07142857142857141,21,6
627,Z-score,0.49999999999999994,21,6
627,Quantile normalization,-0.11592378872830221,21,6
627,ComBat-EB,0.619047619047619,21,6
627,Dawid-Skene EM,0.2375966836152159,21,6
627,Ensemble,0.04605404237197806,21,6
627,CBC,0.9428571428571428,21,6
627,CBC-Weighted,0.9428571428571428,21,6
627,Oracle (eval-task beta),0.9999999999999999,21,6
628,Raw (no calibration),0.6904761904761905,20,6
628,Random control,-0.01428571428571428,20,6
628,Per-language norm.,0.6904761904761905,20,6
628,Backbone-only norm.,0.10952380952380954,20,6
628,Z-score,0.34285714285714286,20,6
628,Quantile normalization,-0.10193035873659584,20,6
628,ComBat-EB,0.6904761904761905,20,6
628,Dawid-Skene EM,0.12249166782475973,20,6
628,Ensemble,0.08807652213425941,20,6
628,CBC,0.9666666666666666,20,6
628,CBC-Weighted,0.9666666666666666,20,6
628,Oracle (eval-task beta),0.9999999999999999,20,6
629,Raw (no calibration),0.6571428571428571,18,6
629,Random control,0.019047619047619042,18,6
629,Per-language norm.,0.6571428571428571,18,6
629,Backbone-only norm.,0.02380952380952382,18,6
629,Z-score,0.3380952380952381,18,6
629,Quantile normalization,-0.06996526442753169,18,6
629,ComBat-EB,0.6571428571428571,18,6
629,Dawid-Skene EM,0.9272445692856943,18,6
629,Ensemble,0.058353864890025135,18,6
629,CBC,0.9333333333333333,18,6
629,CBC-Weighted,0.9333333333333333,18,6
629,Oracle (eval-task beta),0.9999999999999999,18,6
630,Raw (no calibration),0.6571428571428571,18,6
630,Random control,-0.05238095238095237,18,6
630,Per-language norm.,0.6571428571428571,18,6
630,Backbone-only norm.,-0.07619047619047617,18,6
630,Z-score,0.1952380952380952,18,6
630,Quantile normalization,-0.10401708906330018,18,6
630,ComBat-EB,0.6571428571428571,18,6
630,Dawid-Skene EM,0.40417353329564215,18,6
630,Ensemble,-0.08553248536896521,18,6
630,CBC,0.9428571428571428,18,6
630,CBC-Weighted,0.9428571428571428,18,6
630,Oracle (eval-task beta),0.9999999999999999,18,6
631,Raw (no calibration),0.6571428571428571,18,6
631,Random control,-0.052380952380952375,18,6
631,Per-language norm.,0.6571428571428571,18,6
631,Backbone-only norm.,0.11904761904761905,18,6
631,Z-score,0.26666666666666666,18,6
631,Quantile normalization,-0.08307330401064962,18,6
631,ComBat-EB,0.6571428571428571,18,6
631,Dawid-Skene EM,0.23491734855024848,18,6
631,Ensemble,0.04456955544736129,18,6
631,CBC,0.9333333333333333,18,6
631,CBC-Weighted,0.9333333333333333,18,6
631,Oracle (eval-task beta),0.9999999999999999,18,6
632,Raw (no calibration),0.6285714285714287,20,6
632,Random control,-0.02857142857142858,20,6
632,Per-language norm.,0.6285714285714287,20,6
632,Backbone-only norm.,-0.04761904761904762,20,6
632,Z-score,-0.028571428571428574,20,6
632,Quantile normalization,-0.11327638175984313,20,6
632,ComBat-EB,0.6285714285714287,20,6
632,Dawid-Skene EM,-0.19999999999999998,20,6
632,Ensemble,-0.06378430944266382,20,6
632,CBC,0.8666666666666666,20,6
632,CBC-Weighted,0.8666666666666666,20,6
632,Oracle (eval-task beta),0.9999999999999999,20,6
633,Raw (no calibration),0.680952380952381,20,6
633,Random control,-0.03809523809523809,20,6
633,Per-language norm.,0.680952380952381,20,6
633,Backbone-only norm.,-0.01428571428571428,20,6
633,Z-score,0.18095238095238095,20,6
633,Quantile normalization,-0.10500083168770447,20,6
633,ComBat-EB,0.680952380952381,20,6
633,Dawid-Skene EM,0.021397212391275164,20,6
633,Ensemble,-0.047962116752996775,20,6
633,CBC,0.9666666666666666,20,6
633,CBC-Weighted,0.9666666666666666,20,6
633,Oracle (eval-task beta),0.9999999999999999,20,6
634,Raw (no calibration),0.6428571428571429,23,6
634,Random control,-0.05238095238095238,23,6
634,Per-language norm.,0.6428571428571429,23,6
634,Backbone-only norm.,-0.03333333333333333,23,6
634,Z-score,0.48095238095238096,23,6
634,Quantile normalization,-0.09093974002287986,23,6
634,ComBat-EB,0.6428571428571429,23,6
634,Dawid-Skene EM,0.4835624527360996,23,6
634,Ensemble,0.06614963272339253,23,6
634,CBC,0.8095238095238094,23,6
634,CBC-Weighted,0.8095238095238094,23,6
634,Oracle (eval-task beta),0.9999999999999999,23,6
635,Raw (no calibration),0.6428571428571429,17,6
635,Random control,0.023809523809523808,17,6
635,Per-language norm.,0.6428571428571429,17,6
635,Backbone-only norm.,-0.0857142857142857,17,6
635,Z-score,0.39523809523809517,17,6
635,Quantile normalization,-0.10599436413231192,17,6
635,ComBat-EB,0.6428571428571429,17,6
635,Dawid-Skene EM,0.5124922924862679,17,6
635,Ensemble,-0.0798997089143142,17,6
635,CBC,0.9238095238095239,17,6
635,CBC-Weighted,0.9238095238095239,17,6
635,Oracle (eval-task beta),0.9999999999999999,17,6
636,Raw (no calibration),0.6238095238095237,16,6
636,Random control,0.07142857142857141,16,6
636,Per-language norm.,0.6238095238095237,16,6
636,Backbone-only norm.,-0.023809523809523808,16,6
636,Z-score,0.11428571428571428,16,6
636,Quantile normalization,-0.10506546326894668,16,6
636,ComBat-EB,0.6238095238095237,16,6
636,Dawid-Skene EM,0.652899776225077,16,6
636,Ensemble,-0.031594523027368274,16,6
636,CBC,0.9428571428571428,16,6
636,CBC-Weighted,0.9428571428571428,16,6
636,Oracle (eval-task beta),0.9999999999999999,16,6
637,Raw (no calibration),0.6714285714285715,16,6
637,Random control,0.02380952380952381,16,6
637,Per-language norm.,0.6714285714285715,16,6
637,Backbone-only norm.,0.038095238095238106,16,6
637,Z-score,0.3380952380952381,16,6
637,Quantile normalization,-0.09976336420514145,16,6
637,ComBat-EB,0.6714285714285715,16,6
637,Dawid-Skene EM,0.15846055842145712,16,6
637,Ensemble,-0.018226422856123026,16,6
637,CBC,0.9238095238095237,16,6
637,CBC-Weighted,0.9238095238095237,16,6
637,Oracle (eval-task beta),0.9999999999999999,16,6
638,Raw (no calibration),0.6666666666666667,19,6
638,Random control,0.10952380952380954,19,6
638,Per-language norm.,0.6666666666666667,19,6
638,Backbone-only norm.,-0.04285714285714285,19,6
638,Z-score,0.03333333333333334,19,6
638,Quantile normalization,-0.09427924171300547,19,6
638,ComBat-EB,0.6666666666666667,19,6
638,Dawid-Skene EM,0.7590243887083169,19,6
638,Ensemble,-0.05643298034766583,19,6
638,CBC,0.9285714285714286,19,6
638,CBC-Weighted,0.9285714285714286,19,6
638,Oracle (eval-task beta),0.9999999999999999,19,6
639,Raw (no calibration),0.6428571428571429,18,6
639,Random control,0.042857142857142864,18,6
639,Per-language norm.,0.6428571428571429,18,6
639,Backbone-only norm.,-0.009523809523809518,18,6
639,Z-score,0.00952380952380952,18,6
639,Quantile normalization,-0.1122865928798755,18,6
639,ComBat-EB,0.6428571428571429,18,6
639,Dawid-Skene EM,0.7590243887083169,18,6
639,Ensemble,-0.0675140737231937,18,6
639,CBC,0.895238095238095,18,6
639,CBC-Weighted,0.895238095238095,18,6
639,Oracle (eval-task beta),0.9999999999999999,18,6
640,Raw (no calibration),0.6666666666666666,22,6
640,Random control,-0.10952380952380951,22,6
640,Per-language norm.,0.6666666666666666,22,6
640,Backbone-only norm.,-0.023809523809523808,22,6
640,Z-score,0.1714285714285714,22,6
640,Quantile normalization,-0.11635518910431872,22,6
640,ComBat-EB,0.6428571428571429,22,6
640,Dawid-Skene EM,0.9272445692856943,22,6
640,Ensemble,-0.05586821646994026,22,6
640,CBC,0.9666666666666666,22,6
640,CBC-Weighted,0.9666666666666666,22,6
640,Oracle (eval-task beta),0.9999999999999999,22,6
641,Raw (no calibration),0.6619047619047619,20,6
641,Random control,0.019047619047619053,20,6
641,Per-language norm.,0.6619047619047619,20,6
641,Backbone-only norm.,0.04761904761904762,20,6
641,Z-score,0.02380952380952381,20,6
641,Quantile normalization,-0.11130895749727399,20,6
641,ComBat-EB,0.6619047619047619,20,6
641,Dawid-Skene EM,1.0,20,6
641,Ensemble,-0.062434252410473935,20,6
641,CBC,0.9238095238095237,20,6
641,CBC-Weighted,0.9238095238095237,20,6
641,Oracle (eval-task beta),0.9999999999999999,20,6
642,Raw (no calibration),0.6047619047619047,18,6
642,Random control,0.00952380952380953,18,6
642,Per-language norm.,0.6047619047619047,18,6
642,Backbone-only norm.,-0.00952380952380952,18,6
642,Z-score,0.0857142857142857,18,6
642,Quantile normalization,-0.10182264813446161,18,6
642,ComBat-EB,0.6047619047619047,18,6
642,Dawid-Skene EM,0.0,18,6
642,Ensemble,-0.01905055212714645,18,6
642,CBC,0.9285714285714286,18,6
642,CBC-Weighted,0.9285714285714286,18,6
642,Oracle (eval-task beta),0.9999999999999999,18,6
643,Raw (no calibration),0.6666666666666666,23,6
643,Random control,-0.09523809523809523,23,6
643,Per-language norm.,0.6666666666666666,23,6
643,Backbone-only norm.,0.019047619047619042,23,6
643,Z-score,0.380952380952381,23,6
643,Quantile normalization,-0.0840997826621003,23,6
643,ComBat-EB,0.6666666666666666,23,6
643,Dawid-Skene EM,0.3800678080952247,23,6
643,Ensemble,-0.014951320996920814,23,6
643,CBC,0.9285714285714286,23,6
643,CBC-Weighted,0.9285714285714286,23,6
643,Oracle (eval-task beta),0.9999999999999999,23,6
644,Raw (no calibration),0.6285714285714284,19,6
644,Random control,-0.02380952380952379,19,6
644,Per-language norm.,0.6285714285714284,19,6
644,Backbone-only norm.,-0.023809523809523808,19,6
644,Z-score,0.21904761904761907,19,6
644,Quantile normalization,-0.10395092870963528,19,6
644,ComBat-EB,0.6285714285714284,19,6
644,Dawid-Skene EM,1.0,19,6
644,Ensemble,0.004753105523322559,19,6
644,CBC,0.8714285714285713,19,6
644,CBC-Weighted,0.8714285714285713,19,6
644,Oracle (eval-task beta),0.9999999999999999,19,6
645,Raw (no calibration),0.5904761904761904,20,6
645,Random control,0.05238095238095237,20,6
645,Per-language norm.,0.5904761904761904,20,6
645,Backbone-only norm.,-0.05238095238095238,20,6
645,Z-score,0.06666666666666668,20,6
645,Quantile normalization,-0.10536728697141294,20,6
645,ComBat-EB,0.5904761904761904,20,6
645,Dawid-Skene EM,0.4835624527360996,20,6
645,Ensemble,-0.06833508306397408,20,6
645,CBC,0.8761904761904761,20,6
645,CBC-Weighted,0.8761904761904761,20,6
645,Oracle (eval-task beta),0.9999999999999999,20,6
646,Raw (no calibration),0.6666666666666666,24,6
646,Random control,0.04761904761904761,24,6
646,Per-language norm.,0.6666666666666666,24,6
646,Backbone-only norm.,0.04761904761904762,24,6
646,Z-score,0.11904761904761904,24,6
646,Quantile normalization,-0.07562031122303566,24,6
646,ComBat-EB,0.6666666666666666,24,6
646,Dawid-Skene EM,-0.0072729929487107756,24,6
646,Ensemble,0.002548087328635863,24,6
646,CBC,0.9428571428571428,24,6
646,CBC-Weighted,0.9428571428571428,24,6
646,Oracle (eval-task beta),0.9999999999999999,24,6
647,Raw (no calibration),0.6904761904761905,19,6
647,Random control,-0.07142857142857142,19,6
647,Per-language norm.,0.6904761904761905,19,6
647,Backbone-only norm.,0.10476190476190475,19,6
647,Z-score,0.2857142857142857,19,6
647,Quantile normalization,-0.10906286982504224,19,6
647,ComBat-EB,0.6904761904761905,19,6
647,Dawid-Skene EM,1.0,19,6
647,Ensemble,0.03454727416002872,19,6
647,CBC,0.9333333333333333,19,6
647,CBC-Weighted,0.9333333333333333,19,6
647,Oracle (eval-task beta),0.9999999999999999,19,6
648,Raw (no calibration),0.6523809523809524,21,6
648,Random control,-0.06666666666666667,21,6
648,Per-language norm.,0.6523809523809524,21,6
648,Backbone-only norm.,0.07142857142857142,21,6
648,Z-score,0.03333333333333334,21,6
648,Quantile normalization,-0.09538201260584289,21,6
648,ComBat-EB,0.6285714285714287,21,6
648,Dawid-Skene EM,0.471191601082491,21,6
648,Ensemble,-0.033817139699219366,21,6
648,CBC,0.9285714285714286,21,6
648,CBC-Weighted,0.9285714285714286,21,6
648,Oracle (eval-task beta),0.9999999999999999,21,6
649,Raw (no calibration),0.6666666666666667,17,6
649,Random control,-0.028571428571428574,17,6
649,Per-language norm.,0.6666666666666667,17,6
649,Backbone-only norm.,0.08571428571428572,17,6
649,Z-score,0.13333333333333333,17,6
649,Quantile normalization,-0.10940105311648608,17,6
649,ComBat-EB,0.6666666666666667,17,6
649,Dawid-Skene EM,0.39999999999999997,17,6
649,Ensemble,0.08878430944266387,17,6
649,CBC,0.9095238095238093,17,6
649,CBC-Weighted,0.9095238095238093,17,6
649,Oracle (eval-task beta),0.9999999999999999,17,6
650,Raw (no calibration),0.6285714285714287,23,6
650,Random control,-0.06666666666666667,23,6
650,Per-language norm.,0.6285714285714287,23,6
650,Backbone-only norm.,0.05238095238095238,23,6
650,Z-score,0.38095238095238093,23,6
650,Quantile normalization,-0.10393810052987287,23,6
650,ComBat-EB,0.6047619047619047,23,6
650,Dawid-Skene EM,0.48501953317261753,23,6
650,Ensemble,0.10405230185778723,23,6
650,CBC,0.9428571428571428,23,6
650,CBC-Weighted,0.9428571428571428,23,6
650,Oracle (eval-task beta),0.9999999999999999,23,6
651,Raw (no calibration),0.6666666666666667,15,6
651,Random control,-0.0619047619047619,15,6
651,Per-language norm.,0.6666666666666667,15,6
651,Backbone-only norm.,0.2380952380952381,15,6
651,Z-score,0.2857142857142857,15,6
651,Quantile normalization,-0.11567628273925597,15,6
651,ComBat-EB,0.6666666666666667,15,6
651,Dawid-Skene EM,0.52,15,6
651,Ensemble,0.012749235881761531,15,6
651,CBC,0.9285714285714286,15,6
651,CBC-Weighted,0.9285714285714286,15,6
651,Oracle (eval-task beta),0.9999999999999999,15,6
652,Raw (no calibration),0.6666666666666667,22,6
652,Random control,-0.07142857142857141,22,6
652,Per-language norm.,0.6666666666666667,22,6
652,Backbone-only norm.,0.08095238095238093,22,6
652,Z-score,0.3904761904761904,22,6
652,Quantile normalization,-0.10376842477188246,22,6
652,ComBat-EB,0.6666666666666667,22,6
652,Dawid-Skene EM,-0.06897148283374185,22,6
652,Ensemble,0.10064507515451472,22,6
652,CBC,0.9428571428571428,22,6
652,CBC-Weighted,0.9428571428571428,22,6
652,Oracle (eval-task beta),0.9999999999999999,22,6
653,Raw (no calibration),0.6285714285714287,18,6
653,Random control,0.033333333333333326,18,6
653,Per-language norm.,0.6285714285714287,18,6
653,Backbone-only norm.,0.042857142857142864,18,6
653,Z-score,0.16666666666666666,18,6
653,Quantile normalization,-0.09269987620989284,18,6
653,ComBat-EB,0.6285714285714287,18,6
653,Dawid-Skene EM,0.23491734855024854,18,6
653,Ensemble,-0.005638642613705802,18,6
653,CBC,0.8428571428571429,18,6
653,CBC-Weighted,0.8428571428571429,18,6
653,Oracle (eval-task beta),0.9999999999999999,18,6
654,Raw (no calibration),0.6428571428571429,22,6
654,Random control,0.17619047619047618,22,6
654,Per-language norm.,0.6428571428571429,22,6
654,Backbone-only norm.,-0.06190476190476191,22,6
654,Z-score,0.1380952380952381,22,6
654,Quantile normalization,-0.11161181211065364,22,6
654,ComBat-EB,0.6428571428571429,22,6
654,Dawid-Skene EM,0.2375966836152159,22,6
654,Ensemble,-0.0880952380952381,22,6
654,CBC,0.9095238095238096,22,6
654,CBC-Weighted,0.9095238095238096,22,6
654,Oracle (eval-task beta),0.9999999999999999,22,6
655,Raw (no calibration),0.6142857142857141,20,6
655,Random control,0.03333333333333334,20,6
655,Per-language norm.,0.6142857142857141,20,6
655,Backbone-only norm.,0.03333333333333334,20,6
655,Z-score,0.05714285714285712,20,6
655,Quantile normalization,-0.09837492601623476,20,6
655,ComBat-EB,0.6142857142857141,20,6
655,Dawid-Skene EM,0.7182539682539684,20,6
655,Ensemble,0.011342695291667164,20,6
655,CBC,0.7857142857142857,20,6
655,CBC-Weighted,0.7857142857142857,20,6
655,Oracle (eval-task beta),0.9999999999999999,20,6
656,Raw (no calibration),0.6285714285714287,18,6
656,Random control,-0.04285714285714285,18,6
656,Per-language norm.,0.6285714285714287,18,6
656,Backbone-only norm.,0.019047619047619035,18,6
656,Z-score,0.4666666666666666,18,6
656,Quantile normalization,-0.09226201108868563,18,6
656,ComBat-EB,0.6285714285714287,18,6
656,Dawid-Skene EM,0.6144229808968761,18,6
656,Ensemble,-0.04028551980151467,18,6
656,CBC,0.8904761904761903,18,6
656,CBC-Weighted,0.8904761904761903,18,6
656,Oracle (eval-task beta),0.9999999999999999,18,6
657,Raw (no calibration),0.6571428571428571,17,6
657,Random control,0.14761904761904762,17,6
657,Per-language norm.,0.6571428571428571,17,6
657,Backbone-only norm.,0.09999999999999999,17,6
657,Z-score,0.35714285714285715,17,6
657,Quantile normalization,-0.11890251829992289,17,6
657,ComBat-EB,0.6571428571428571,17,6
657,Dawid-Skene EM,0.4565015287436921,17,6
657,Ensemble,0.029594769814221284,17,6
657,CBC,0.838095238095238,17,6
657,CBC-Weighted,0.838095238095238,17,6
657,Oracle (eval-task beta),0.9999999999999999,17,6
658,Raw (no calibration),0.6285714285714287,19,6
658,Random control,0.009523809523809521,19,6
658,Per-language norm.,0.6285714285714287,19,6
658,Backbone-only norm.,-0.0523809523809524,19,6
658,Z-score,0.49523809523809526,19,6
658,Quantile normalization,-0.0757441617338502,19,6
658,ComBat-EB,0.6285714285714287,19,6
658,Dawid-Skene EM,0.47440468847296124,19,6
658,Ensemble,0.004591836734693887,19,6
658,CBC,0.9095238095238095,19,6
658,CBC-Weighted,0.9095238095238095,19,6
658,Oracle (eval-task beta),0.9999999999999999,19,6
659,Raw (no calibration),0.6523809523809524,18,6
659,Random control,0.004761904761904765,18,6
659,Per-language norm.,0.6523809523809524,18,6
659,Backbone-only norm.,0.21428571428571425,18,6
659,Z-score,0.08095238095238096,18,6
659,Quantile normalization,-0.09580550488048316,18,6
659,ComBat-EB,0.6523809523809524,18,6
659,Dawid-Skene EM,0.3370548498948767,18,6
659,Ensemble,0.024297532794240993,18,6
659,CBC,0.8095238095238094,18,6
659,CBC-Weighted,0.8095238095238094,18,6
659,Oracle (eval-task beta),0.9999999999999999,18,6
660,Raw (no calibration),0.7142857142857142,16,6
660,Random control,-0.03333333333333333,16,6
660,Per-language norm.,0.7142857142857142,16,6
660,Backbone-only norm.,0.4333333333333333,16,6
660,Z-score,0.557142857142857,16,6
660,Quantile normalization,-0.0913581122717877,16,6
660,ComBat-EB,0.7142857142857142,16,6
660,Dawid-Skene EM,0.12101660094433116,16,6
660,Ensemble,0.2973946787821952,16,6
660,CBC,0.9095238095238093,16,6
660,CBC-Weighted,0.9095238095238093,16,6
660,Oracle (eval-task beta),0.9999999999999999,16,6
661,Raw (no calibration),0.6666666666666666,18,6
661,Random control,0.12380952380952381,18,6
661,Per-language norm.,0.6666666666666666,18,6
661,Backbone-only norm.,0.08095238095238096,18,6
661,Z-score,0.1380952380952381,18,6
661,Quantile normalization,-0.10929473108014529,18,6
661,ComBat-EB,0.6666666666666666,18,6
661,Dawid-Skene EM,1.0,18,6
661,Ensemble,-0.007312925170068029,18,6
661,CBC,0.9095238095238095,18,6
661,CBC-Weighted,0.9095238095238095,18,6
661,Oracle (eval-task beta),0.9999999999999999,18,6
662,Raw (no calibration),0.6571428571428569,22,6
662,Random control,0.12857142857142856,22,6
662,Per-language norm.,0.6571428571428569,22,6
662,Backbone-only norm.,0.11428571428571431,22,6
662,Z-score,0.5380952380952381,22,6
662,Quantile normalization,-0.0799407073086276,22,6
662,ComBat-EB,0.6333333333333334,22,6
662,Dawid-Skene EM,0.6288435150088423,22,6
662,Ensemble,0.14145846860559955,22,6
662,CBC,0.9428571428571428,22,6
662,CBC-Weighted,0.9428571428571428,22,6
662,Oracle (eval-task beta),0.9999999999999999,22,6
663,Raw (no calibration),0.6095238095238094,18,6
663,Random control,0.09047619047619047,18,6
663,Per-language norm.,0.6095238095238094,18,6
663,Backbone-only norm.,-0.004761904761904773,18,6
663,Z-score,0.04285714285714286,18,6
663,Quantile normalization,-0.1032293997884161,18,6
663,ComBat-EB,0.6095238095238094,18,6
663,Dawid-Skene EM,0.4835624527360996,18,6
663,Ensemble,-0.049666340634979364,18,6
663,CBC,0.7761904761904762,18,6
663,CBC-Weighted,0.7761904761904762,18,6
663,Oracle (eval-task beta),0.9999999999999999,18,6
664,Raw (no calibration),0.6238095238095236,19,6
664,Random control,-0.07142857142857141,19,6
664,Per-language norm.,0.6238095238095236,19,6
664,Backbone-only norm.,0.07142857142857144,19,6
664,Z-score,0.2523809523809524,19,6
664,Quantile normalization,-0.09867202214520161,19,6
664,ComBat-EB,0.6238095238095236,19,6
664,Dawid-Skene EM,0.6150970800281369,19,6
664,Ensemble,-0.05492903970958824,19,6
664,CBC,0.8904761904761903,19,6
664,CBC-Weighted,0.8904761904761903,19,6
664,Oracle (eval-task beta),0.9999999999999999,19,6
665,Raw (no calibration),0.6523809523809524,15,6
665,Random control,0.03333333333333333,15,6
665,Per-language norm.,0.6523809523809524,15,6
665,Backbone-only norm.,-0.009523809523809509,15,6
665,Z-score,0.3523809523809524,15,6
665,Quantile normalization,-0.09795771098971438,15,6
665,ComBat-EB,0.6571428571428571,15,6
665,Dawid-Skene EM,0.3077898325229628,15,6
665,Ensemble,0.029763906293203746,15,6
665,CBC,0.9333333333333333,15,6
665,CBC-Weighted,0.9333333333333333,15,6
665,Oracle (eval-task beta),0.9999999999999999,15,6
666,Raw (no calibration),0.6666666666666667,23,6
666,Random control,0.052380952380952375,23,6
666,Per-language norm.,0.6666666666666667,23,6
666,Backbone-only norm.,0.05238095238095237,23,6
666,Z-score,0.052380952380952375,23,6
666,Quantile normalization,-0.10337562989765584,23,6
666,ComBat-EB,0.6666666666666667,23,6
666,Dawid-Skene EM,0.6150970800281369,23,6
666,Ensemble,0.019047619047619053,23,6
666,CBC,0.895238095238095,23,6
666,CBC-Weighted,0.895238095238095,23,6
666,Oracle (eval-task beta),0.9999999999999999,23,6
667,Raw (no calibration),0.6142857142857141,21,6
667,Random control,0.028571428571428574,21,6
667,Per-language norm.,0.6142857142857141,21,6
667,Backbone-only norm.,0.0476190476190476,21,6
667,Z-score,0.24285714285714283,21,6
667,Quantile normalization,-0.1061661859975783,21,6
667,ComBat-EB,0.6142857142857141,21,6
667,Dawid-Skene EM,0.716630414212286,21,6
667,Ensemble,0.03863770605167217,21,6
667,CBC,0.8619047619047618,21,6
667,CBC-Weighted,0.8619047619047618,21,6
667,Oracle (eval-task beta),0.9999999999999999,21,6
668,Raw (no calibration),0.6476190476190476,20,6
668,Random control,-0.04285714285714286,20,6
668,Per-language norm.,0.6476190476190476,20,6
668,Backbone-only norm.,-0.02857142857142857,20,6
668,Z-score,0.15238095238095234,20,6
668,Quantile normalization,-0.09725836068824759,20,6
668,ComBat-EB,0.6476190476190476,20,6
668,Dawid-Skene EM,0.7270340699023484,20,6
668,Ensemble,-0.028216627119369807,20,6
668,CBC,0.9428571428571428,20,6
668,CBC-Weighted,0.9428571428571428,20,6
668,Oracle (eval-task beta),0.9999999999999999,20,6
669,Raw (no calibration),0.6666666666666666,17,6
669,Random control,-0.019047619047619053,17,6
669,Per-language norm.,0.6666666666666666,17,6
669,Backbone-only norm.,-0.05238095238095237,17,6
669,Z-score,0.22380952380952376,17,6
669,Quantile normalization,-0.08198165560628894,17,6
669,ComBat-EB,0.6666666666666666,17,6
669,Dawid-Skene EM,0.25075894507783303,17,6
669,Ensemble,-0.06666666666666665,17,6
669,CBC,0.9428571428571428,17,6
669,CBC-Weighted,0.9428571428571428,17,6
669,Oracle (eval-task beta),0.9999999999999999,17,6
670,Raw (no calibration),0.6619047619047619,24,6
670,Random control,-0.08095238095238097,24,6
670,Per-language norm.,0.6619047619047619,24,6
670,Backbone-only norm.,0.09523809523809523,24,6
670,Z-score,0.22380952380952382,24,6
670,Quantile normalization,-0.090574386981587,24,6
670,ComBat-EB,0.6619047619047619,24,6
670,Dawid-Skene EM,0.7182539682539684,24,6
670,Ensemble,0.040118455944604295,24,6
670,CBC,0.9285714285714285,24,6
670,CBC-Weighted,0.9285714285714285,24,6
670,Oracle (eval-task beta),0.9999999999999999,24,6
671,Raw (no calibration),0.6571428571428571,18,6
671,Random control,-0.06666666666666665,18,6
671,Per-language norm.,0.6571428571428571,18,6
671,Backbone-only norm.,-0.06666666666666665,18,6
671,Z-score,0.4809523809523809,18,6
671,Quantile normalization,-0.06636137303591153,18,6
671,ComBat-EB,0.6571428571428571,18,6
671,Dawid-Skene EM,0.665867828575994,18,6
671,Ensemble,-0.06953142541350509,18,6
671,CBC,0.9333333333333333,18,6
671,CBC-Weighted,0.9333333333333333,18,6
671,Oracle (eval-task beta),0.9999999999999999,18,6
672,Raw (no calibration),0.6476190476190476,21,6
672,Random control,0.08571428571428572,21,6
672,Per-language norm.,0.6476190476190476,21,6
672,Backbone-only norm.,-0.0714285714285714,21,6
672,Z-score,0.33333333333333337,21,6
672,Quantile normalization,-0.11329434274632784,21,6
672,ComBat-EB,0.6476190476190476,21,6
672,Dawid-Skene EM,0.6150970800281369,21,6
672,Ensemble,-0.04757728714056926,21,6
672,CBC,0.9285714285714286,21,6
672,CBC-Weighted,0.9285714285714286,21,6
672,Oracle (eval-task beta),0.9999999999999999,21,6
673,Raw (no calibration),0.6285714285714284,15,6
673,Random control,-0.05238095238095238,15,6
673,Per-language norm.,0.6285714285714284,15,6
673,Backbone-only norm.,0.06190476190476189,15,6
673,Z-score,-0.004761904761904757,15,6
673,Quantile normalization,-0.10112214649664372,15,6
673,ComBat-EB,0.6285714285714284,15,6
673,Dawid-Skene EM,0.6230158730158729,15,6
673,Ensemble,-0.03192292676368041,15,6
673,CBC,0.8761904761904763,15,6
673,CBC-Weighted,0.8761904761904763,15,6
673,Oracle (eval-task beta),0.9999999999999999,15,6
674,Raw (no calibration),0.7047619047619047,18,6
674,Random control,-0.08095238095238096,18,6
674,Per-language norm.,0.7047619047619047,18,6
674,Backbone-only norm.,-0.028571428571428574,18,6
674,Z-score,0.047619047619047616,18,6
674,Quantile normalization,-0.08151043155074443,18,6
674,ComBat-EB,0.7047619047619047,18,6
674,Dawid-Skene EM,0.0723620596982532,18,6
674,Ensemble,-0.06191942730239891,18,6
674,CBC,0.9999999999999999,18,6
674,CBC-Weighted,0.9999999999999999,18,6
674,Oracle (eval-task beta),0.9999999999999999,18,6
675,Raw (no calibration),0.6285714285714284,21,6
675,Random control,0.1142857142857143,21,6
675,Per-language norm.,0.6285714285714284,21,6
675,Backbone-only norm.,0.07142857142857142,21,6
675,Z-score,0.17142857142857143,21,6
675,Quantile normalization,-0.1008502632881521,21,6
675,ComBat-EB,0.6285714285714284,21,6
675,Dawid-Skene EM,0.7590243887083169,21,6
675,Ensemble,0.019015355172817636,21,6
675,CBC,0.8380952380952381,21,6
675,CBC-Weighted,0.8380952380952381,21,6
675,Oracle (eval-task beta),0.9999999999999999,21,6
676,Raw (no calibration),0.6428571428571429,22,6
676,Random control,0.1,22,6
676,Per-language norm.,0.6428571428571429,22,6
676,Backbone-only norm.,0.05714285714285713,22,6
676,Z-score,0.038095238095238085,22,6
676,Quantile normalization,-0.09857892665853389,22,6
676,ComBat-EB,0.6428571428571429,22,6
676,Dawid-Skene EM,0.44341932440794557,22,6
676,Ensemble,-0.016165261823616224,22,6
676,CBC,0.780952380952381,22,6
676,CBC-Weighted,0.780952380952381,22,6
676,Oracle (eval-task beta),0.9999999999999999,22,6
677,Raw (no calibration),0.6238095238095237,20,6
677,Random control,0.004761904761904759,20,6
677,Per-language norm.,0.6238095238095237,20,6
677,Backbone-only norm.,0.19047619047619044,20,6
677,Z-score,0.05714285714285712,20,6
677,Quantile normalization,-0.09425111720784421,20,6
677,ComBat-EB,0.6238095238095237,20,6
677,Dawid-Skene EM,0.7590243887083169,20,6
677,Ensemble,0.026859015981210117,20,6
677,CBC,0.7666666666666667,20,6
677,CBC-Weighted,0.7666666666666667,20,6
677,Oracle (eval-task beta),0.9999999999999999,20,6
678,Raw (no calibration),0.6666666666666666,19,6
678,Random control,0.02380952380952381,19,6
678,Per-language norm.,0.6666666666666666,19,6
678,Backbone-only norm.,0.05238095238095238,19,6
678,Z-score,0.29047619047619044,19,6
678,Quantile normalization,-0.11354178357468417,19,6
678,ComBat-EB,0.6666666666666666,19,6
678,Dawid-Skene EM,0.0,19,6
678,Ensemble,-0.016320664453190085,19,6
678,CBC,0.9095238095238095,19,6
678,CBC-Weighted,0.9095238095238095,19,6
678,Oracle (eval-task beta),0.9999999999999999,19,6
679,Raw (no calibration),0.6523809523809524,22,6
679,Random control,0.0857142857142857,22,6
679,Per-language norm.,0.6523809523809524,22,6
679,Backbone-only norm.,0.06666666666666665,22,6
679,Z-score,0.17142857142857146,22,6
679,Quantile normalization,-0.10108990645375433,22,6
679,ComBat-EB,0.6523809523809524,22,6
679,Dawid-Skene EM,0.7590243887083169,22,6
679,Ensemble,0.02884174547637756,22,6
679,CBC,0.8904761904761903,22,6
679,CBC-Weighted,0.8904761904761903,22,6
679,Oracle (eval-task beta),0.9999999999999999,22,6
680,Raw (no calibration),0.6571428571428571,18,6
680,Random control,-0.09523809523809525,18,6
680,Per-language norm.,0.6571428571428571,18,6
680,Backbone-only norm.,-0.019047619047619056,18,6
680,Z-score,0.07619047619047621,18,6
680,Quantile normalization,-0.11676900625730645,18,6
680,ComBat-EB,0.6571428571428571,18,6
680,Dawid-Skene EM,0.33994298198410694,18,6
680,Ensemble,-0.040476190476190464,18,6
680,CBC,0.9666666666666666,18,6
680,CBC-Weighted,0.9666666666666666,18,6
680,Oracle (eval-task beta),0.9999999999999999,18,6
681,Raw (no calibration),0.6428571428571429,21,6
681,Random control,-0.06666666666666668,21,6
681,Per-language norm.,0.6428571428571429,21,6
681,Backbone-only norm.,-0.08095238095238096,21,6
681,Z-score,-0.014285714285714287,21,6
681,Quantile normalization,-0.10386118403624658,21,6
681,ComBat-EB,0.6428571428571429,21,6
681,Dawid-Skene EM,0.8628679329364746,21,6
681,Ensemble,-0.10123862652360731,21,6
681,CBC,0.9095238095238096,21,6
681,CBC-Weighted,0.9095238095238096,21,6
681,Oracle (eval-task beta),0.9999999999999999,21,6
682,Raw (no calibration),0.6142857142857141,22,6
682,Random control,-0.07142857142857142,22,6
682,Per-language norm.,0.6142857142857141,22,6
682,Backbone-only norm.,0.2285714285714286,22,6
682,Z-score,0.04285714285714286,22,6
682,Quantile normalization,-0.09760078820653842,22,6
682,ComBat-EB,0.6142857142857141,22,6
682,Dawid-Skene EM,0.7182539682539684,22,6
682,Ensemble,0.004761904761904765,22,6
682,CBC,0.8142857142857143,22,6
682,CBC-Weighted,0.8142857142857143,22,6
682,Oracle (eval-task beta),0.9999999999999999,22,6
683,Raw (no calibration),0.6571428571428571,20,6
683,Random control,0.06190476190476191,20,6
683,Per-language norm.,0.6571428571428571,20,6
683,Backbone-only norm.,0.04761904761904762,20,6
683,Z-score,0.23809523809523808,20,6
683,Quantile normalization,-0.09831698179885576,20,6
683,ComBat-EB,0.6571428571428571,20,6
683,Dawid-Skene EM,0.806845127947537,20,6
683,Ensemble,-0.07242258187609012,20,6
683,CBC,0.9666666666666666,20,6
683,CBC-Weighted,0.9666666666666666,20,6
683,Oracle (eval-task beta),0.9999999999999999,20,6
684,Raw (no calibration),0.6523809523809524,22,6
684,Random control,0.019047619047619035,22,6
684,Per-language norm.,0.6523809523809524,22,6
684,Backbone-only norm.,0.03333333333333332,22,6
684,Z-score,0.09047619047619049,22,6
684,Quantile normalization,-0.09015660559957535,22,6
684,ComBat-EB,0.6523809523809524,22,6
684,Dawid-Skene EM,1.0,22,6
684,Ensemble,-0.06852897720003046,22,6
684,CBC,0.8761904761904761,22,6
684,CBC-Weighted,0.8761904761904761,22,6
684,Oracle (eval-task beta),0.9999999999999999,22,6
685,Raw (no calibration),0.6428571428571429,21,6
685,Random control,0.019047619047619042,21,6
685,Per-language norm.,0.6428571428571429,21,6
685,Backbone-only norm.,0.019047619047619053,21,6
685,Z-score,0.4619047619047619,21,6
685,Quantile normalization,-0.10759180996536391,21,6
685,ComBat-EB,0.6428571428571429,21,6
685,Dawid-Skene EM,0.6288435150088423,21,6
685,Ensemble,-0.01817088119581801,21,6
685,CBC,0.9095238095238096,21,6
685,CBC-Weighted,0.9095238095238096,21,6
685,Oracle (eval-task beta),0.9999999999999999,21,6
686,Raw (no calibration),0.6523809523809524,23,6
686,Random control,-0.09999999999999999,23,6
686,Per-language norm.,0.6523809523809524,23,6
686,Backbone-only norm.,0.10952380952380954,23,6
686,Z-score,0.5285714285714286,23,6
686,Quantile normalization,-0.10438881653144548,23,6
686,ComBat-EB,0.6523809523809524,23,6
686,Dawid-Skene EM,0.23491734855024854,23,6
686,Ensemble,0.1348346147829573,23,6
686,CBC,0.9428571428571428,23,6
686,CBC-Weighted,0.9428571428571428,23,6
686,Oracle (eval-task beta),0.9999999999999999,23,6
687,Raw (no calibration),0.6666666666666666,18,6
687,Random control,0.08095238095238096,18,6
687,Per-language norm.,0.6666666666666666,18,6
687,Backbone-only norm.,-0.01904761904761904,18,6
687,Z-score,0.3,18,6
687,Quantile normalization,-0.11564973697184376,18,6
687,ComBat-EB,0.6666666666666666,18,6
687,Dawid-Skene EM,0.16798846457986105,18,6
687,Ensemble,-0.048308118966473364,18,6
687,CBC,0.9333333333333333,18,6
687,CBC-Weighted,0.9333333333333333,18,6
687,Oracle (eval-task beta),0.9999999999999999,18,6
688,Raw (no calibration),0.6428571428571429,20,6
688,Random control,0.09047619047619047,20,6
688,Per-language norm.,0.6428571428571429,20,6
688,Backbone-only norm.,0.23809523809523808,20,6
688,Z-score,0.29523809523809524,20,6
688,Quantile normalization,-0.10279413431313279,20,6
688,ComBat-EB,0.6428571428571429,20,6
688,Dawid-Skene EM,0.503968253968254,20,6
688,Ensemble,-0.003384387941652645,20,6
688,CBC,0.8571428571428571,20,6
688,CBC-Weighted,0.8571428571428571,20,6
688,Oracle (eval-task beta),0.9999999999999999,20,6
689,Raw (no calibration),0.6619047619047619,20,6
689,Random control,0.07619047619047618,20,6
689,Per-language norm.,0.6619047619047619,20,6
689,Backbone-only norm.,0.05238095238095237,20,6
689,Z-score,0.21904761904761907,20,6
689,Quantile normalization,-0.1118541178945188,20,6
689,ComBat-EB,0.6619047619047619,20,6
689,Dawid-Skene EM,0.33994298198410694,20,6
689,Ensemble,0.048466454675574644,20,6
689,CBC,0.8904761904761903,20,6
689,CBC-Weighted,0.8904761904761903,20,6
689,Oracle (eval-task beta),0.9999999999999999,20,6
690,Raw (no calibration),0.6476190476190476,19,6
690,Random control,0.028571428571428564,19,6
690,Per-language norm.,0.6476190476190476,19,6
690,Backbone-only norm.,0.35714285714285715,19,6
690,Z-score,0.5952380952380951,19,6
690,Quantile normalization,-0.09767388375783961,19,6
690,ComBat-EB,0.6476190476190476,19,6
690,Dawid-Skene EM,0.4840363552695003,19,6
690,Ensemble,0.27918130677161446,19,6
690,CBC,0.8952380952380953,19,6
690,CBC-Weighted,0.8952380952380953,19,6
690,Oracle (eval-task beta),0.9999999999999999,19,6
691,Raw (no calibration),0.6095238095238094,22,6
691,Random control,0.05238095238095237,22,6
691,Per-language norm.,0.6095238095238094,22,6
691,Backbone-only norm.,0.1571428571428571,22,6
691,Z-score,0.21904761904761902,22,6
691,Quantile normalization,-0.1029840924073845,22,6
691,ComBat-EB,0.6095238095238094,22,6
691,Dawid-Skene EM,0.3370548498948767,22,6
691,Ensemble,0.05714285714285715,22,6
691,CBC,0.8,22,6
691,CBC-Weighted,0.8,22,6
691,Oracle (eval-task beta),0.9999999999999999,22,6
692,Raw (no calibration),0.680952380952381,17,6
692,Random control,0.07142857142857142,17,6
692,Per-language norm.,0.680952380952381,17,6
692,Backbone-only norm.,0.23333333333333334,17,6
692,Z-score,0.6095238095238095,17,6
692,Quantile normalization,-0.09854048936005769,17,6
692,ComBat-EB,0.680952380952381,17,6
692,Dawid-Skene EM,0.3800678080952247,17,6
692,Ensemble,0.18581982599189376,17,6
692,CBC,0.9428571428571428,17,6
692,CBC-Weighted,0.9428571428571428,17,6
692,Oracle (eval-task beta),0.9999999999999999,17,6
693,Raw (no calibration),0.6666666666666666,18,6
693,Random control,0.04285714285714286,18,6
693,Per-language norm.,0.6666666666666666,18,6
693,Backbone-only norm.,0.27619047619047615,18,6
693,Z-score,0.3666666666666667,18,6
693,Quantile normalization,-0.08607901016066581,18,6
693,ComBat-EB,0.6666666666666666,18,6
693,Dawid-Skene EM,0.4079571364593186,18,6
693,Ensemble,0.20476190476190478,18,6
693,CBC,0.9428571428571428,18,6
693,CBC-Weighted,0.9428571428571428,18,6
693,Oracle (eval-task beta),0.9999999999999999,18,6
694,Raw (no calibration),0.7047619047619047,20,6
694,Random control,-0.019047619047619067,20,6
694,Per-language norm.,0.7047619047619047,20,6
694,Backbone-only norm.,0.03333333333333333,20,6
694,Z-score,0.19999999999999998,20,6
694,Quantile normalization,-0.09150797353184882,20,6
694,ComBat-EB,0.7047619047619047,20,6
694,Dawid-Skene EM,0.23491734855024854,20,6
694,Ensemble,-0.058460998877060376,20,6
694,CBC,0.9666666666666666,20,6
694,CBC-Weighted,0.9666666666666666,20,6
694,Oracle (eval-task beta),0.9999999999999999,20,6
695,Raw (no calibration),0.6428571428571429,22,6
695,Random control,0.05714285714285713,22,6
695,Per-language norm.,0.6428571428571429,22,6
695,Backbone-only norm.,-0.0476190476190476,22,6
695,Z-score,0.06666666666666667,22,6
695,Quantile normalization,-0.10317621002027842,22,6
695,ComBat-EB,0.6428571428571429,22,6
695,Dawid-Skene EM,0.6602457176756131,22,6
695,Ensemble,-0.03613667873844944,22,6
695,CBC,0.9428571428571428,22,6
695,CBC-Weighted,0.9428571428571428,22,6
695,Oracle (eval-task beta),0.9999999999999999,22,6
696,Raw (no calibration),0.6142857142857141,14,6
696,Random control,-0.06666666666666667,14,6
696,Per-language norm.,0.6142857142857141,14,6
696,Backbone-only norm.,0.014285714285714289,14,6
696,Z-score,0.17619047619047618,14,6
696,Quantile normalization,-0.07616673889170789,14,6
696,ComBat-EB,0.6142857142857141,14,6
696,Dawid-Skene EM,0.46012660826917823,14,6
696,Ensemble,-0.021428571428571432,14,6
696,CBC,0.8380952380952381,14,6
696,CBC-Weighted,0.8380952380952381,14,6
696,Oracle (eval-task beta),0.9999999999999999,14,6
697,Raw (no calibration),0.6428571428571429,17,6
697,Random control,-0.009523809523809532,17,6
697,Per-language norm.,0.6428571428571429,17,6
697,Backbone-only norm.,0.05714285714285713,17,6
697,Z-score,0.1952380952380952,17,6
697,Quantile normalization,-0.09580207610094837,17,6
697,ComBat-EB,0.6428571428571429,17,6
697,Dawid-Skene EM,1.0,17,6
697,Ensemble,0.04452555925445028,17,6
697,CBC,0.8904761904761903,17,6
697,CBC-Weighted,0.8904761904761903,17,6
697,Oracle (eval-task beta),0.9999999999999999,17,6
698,Raw (no calibration),0.6285714285714287,22,6
698,Random control,0.06666666666666668,22,6
698,Per-language norm.,0.6285714285714287,22,6
698,Backbone-only norm.,0.11904761904761904,22,6
698,Z-score,0.14285714285714285,22,6
698,Quantile normalization,-0.09959794100724899,22,6
698,ComBat-EB,0.6285714285714287,22,6
698,Dawid-Skene EM,0.4404761904761904,22,6
698,Ensemble,0.0433497484616111,22,6
698,CBC,0.838095238095238,22,6
698,CBC-Weighted,0.838095238095238,22,6
698,Oracle (eval-task beta),0.9999999999999999,22,6
699,Raw (no calibration),0.6523809523809524,26,6
699,Random control,0.019047619047619042,26,6
699,Per-language norm.,0.6523809523809524,26,6
699,Backbone-only norm.,-0.04761904761904762,26,6
699,Z-score,0.1285714285714286,26,6
699,Quantile normalization,-0.11396711043077364,26,6
699,ComBat-EB,0.6523809523809524,26,6
699,Dawid-Skene EM,0.28369760344246286,26,6
699,Ensemble,-0.05934494225801644,26,6
699,CBC,0.8904761904761903,26,6
699,CBC-Weighted,0.8904761904761903,26,6
699,Oracle (eval-task beta),0.9999999999999999,26,6
700,Raw (no calibration),0.6666666666666667,19,6
700,Random control,0.06190476190476191,19,6
700,Per-language norm.,0.6666666666666667,19,6
700,Backbone-only norm.,-0.09523809523809525,19,6
700,Z-score,0.3571428571428571,19,6
700,Quantile normalization,-0.09982370291334633,19,6
700,ComBat-EB,0.6333333333333334,19,6
700,Dawid-Skene EM,0.48234119640946915,19,6
700,Ensemble,-0.06066044572991367,19,6
700,CBC,0.9238095238095237,19,6
700,CBC-Weighted,0.9238095238095237,19,6
700,Oracle (eval-task beta),0.9999999999999999,19,6
701,Raw (no calibration),0.6380952380952382,19,6
701,Random control,0.052380952380952354,19,6
701,Per-language norm.,0.6380952380952382,19,6
701,Backbone-only norm.,0.09999999999999999,19,6
701,Z-score,0.5952380952380951,19,6
701,Quantile normalization,-0.08996001700176505,19,6
701,ComBat-EB,0.6380952380952382,19,6
701,Dawid-Skene EM,0.7590243887083169,19,6
701,Ensemble,0.053424825180436904,19,6
701,CBC,0.895238095238095,19,6
701,CBC-Weighted,0.895238095238095,19,6
701,Oracle (eval-task beta),0.9999999999999999,19,6
702,Raw (no calibration),0.6571428571428571,19,6
702,Random control,0.009523809523809528,19,6
702,Per-language norm.,0.6571428571428571,19,6
702,Backbone-only norm.,-0.01428571428571428,19,6
702,Z-score,0.1714285714285714,19,6
702,Quantile normalization,-0.07364387081122412,19,6
702,ComBat-EB,0.6571428571428571,19,6
702,Dawid-Skene EM,0.22230791721149976,19,6
702,Ensemble,0.0030937293463481736,19,6
702,CBC,0.9666666666666666,19,6
702,CBC-Weighted,0.9666666666666666,19,6
702,Oracle (eval-task beta),0.9999999999999999,19,6
703,Raw (no calibration),0.7047619047619047,21,6
703,Random control,-0.04285714285714287,21,6
703,Per-language norm.,0.7047619047619047,21,6
703,Backbone-only norm.,-0.03333333333333335,21,6
703,Z-score,0.42857142857142866,21,6
703,Quantile normalization,-0.07966586626694228,21,6
703,ComBat-EB,0.7047619047619047,21,6
703,Dawid-Skene EM,0.16798846457986105,21,6
703,Ensemble,-3.96508223080413e-18,21,6
703,CBC,0.9095238095238095,21,6
703,CBC-Weighted,0.9095238095238095,21,6
703,Oracle (eval-task beta),0.9999999999999999,21,6
704,Raw (no calibration),0.6714285714285715,20,6
704,Random control,0.1,20,6
704,Per-language norm.,0.6714285714285715,20,6
704,Backbone-only norm.,0.04285714285714286,20,6
704,Z-score,0.11904761904761905,20,6
704,Quantile normalization,-0.11572827910204665,20,6
704,ComBat-EB,0.6714285714285715,20,6
704,Dawid-Skene EM,0.1274903406906184,20,6
704,Ensemble,-0.01939655434062302,20,6
704,CBC,0.9999999999999999,20,6
704,CBC-Weighted,0.9999999999999999,20,6
704,Oracle (eval-task beta),0.9999999999999999,20,6
705,Raw (no calibration),0.6666666666666667,18,6
705,Random control,0.03333333333333334,18,6
705,Per-language norm.,0.6666666666666667,18,6
705,Backbone-only norm.,-5.9476233462061954e-18,18,6
705,Z-score,0.03809523809523809,18,6
705,Quantile normalization,-0.0797828258455097,18,6
705,ComBat-EB,0.6666666666666667,18,6
705,Dawid-Skene EM,0.20000000000000004,18,6
705,Ensemble,0.019047619047619046,18,6
705,CBC,0.9428571428571428,18,6
705,CBC-Weighted,0.9428571428571428,18,6
705,Oracle (eval-task beta),0.9999999999999999,18,6
706,Raw (no calibration),0.6428571428571429,20,6
706,Random control,-0.03333333333333333,20,6
706,Per-language norm.,0.6428571428571429,20,6
706,Backbone-only norm.,0.07142857142857142,20,6
706,Z-score,0.21428571428571425,20,6
706,Quantile normalization,-0.08055943177847931,20,6
706,ComBat-EB,0.6428571428571429,20,6
706,Dawid-Skene EM,0.7182539682539684,20,6
706,Ensemble,0.010708419555230914,20,6
706,CBC,0.8571428571428571,20,6
706,CBC-Weighted,0.8571428571428571,20,6
706,Oracle (eval-task beta),0.9999999999999999,20,6
707,Raw (no calibration),0.6095238095238094,18,6
707,Random control,-0.023809523809523805,18,6
707,Per-language norm.,0.6095238095238094,18,6
707,Backbone-only norm.,0.16666666666666666,18,6
707,Z-score,0.49047619047619045,18,6
707,Quantile normalization,-0.09193676223471417,18,6
707,ComBat-EB,0.6095238095238094,18,6
707,Dawid-Skene EM,0.716630414212286,18,6
707,Ensemble,0.13685196647326867,18,6
707,CBC,0.7904761904761904,18,6
707,CBC-Weighted,0.7904761904761904,18,6
707,Oracle (eval-task beta),0.9999999999999999,18,6
708,Raw (no calibration),0.6523809523809524,21,6
708,Random control,0.052380952380952375,21,6
708,Per-language norm.,0.6523809523809524,21,6
708,Backbone-only norm.,0.08571428571428573,21,6
708,Z-score,0.6571428571428573,21,6
708,Quantile normalization,-0.08818186713667274,21,6
708,ComBat-EB,0.6190476190476192,21,6
708,Dawid-Skene EM,0.665867828575994,21,6
708,Ensemble,0.1076442619859076,21,6
708,CBC,0.9238095238095237,21,6
708,CBC-Weighted,0.9238095238095237,21,6
708,Oracle (eval-task beta),0.9999999999999999,21,6
709,Raw (no calibration),0.6904761904761905,16,6
709,Random control,0.004761904761904759,16,6
709,Per-language norm.,0.6904761904761905,16,6
709,Backbone-only norm.,0.09523809523809523,16,6
709,Z-score,0.2285714285714286,16,6
709,Quantile normalization,-0.08536072184130841,16,6
709,ComBat-EB,0.6904761904761905,16,6
709,Dawid-Skene EM,0.15846055842145712,16,6
709,Ensemble,0.07873856351911204,16,6
709,CBC,0.895238095238095,16,6
709,CBC-Weighted,0.895238095238095,16,6
709,Oracle (eval-task beta),0.9999999999999999,16,6
710,Raw (no calibration),0.6904761904761905,17,6
710,Random control,-0.05238095238095237,17,6
710,Per-language norm.,0.6904761904761905,17,6
710,Backbone-only norm.,0.09047619047619046,17,6
710,Z-score,0.5428571428571429,17,6
710,Quantile normalization,-0.0858892293132982,17,6
710,ComBat-EB,0.6666666666666666,17,6
710,Dawid-Skene EM,-0.041893885805798156,17,6
710,Ensemble,0.07142857142857142,17,6
710,CBC,0.8904761904761903,17,6
710,CBC-Weighted,0.8904761904761903,17,6
710,Oracle (eval-task beta),0.9999999999999999,17,6
711,Raw (no calibration),0.6095238095238094,21,6
711,Random control,-0.05714285714285715,21,6
711,Per-language norm.,0.6095238095238094,21,6
711,Backbone-only norm.,0.10476190476190474,21,6
711,Z-score,0.10952380952380951,21,6
711,Quantile normalization,-0.09320327371183328,21,6
711,ComBat-EB,0.6095238095238094,21,6
711,Dawid-Skene EM,0.665867828575994,21,6
711,Ensemble,-0.018871018307002028,21,6
711,CBC,0.895238095238095,21,6
711,CBC-Weighted,0.895238095238095,21,6
711,Oracle (eval-task beta),0.9999999999999999,21,6
712,Raw (no calibration),0.6476190476190476,26,6
712,Random control,7.93016446160826e-18,26,6
712,Per-language norm.,0.6476190476190476,26,6
712,Backbone-only norm.,0.06666666666666667,26,6
712,Z-score,0.48095238095238085,26,6
712,Quantile normalization,-0.10515399700979898,26,6
712,ComBat-EB,0.6476190476190476,26,6
712,Dawid-Skene EM,0.6288435150088423,26,6
712,Ensemble,0.04094533144443951,26,6
712,CBC,0.9285714285714286,26,6
712,CBC-Weighted,0.9285714285714286,26,6
712,Oracle (eval-task beta),0.9999999999999999,26,6
713,Raw (no calibration),0.6571428571428571,20,6
713,Random control,-0.06190476190476192,20,6
713,Per-language norm.,0.6571428571428571,20,6
713,Backbone-only norm.,0.033333333333333326,20,6
713,Z-score,0.5904761904761904,20,6
713,Quantile normalization,-0.09507723533324278,20,6
713,ComBat-EB,0.6571428571428571,20,6
713,Dawid-Skene EM,0.7259232833228813,20,6
713,Ensemble,-0.023951856838020386,20,6
713,CBC,0.895238095238095,20,6
713,CBC-Weighted,0.895238095238095,20,6
713,Oracle (eval-task beta),0.9999999999999999,20,6
714,Raw (no calibration),0.6095238095238094,18,6
714,Random control,-0.05238095238095236,18,6
714,Per-language norm.,0.6095238095238094,18,6
714,Backbone-only norm.,0.0857142857142857,18,6
714,Z-score,0.18571428571428572,18,6
714,Quantile normalization,-0.11099722775436989,18,6
714,ComBat-EB,0.6142857142857142,18,6
714,Dawid-Skene EM,0.18835650198940193,18,6
714,Ensemble,0.019205954756720323,18,6
714,CBC,0.8952380952380953,18,6
714,CBC-Weighted,0.8952380952380953,18,6
714,Oracle (eval-task beta),0.9999999999999999,18,6
715,Raw (no calibration),0.6285714285714284,22,6
715,Random control,-0.023809523809523808,22,6
715,Per-language norm.,0.6285714285714284,22,6
715,Backbone-only norm.,0.1476190476190476,22,6
715,Z-score,0.2523809523809524,22,6
715,Quantile normalization,-0.10577963137922054,22,6
715,ComBat-EB,0.6285714285714284,22,6
715,Dawid-Skene EM,0.44341932440794557,22,6
715,Ensemble,0.06553891922955911,22,6
715,CBC,0.8761904761904761,22,6
715,CBC-Weighted,0.8761904761904761,22,6
715,Oracle (eval-task beta),0.9999999999999999,22,6
716,Raw (no calibration),0.6666666666666667,18,6
716,Random control,-0.08095238095238098,18,6
716,Per-language norm.,0.6666666666666667,18,6
716,Backbone-only norm.,0.06666666666666667,18,6
716,Z-score,0.519047619047619,18,6
716,Quantile normalization,-0.08769126389482344,18,6
716,ComBat-EB,0.6666666666666667,18,6
716,Dawid-Skene EM,0.5836359560984724,18,6
716,Ensemble,-0.011919427302398903,18,6
716,CBC,0.9238095238095239,18,6
716,CBC-Weighted,0.9238095238095239,18,6
716,Oracle (eval-task beta),0.9999999999999999,18,6
717,Raw (no calibration),0.6666666666666666,19,6
717,Random control,-0.00952380952380952,19,6
717,Per-language norm.,0.6666666666666666,19,6
717,Backbone-only norm.,0.1619047619047619,19,6
717,Z-score,0.18095238095238095,19,6
717,Quantile normalization,-0.10686951768032464,19,6
717,ComBat-EB,0.6666666666666666,19,6
717,Dawid-Skene EM,0.471191601082491,19,6
717,Ensemble,0.05188834677648414,19,6
717,CBC,0.8619047619047618,19,6
717,CBC-Weighted,0.8619047619047618,19,6
717,Oracle (eval-task beta),0.9999999999999999,19,6
718,Raw (no calibration),0.6619047619047619,16,6
718,Random control,0.10000000000000002,16,6
718,Per-language norm.,0.6619047619047619,16,6
718,Backbone-only norm.,0.37619047619047613,16,6
718,Z-score,0.5523809523809523,16,6
718,Quantile normalization,-0.10378798149334197,16,6
718,ComBat-EB,0.6619047619047619,16,6
718,Dawid-Skene EM,1.0,16,6
718,Ensemble,0.19201933024939155,16,6
718,CBC,0.8047619047619048,16,6
718,CBC-Weighted,0.8047619047619048,16,6
718,Oracle (eval-task beta),0.9999999999999999,16,6
719,Raw (no calibration),0.680952380952381,21,6
719,Random control,-0.05238095238095238,21,6
719,Per-language norm.,0.680952380952381,21,6
719,Backbone-only norm.,0.057142857142857155,21,6
719,Z-score,0.12380952380952381,21,6
719,Quantile normalization,-0.08590564335683472,21,6
719,ComBat-EB,0.680952380952381,21,6
719,Dawid-Skene EM,0.2733109693295016,21,6
719,Ensemble,0.012741109458928177,21,6
719,CBC,0.9428571428571428,21,6
719,CBC-Weighted,0.9428571428571428,21,6
719,Oracle (eval-task beta),0.9999999999999999,21,6
720,Raw (no calibration),0.6428571428571429,21,6
720,Random control,0.0857142857142857,21,6
720,Per-language norm.,0.6428571428571429,21,6
720,Backbone-only norm.,-0.038095238095238085,21,6
720,Z-score,0.028571428571428564,21,6
720,Quantile normalization,-0.08454071438239384,21,6
720,ComBat-EB,0.6428571428571429,21,6
720,Dawid-Skene EM,0.5979140363022555,21,6
720,Ensemble,-0.05541871223452908,21,6
720,CBC,0.8619047619047618,21,6
720,CBC-Weighted,0.8619047619047618,21,6
720,Oracle (eval-task beta),0.9999999999999999,21,6
721,Raw (no calibration),0.6428571428571429,22,6
721,Random control,-0.04761904761904761,22,6
721,Per-language norm.,0.6428571428571429,22,6
721,Backbone-only norm.,-0.07142857142857141,22,6
721,Z-score,0.33333333333333337,22,6
721,Quantile normalization,-0.1069940985458167,22,6
721,ComBat-EB,0.6428571428571429,22,6
721,Dawid-Skene EM,0.5979140363022555,22,6
721,Ensemble,-0.08088682084967347,22,6
721,CBC,0.9333333333333332,22,6
721,CBC-Weighted,0.9333333333333332,22,6
721,Oracle (eval-task beta),0.9999999999999999,22,6
722,Raw (no calibration),0.6571428571428571,22,6
722,Random control,-0.02857142857142856,22,6
722,Per-language norm.,0.6571428571428571,22,6
722,Backbone-only norm.,0.1380952380952381,22,6
722,Z-score,0.09999999999999999,22,6
722,Quantile normalization,-0.06896990544926646,22,6
722,ComBat-EB,0.6571428571428571,22,6
722,Dawid-Skene EM,0.4835624527360996,22,6
722,Ensemble,0.06427984812665948,22,6
722,CBC,0.9333333333333333,22,6
722,CBC-Weighted,0.9333333333333333,22,6
722,Oracle (eval-task beta),0.9999999999999999,22,6
723,Raw (no calibration),0.6523809523809524,21,6
723,Random control,-0.038095238095238106,21,6
723,Per-language norm.,0.6523809523809524,21,6
723,Backbone-only norm.,-0.028571428571428574,21,6
723,Z-score,0.08095238095238091,21,6
723,Quantile normalization,-0.11828013249458011,21,6
723,ComBat-EB,0.6523809523809524,21,6
723,Dawid-Skene EM,0.20000000000000004,21,6
723,Ensemble,-0.06186956495043307,21,6
723,CBC,0.895238095238095,21,6
723,CBC-Weighted,0.895238095238095,21,6
723,Oracle (eval-task beta),0.9999999999999999,21,6
724,Raw (no calibration),0.6523809523809524,19,6
724,Random control,-0.004761904761904759,19,6
724,Per-language norm.,0.6523809523809524,19,6
724,Backbone-only norm.,0.1952380952380952,19,6
724,Z-score,0.2952380952380952,19,6
724,Quantile normalization,-0.0646716337707739,19,6
724,ComBat-EB,0.6523809523809524,19,6
724,Dawid-Skene EM,0.0,19,6
724,Ensemble,0.0628841069546436,19,6
724,CBC,0.8333333333333331,19,6
724,CBC-Weighted,0.8333333333333331,19,6
724,Oracle (eval-task beta),0.9999999999999999,19,6
725,Raw (no calibration),0.6666666666666666,19,6
725,Random control,0.014285714285714294,19,6
725,Per-language norm.,0.6666666666666666,19,6
725,Backbone-only norm.,0.27619047619047615,19,6
725,Z-score,0.2571428571428571,19,6
725,Quantile normalization,-0.08951524533391711,19,6
725,ComBat-EB,0.6666666666666666,19,6
725,Dawid-Skene EM,-0.19999999999999998,19,6
725,Ensemble,0.059356674576126034,19,6
725,CBC,0.9666666666666666,19,6
725,CBC-Weighted,0.9666666666666666,19,6
725,Oracle (eval-task beta),0.9999999999999999,19,6
726,Raw (no calibration),0.6095238095238094,22,6
726,Random control,0.00952380952380953,22,6
726,Per-language norm.,0.6095238095238094,22,6
726,Backbone-only norm.,0.06666666666666665,22,6
726,Z-score,0.11904761904761905,22,6
726,Quantile normalization,-0.06986454119768734,22,6
726,ComBat-EB,0.6095238095238094,22,6
726,Dawid-Skene EM,0.4835624527360996,22,6
726,Ensemble,0.002741619992065952,22,6
726,CBC,0.780952380952381,22,6
726,CBC-Weighted,0.780952380952381,22,6
726,Oracle (eval-task beta),0.9999999999999999,22,6
727,Raw (no calibration),0.6333333333333334,22,6
727,Random control,-0.009523809523809542,22,6
727,Per-language norm.,0.6333333333333334,22,6
727,Backbone-only norm.,0.04285714285714286,22,6
727,Z-score,0.18095238095238092,22,6
727,Quantile normalization,-0.10484246036239576,22,6
727,ComBat-EB,0.6333333333333334,22,6
727,Dawid-Skene EM,0.0,22,6
727,Ensemble,-0.02325239045545272,22,6
727,CBC,0.9666666666666666,22,6
727,CBC-Weighted,0.9666666666666666,22,6
727,Oracle (eval-task beta),0.9999999999999999,22,6
728,Raw (no calibration),0.6428571428571429,22,6
728,Random control,0.0619047619047619,22,6
728,Per-language norm.,0.6428571428571429,22,6
728,Backbone-only norm.,-0.00952380952380952,22,6
728,Z-score,0.2095238095238095,22,6
728,Quantile normalization,-0.09600563973837976,22,6
728,ComBat-EB,0.6428571428571429,22,6
728,Dawid-Skene EM,0.6602457176756131,22,6
728,Ensemble,-0.011236222114027966,22,6
728,CBC,0.8523809523809524,22,6
728,CBC-Weighted,0.8523809523809524,22,6
728,Oracle (eval-task beta),0.9999999999999999,22,6
729,Raw (no calibration),0.7714285714285714,16,6
729,Random control,0.10476190476190475,16,6
729,Per-language norm.,0.7714285714285714,16,6
729,Backbone-only norm.,0.17142857142857146,16,6
729,Z-score,0.5047619047619047,16,6
729,Quantile normalization,-0.10169576327739242,16,6
729,ComBat-EB,0.7714285714285714,16,6
729,Dawid-Skene EM,-0.014988032330274964,16,6
729,Ensemble,0.08148311659070541,16,6
729,CBC,0.9285714285714286,16,6
729,CBC-Weighted,0.9285714285714286,16,6
729,Oracle (eval-task beta),0.9999999999999999,16,6
730,Raw (no calibration),0.6428571428571429,16,6
730,Random control,-0.04761904761904762,16,6
730,Per-language norm.,0.6428571428571429,16,6
730,Backbone-only norm.,0.15238095238095234,16,6
730,Z-score,0.2095238095238095,16,6
730,Quantile normalization,-0.09250355439473165,16,6
730,ComBat-EB,0.6428571428571429,16,6
730,Dawid-Skene EM,0.5119047619047619,16,6
730,Ensemble,0.09640808925535037,16,6
730,CBC,0.9000000000000001,16,6
730,CBC-Weighted,0.9000000000000001,16,6
730,Oracle (eval-task beta),0.9999999999999999,16,6
731,Raw (no calibration),0.6142857142857144,22,6
731,Random control,0.009523809523809523,22,6
731,Per-language norm.,0.6142857142857144,22,6
731,Backbone-only norm.,0.1571428571428571,22,6
731,Z-score,0.18095238095238095,22,6
731,Quantile normalization,-0.07900991356919064,22,6
731,ComBat-EB,0.6142857142857144,22,6
731,Dawid-Skene EM,0.5979140363022555,22,6
731,Ensemble,0.036048555609652665,22,6
731,CBC,0.8333333333333333,22,6
731,CBC-Weighted,0.8333333333333333,22,6
731,Oracle (eval-task beta),0.9999999999999999,22,6
732,Raw (no calibration),0.6428571428571429,19,6
732,Random control,-0.03333333333333333,19,6
732,Per-language norm.,0.6428571428571429,19,6
732,Backbone-only norm.,0.004761904761904765,19,6
732,Z-score,-0.028571428571428564,19,6
732,Quantile normalization,-0.1119232856060598,19,6
732,ComBat-EB,0.6428571428571429,19,6
732,Dawid-Skene EM,0.48501953317261753,19,6
732,Ensemble,-0.08279379845642665,19,6
732,CBC,0.9095238095238095,19,6
732,CBC-Weighted,0.9095238095238095,19,6
732,Oracle (eval-task beta),0.9999999999999999,19,6
733,Raw (no calibration),0.6428571428571429,18,6
733,Random control,0.1809523809523809,18,6
733,Per-language norm.,0.6428571428571429,18,6
733,Backbone-only norm.,0.18095238095238098,18,6
733,Z-score,0.1952380952380952,18,6
733,Quantile normalization,-0.11951108216575876,18,6
733,ComBat-EB,0.6428571428571429,18,6
733,Dawid-Skene EM,0.7270340699023484,18,6
733,Ensemble,0.07446339820262071,18,6
733,CBC,0.8761904761904761,18,6
733,CBC-Weighted,0.8761904761904761,18,6
733,Oracle (eval-task beta),0.9999999999999999,18,6
734,Raw (no calibration),0.6666666666666666,23,6
734,Random control,0.019047619047619053,23,6
734,Per-language norm.,0.6666666666666666,23,6
734,Backbone-only norm.,0.10476190476190476,23,6
734,Z-score,0.028571428571428574,23,6
734,Quantile normalization,-0.11617972482665154,23,6
734,ComBat-EB,0.6666666666666666,23,6
734,Dawid-Skene EM,0.52,23,6
734,Ensemble,0.019047619047619053,23,6
734,CBC,0.9666666666666666,23,6
734,CBC-Weighted,0.9666666666666666,23,6
734,Oracle (eval-task beta),0.9999999999999999,23,6
735,Raw (no calibration),0.6428571428571429,22,6
735,Random control,0.13333333333333333,22,6
735,Per-language norm.,0.6428571428571429,22,6
735,Backbone-only norm.,0.12380952380952381,22,6
735,Z-score,0.16666666666666666,22,6
735,Quantile normalization,-0.09222406768984856,22,6
735,ComBat-EB,0.6428571428571429,22,6
735,Dawid-Skene EM,0.4404761904761904,22,6
735,Ensemble,-0.022111776616942375,22,6
735,CBC,0.9285714285714286,22,6
735,CBC-Weighted,0.9285714285714286,22,6
735,Oracle (eval-task beta),0.9999999999999999,22,6
736,Raw (no calibration),0.6571428571428571,21,6
736,Random control,-0.019047619047619046,21,6
736,Per-language norm.,0.6571428571428571,21,6
736,Backbone-only norm.,0.29047619047619044,21,6
736,Z-score,0.28095238095238095,21,6
736,Quantile normalization,-0.08754178783862397,21,6
736,ComBat-EB,0.6571428571428571,21,6
736,Dawid-Skene EM,0.7182539682539684,21,6
736,Ensemble,0.17614354691803774,21,6
736,CBC,0.9666666666666666,21,6
736,CBC-Weighted,0.9666666666666666,21,6
736,Oracle (eval-task beta),0.9999999999999999,21,6
737,Raw (no calibration),0.6571428571428571,22,6
737,Random control,0.004761904761904749,22,6
737,Per-language norm.,0.6571428571428571,22,6
737,Backbone-only norm.,0.17619047619047618,22,6
737,Z-score,0.5190476190476189,22,6
737,Quantile normalization,-0.05389980933064605,22,6
737,ComBat-EB,0.6571428571428571,22,6
737,Dawid-Skene EM,0.21302258260369342,22,6
737,Ensemble,0.1703846986290869,22,6
737,CBC,0.9285714285714286,22,6
737,CBC-Weighted,0.9285714285714286,22,6
737,Oracle (eval-task beta),0.9999999999999999,22,6
738,Raw (no calibration),0.6095238095238094,20,6
738,Random control,0.06666666666666665,20,6
738,Per-language norm.,0.6095238095238094,20,6
738,Backbone-only norm.,0.009523809523809528,20,6
738,Z-score,0.1619047619047619,20,6
738,Quantile normalization,-0.1126896787550998,20,6
738,ComBat-EB,0.6095238095238094,20,6
738,Dawid-Skene EM,0.28369760344246286,20,6
738,Ensemble,-0.0367092337525428,20,6
738,CBC,0.9428571428571428,20,6
738,CBC-Weighted,0.9428571428571428,20,6
738,Oracle (eval-task beta),0.9999999999999999,20,6
739,Raw (no calibration),0.6428571428571429,23,6
739,Random control,-0.07142857142857142,23,6
739,Per-language norm.,0.6428571428571429,23,6
739,Backbone-only norm.,0.22857142857142856,23,6
739,Z-score,0.29047619047619044,23,6
739,Quantile normalization,-0.1000918510567441,23,6
739,ComBat-EB,0.6428571428571429,23,6
739,Dawid-Skene EM,0.33994298198410694,23,6
739,Ensemble,0.1332834709813675,23,6
739,CBC,0.8380952380952381,23,6
739,CBC-Weighted,0.8380952380952381,23,6
739,Oracle (eval-task beta),0.9999999999999999,23,6
740,Raw (no calibration),0.6333333333333334,19,6
740,Random control,0.04761904761904761,19,6
740,Per-language norm.,0.6333333333333334,19,6
740,Backbone-only norm.,-0.04285714285714285,19,6
740,Z-score,0.00952380952380953,19,6
740,Quantile normalization,-0.11414918623273644,19,6
740,ComBat-EB,0.6333333333333334,19,6
740,Dawid-Skene EM,0.2132242268571268,19,6
740,Ensemble,-0.06665200126902965,19,6
740,CBC,0.9285714285714286,19,6
740,CBC-Weighted,0.9285714285714286,19,6
740,Oracle (eval-task beta),0.9999999999999999,19,6
741,Raw (no calibration),0.6285714285714284,16,6
741,Random control,0.01904761904761906,16,6
741,Per-language norm.,0.6285714285714284,16,6
741,Backbone-only norm.,-0.06190476190476189,16,6
741,Z-score,0.06666666666666667,16,6
741,Quantile normalization,-0.11826792687472766,16,6
741,ComBat-EB,0.6285714285714284,16,6
741,Dawid-Skene EM,0.18835650198940201,16,6
741,Ensemble,-0.07295331751441458,16,6
741,CBC,0.9428571428571428,16,6
741,CBC-Weighted,0.9428571428571428,16,6
741,Oracle (eval-task beta),0.9999999999999999,16,6
742,Raw (no calibration),0.6333333333333334,17,6
742,Random control,-0.05238095238095237,17,6
742,Per-language norm.,0.6333333333333334,17,6
742,Backbone-only norm.,-0.028571428571428574,17,6
742,Z-score,0.047619047619047616,17,6
742,Quantile normalization,-0.07488465180868698,17,6
742,ComBat-EB,0.6333333333333334,17,6
742,Dawid-Skene EM,0.8628679329364746,17,6
742,Ensemble,-0.028354431271779255,17,6
742,CBC,0.9428571428571428,17,6
742,CBC-Weighted,0.9428571428571428,17,6
742,Oracle (eval-task beta),0.9999999999999999,17,6
743,Raw (no calibration),0.6428571428571429,17,6
743,Random control,-0.06190476190476189,17,6
743,Per-language norm.,0.6428571428571429,17,6
743,Backbone-only norm.,-0.09999999999999998,17,6
743,Z-score,0.1142857142857143,17,6
743,Quantile normalization,-0.09117704211971712,17,6
743,ComBat-EB,0.6428571428571429,17,6
743,Dawid-Skene EM,0.9272445692856943,17,6
743,Ensemble,-0.018197278911564623,17,6
743,CBC,0.8619047619047618,17,6
743,CBC-Weighted,0.8619047619047618,17,6
743,Oracle (eval-task beta),0.9999999999999999,17,6
744,Raw (no calibration),0.6904761904761905,18,6
744,Random control,0.028571428571428557,18,6
744,Per-language norm.,0.6904761904761905,18,6
744,Backbone-only norm.,0.03809523809523808,18,6
744,Z-score,-0.038095238095238106,18,6
744,Quantile normalization,-0.09932875525496958,18,6
744,ComBat-EB,0.6904761904761905,18,6
744,Dawid-Skene EM,0.20000000000000004,18,6
744,Ensemble,-0.07663445418920387,18,6
744,CBC,0.9666666666666666,18,6
744,CBC-Weighted,0.9666666666666666,18,6
744,Oracle (eval-task beta),0.9999999999999999,18,6
745,Raw (no calibration),0.6142857142857141,20,6
745,Random control,-0.06666666666666667,20,6
745,Per-language norm.,0.6142857142857141,20,6
745,Backbone-only norm.,-0.06666666666666668,20,6
745,Z-score,0.1380952380952381,20,6
745,Quantile normalization,-0.10904606859443562,20,6
745,ComBat-EB,0.6142857142857141,20,6
745,Dawid-Skene EM,0.28369760344246286,20,6
745,Ensemble,-0.01904761904761906,20,6
745,CBC,0.8523809523809524,20,6
745,CBC-Weighted,0.8523809523809524,20,6
745,Oracle (eval-task beta),0.9999999999999999,20,6
746,Raw (no calibration),0.6285714285714284,22,6
746,Random control,-0.00952380952380952,22,6
746,Per-language norm.,0.6285714285714284,22,6
746,Backbone-only norm.,0.05714285714285715,22,6
746,Z-score,0.38571428571428573,22,6
746,Quantile normalization,-0.11209687696696,22,6
746,ComBat-EB,0.6285714285714284,22,6
746,Dawid-Skene EM,0.3800678080952247,22,6
746,Ensemble,0.10933614301943421,22,6
746,CBC,0.8857142857142856,22,6
746,CBC-Weighted,0.8857142857142856,22,6
746,Oracle (eval-task beta),0.9999999999999999,22,6
747,Raw (no calibration),0.6285714285714284,21,6
747,Random control,0.033333333333333326,21,6
747,Per-language norm.,0.6285714285714284,21,6
747,Backbone-only norm.,0.1571428571428571,21,6
747,Z-score,0.15238095238095237,21,6
747,Quantile normalization,-0.09592510182673983,21,6
747,ComBat-EB,0.6285714285714284,21,6
747,Dawid-Skene EM,0.7182539682539684,21,6
747,Ensemble,0.038095238095238085,21,6
747,CBC,0.8238095238095237,21,6
747,CBC-Weighted,0.8238095238095237,21,6
747,Oracle (eval-task beta),0.9999999999999999,21,6
748,Raw (no calibration),0.6571428571428571,20,6
748,Random control,0.06666666666666664,20,6
748,Per-language norm.,0.6571428571428571,20,6
748,Backbone-only norm.,0.11904761904761905,20,6
748,Z-score,0.2285714285714286,20,6
748,Quantile normalization,-0.10988813462307534,20,6
748,ComBat-EB,0.6571428571428571,20,6
748,Dawid-Skene EM,0.33994298198410694,20,6
748,Ensemble,0.09265774403465794,20,6
748,CBC,0.9285714285714285,20,6
748,CBC-Weighted,0.9285714285714285,20,6
748,Oracle (eval-task beta),0.9999999999999999,20,6
749,Raw (no calibration),0.6523809523809524,17,6
749,Random control,0.01428571428571428,17,6
749,Per-language norm.,0.6523809523809524,17,6
749,Backbone-only norm.,-0.06190476190476191,17,6
749,Z-score,0.1904761904761905,17,6
749,Quantile normalization,-0.08874244700795748,17,6
749,ComBat-EB,0.6523809523809524,17,6
749,Dawid-Skene EM,0.503968253968254,17,6
749,Ensemble,-0.08521523537250156,17,6
749,CBC,0.8952380952380953,17,6
749,CBC-Weighted,0.8952380952380953,17,6
749,Oracle (eval-task beta),0.9999999999999999,17,6
750,Raw (no calibration),0.6428571428571429,19,6
750,Random control,-0.02380952380952381,19,6
750,Per-language norm.,0.6428571428571429,19,6
750,Backbone-only norm.,0.06190476190476191,19,6
750,Z-score,0.37142857142857144,19,6
750,Quantile normalization,-0.10683605647605754,19,6
750,ComBat-EB,0.6428571428571429,19,6
750,Dawid-Skene EM,0.7590243887083169,19,6
750,Ensemble,0.0984224584826636,19,6
750,CBC,0.8761904761904761,19,6
750,CBC-Weighted,0.8761904761904761,19,6
750,Oracle (eval-task beta),0.9999999999999999,19,6
751,Raw (no calibration),0.6285714285714287,18,6
751,Random control,-0.09047619047619046,18,6
751,Per-language norm.,0.6285714285714287,18,6
751,Backbone-only norm.,0.06666666666666667,18,6
751,Z-score,0.1476190476190476,18,6
751,Quantile normalization,-0.11617964861421637,18,6
751,ComBat-EB,0.6285714285714287,18,6
751,Dawid-Skene EM,0.21086113025183686,18,6
751,Ensemble,0.03997478563314003,18,6
751,CBC,0.8285714285714286,18,6
751,CBC-Weighted,0.8285714285714286,18,6
751,Oracle (eval-task beta),0.9999999999999999,18,6
752,Raw (no calibration),0.6428571428571427,18,6
752,Random control,-0.028571428571428564,18,6
752,Per-language norm.,0.6428571428571427,18,6
752,Backbone-only norm.,0.028571428571428564,18,6
752,Z-score,0.16666666666666669,18,6
752,Quantile normalization,-0.10102238432114641,18,6
752,ComBat-EB,0.6428571428571427,18,6
752,Dawid-Skene EM,0.48501953317261753,18,6
752,Ensemble,0.013936778992710305,18,6
752,CBC,0.8857142857142856,18,6
752,CBC-Weighted,0.8857142857142856,18,6
752,Oracle (eval-task beta),0.9999999999999999,18,6
753,Raw (no calibration),0.6238095238095237,23,6
753,Random control,0.05238095238095238,23,6
753,Per-language norm.,0.6238095238095237,23,6
753,Backbone-only norm.,0.05238095238095238,23,6
753,Z-score,0.1571428571428571,23,6
753,Quantile normalization,-0.09069803484874916,23,6
753,ComBat-EB,0.6238095238095237,23,6
753,Dawid-Skene EM,0.4026734942792506,23,6
753,Ensemble,0.014822316083093567,23,6
753,CBC,0.8761904761904761,23,6
753,CBC-Weighted,0.8761904761904761,23,6
753,Oracle (eval-task beta),0.9999999999999999,23,6
754,Raw (no calibration),0.6428571428571429,19,6
754,Random control,-0.038095238095238085,19,6
754,Per-language norm.,0.6428571428571429,19,6
754,Backbone-only norm.,-0.014285714285714287,19,6
754,Z-score,0.03809523809523809,19,6
754,Quantile normalization,-0.089543473310999,19,6
754,ComBat-EB,0.6428571428571429,19,6
754,Dawid-Skene EM,0.496031746031746,19,6
754,Ensemble,-0.047671969619250534,19,6
754,CBC,0.9095238095238095,19,6
754,CBC-Weighted,0.9095238095238095,19,6
754,Oracle (eval-task beta),0.9999999999999999,19,6
755,Raw (no calibration),0.6523809523809524,21,6
755,Random control,-0.019047619047619053,21,6
755,Per-language norm.,0.6523809523809524,21,6
755,Backbone-only norm.,0.00952380952380952,21,6
755,Z-score,0.3666666666666666,21,6
755,Quantile normalization,-0.08932629325052258,21,6
755,ComBat-EB,0.6523809523809524,21,6
755,Dawid-Skene EM,0.0,21,6
755,Ensemble,-0.05221968359232369,21,6
755,CBC,0.895238095238095,21,6
755,CBC-Weighted,0.895238095238095,21,6
755,Oracle (eval-task beta),0.9999999999999999,21,6
756,Raw (no calibration),0.6571428571428571,20,6
756,Random control,0.11904761904761904,20,6
756,Per-language norm.,0.6571428571428571,20,6
756,Backbone-only norm.,-0.061904761904761886,20,6
756,Z-score,0.04761904761904761,20,6
756,Quantile normalization,-0.09441639789123442,20,6
756,ComBat-EB,0.6571428571428571,20,6
756,Dawid-Skene EM,0.2733109693295016,20,6
756,Ensemble,-0.08197865527470105,20,6
756,CBC,0.9666666666666666,20,6
756,CBC-Weighted,0.9666666666666666,20,6
756,Oracle (eval-task beta),0.9999999999999999,20,6
757,Raw (no calibration),0.6428571428571429,21,6
757,Random control,-0.014285714285714273,21,6
757,Per-language norm.,0.6428571428571429,21,6
757,Backbone-only norm.,-0.09047619047619046,21,6
757,Z-score,5.9476233462061954e-18,21,6
757,Quantile normalization,-0.0986514294973122,21,6
757,ComBat-EB,0.6428571428571427,21,6
757,Dawid-Skene EM,0.652899776225077,21,6
757,Ensemble,-0.11920595475672033,21,6
757,CBC,0.9,21,6
757,CBC-Weighted,0.9,21,6
757,Oracle (eval-task beta),0.9999999999999999,21,6
758,Raw (no calibration),0.619047619047619,20,6
758,Random control,5.9476233462061954e-18,20,6
758,Per-language norm.,0.619047619047619,20,6
758,Backbone-only norm.,0.15714285714285717,20,6
758,Z-score,0.3,20,6
758,Quantile normalization,-0.10729020411237335,20,6
758,ComBat-EB,0.6047619047619046,20,6
758,Dawid-Skene EM,0.20000000000000004,20,6
758,Ensemble,0.10233695618804137,20,6
758,CBC,0.9666666666666666,20,6
758,CBC-Weighted,0.9666666666666666,20,6
758,Oracle (eval-task beta),0.9999999999999999,20,6
759,Raw (no calibration),0.6428571428571429,20,6
759,Random control,-0.047619047619047616,20,6
759,Per-language norm.,0.6428571428571429,20,6
759,Backbone-only norm.,-0.09523809523809522,20,6
759,Z-score,-0.05714285714285714,20,6
759,Quantile normalization,-0.06913102685191368,20,6
759,ComBat-EB,0.6428571428571429,20,6
759,Dawid-Skene EM,0.16798846457986105,20,6
759,Ensemble,-0.06444404999481555,20,6
759,CBC,0.9428571428571428,20,6
759,CBC-Weighted,0.9428571428571428,20,6
759,Oracle (eval-task beta),0.9999999999999999,20,6
760,Raw (no calibration),0.6142857142857141,23,6
760,Random control,-0.023809523809523805,23,6
760,Per-language norm.,0.6142857142857141,23,6
760,Backbone-only norm.,0.014285714285714282,23,6
760,Z-score,0.24761904761904766,23,6
760,Quantile normalization,-0.09519222090019015,23,6
760,ComBat-EB,0.6142857142857141,23,6
760,Dawid-Skene EM,0.4835624527360996,23,6
760,Ensemble,0.058312801776641505,23,6
760,CBC,0.8619047619047618,23,6
760,CBC-Weighted,0.8619047619047618,23,6
760,Oracle (eval-task beta),0.9999999999999999,23,6
761,Raw (no calibration),0.6523809523809524,20,6
761,Random control,-0.052380952380952375,20,6
761,Per-language norm.,0.6523809523809524,20,6
761,Backbone-only norm.,0.04285714285714285,20,6
761,Z-score,0.10476190476190475,20,6
761,Quantile normalization,-0.1066391820754525,20,6
761,ComBat-EB,0.6523809523809524,20,6
761,Dawid-Skene EM,0.17608911316070378,20,6
761,Ensemble,0.03534188578506253,20,6
761,CBC,0.7857142857142856,20,6
761,CBC-Weighted,0.7857142857142856,20,6
761,Oracle (eval-task beta),0.9999999999999999,20,6
762,Raw (no calibration),0.6523809523809524,18,6
762,Random control,-0.06190476190476191,18,6
762,Per-language norm.,0.6523809523809524,18,6
762,Backbone-only norm.,-0.028571428571428577,18,6
762,Z-score,0.13333333333333333,18,6
762,Quantile normalization,-0.10297081277563105,18,6
762,ComBat-EB,0.6523809523809524,18,6
762,Dawid-Skene EM,0.0,18,6
762,Ensemble,-0.06200957060869182,18,6
762,CBC,0.9238095238095237,18,6
762,CBC-Weighted,0.9238095238095237,18,6
762,Oracle (eval-task beta),0.9999999999999999,18,6
763,Raw (no calibration),0.6380952380952382,20,6
763,Random control,0.11904761904761904,20,6
763,Per-language norm.,0.6380952380952382,20,6
763,Backbone-only norm.,0.08095238095238096,20,6
763,Z-score,0.23333333333333334,20,6
763,Quantile normalization,-0.10583155955509703,20,6
763,ComBat-EB,0.6380952380952382,20,6
763,Dawid-Skene EM,0.39842033249462977,20,6
763,Ensemble,0.03178805569079836,20,6
763,CBC,0.838095238095238,20,6
763,CBC-Weighted,0.838095238095238,20,6
763,Oracle (eval-task beta),0.9999999999999999,20,6
764,Raw (no calibration),0.6428571428571429,19,6
764,Random control,0.0619047619047619,19,6
764,Per-language norm.,0.6428571428571429,19,6
764,Backbone-only norm.,-0.028571428571428577,19,6
764,Z-score,0.04761904761904761,19,6
764,Quantile normalization,-0.11170669755297748,19,6
764,ComBat-EB,0.6428571428571429,19,6
764,Dawid-Skene EM,0.33994298198410694,19,6
764,Ensemble,-0.01084387843187302,19,6
764,CBC,0.9238095238095239,19,6
764,CBC-Weighted,0.9238095238095239,19,6
764,Oracle (eval-task beta),0.9999999999999999,19,6
765,Raw (no calibration),0.6571428571428571,17,6
765,Random control,0.08095238095238096,17,6
765,Per-language norm.,0.6571428571428571,17,6
765,Backbone-only norm.,0.1571428571428571,17,6
765,Z-score,0.22380952380952376,17,6
765,Quantile normalization,-0.10121642838767161,17,6
765,ComBat-EB,0.6571428571428571,17,6
765,Dawid-Skene EM,0.665867828575994,17,6
765,Ensemble,-0.04607376997651264,17,6
765,CBC,0.8714285714285713,17,6
765,CBC-Weighted,0.8714285714285713,17,6
765,Oracle (eval-task beta),0.9999999999999999,17,6
766,Raw (no calibration),0.6380952380952379,16,6
766,Random control,-0.07619047619047617,16,6
766,Per-language norm.,0.6380952380952379,16,6
766,Backbone-only norm.,0.0619047619047619,16,6
766,Z-score,0.42380952380952375,16,6
766,Quantile normalization,-0.09264308660096335,16,6
766,ComBat-EB,0.6380952380952379,16,6
766,Dawid-Skene EM,0.3800678080952247,16,6
766,Ensemble,0.04300374624813452,16,6
766,CBC,0.895238095238095,16,6
766,CBC-Weighted,0.895238095238095,16,6
766,Oracle (eval-task beta),0.9999999999999999,16,6
767,Raw (no calibration),0.6428571428571429,21,6
767,Random control,-0.004761904761904759,21,6
767,Per-language norm.,0.6428571428571429,21,6
767,Backbone-only norm.,0.04285714285714286,21,6
767,Z-score,0.39523809523809517,21,6
767,Quantile normalization,-0.11170987258241231,21,6
767,ComBat-EB,0.6428571428571429,21,6
767,Dawid-Skene EM,0.3800678080952247,21,6
767,Ensemble,-0.04403002057045464,21,6
767,CBC,0.8,21,6
767,CBC-Weighted,0.8,21,6
767,Oracle (eval-task beta),0.9999999999999999,21,6
768,Raw (no calibration),0.6523809523809524,18,6
768,Random control,-0.009523809523809528,18,6
768,Per-language norm.,0.6523809523809524,18,6
768,Backbone-only norm.,0.03333333333333334,18,6
768,Z-score,0.44761904761904764,18,6
768,Quantile normalization,-0.12661196484379733,18,6
768,ComBat-EB,0.6523809523809524,18,6
768,Dawid-Skene EM,0.18835650198940201,18,6
768,Ensemble,0.0572894605338488,18,6
768,CBC,0.9095238095238095,18,6
768,CBC-Weighted,0.9095238095238095,18,6
768,Oracle (eval-task beta),0.9999999999999999,18,6
769,Raw (no calibration),0.6238095238095239,16,6
769,Random control,-0.03809523809523809,16,6
769,Per-language norm.,0.6238095238095239,16,6
769,Backbone-only norm.,-0.04761904761904762,16,6
769,Z-score,0.20952380952380947,16,6
769,Quantile normalization,-0.07897430793679945,16,6
769,ComBat-EB,0.6238095238095239,16,6
769,Dawid-Skene EM,0.0,16,6
769,Ensemble,-0.06496598639455782,16,6
769,CBC,0.9095238095238093,16,6
769,CBC-Weighted,0.9095238095238093,16,6
769,Oracle (eval-task beta),0.9999999999999999,16,6
770,Raw (no calibration),0.6190476190476188,23,6
770,Random control,-0.028571428571428564,23,6
770,Per-language norm.,0.6190476190476188,23,6
770,Backbone-only norm.,0.01904761904761906,23,6
770,Z-score,0.038095238095238106,23,6
770,Quantile normalization,-0.08745864620363555,23,6
770,ComBat-EB,0.6190476190476188,23,6
770,Dawid-Skene EM,0.5804935808933184,23,6
770,Ensemble,0.02680514630979503,23,6
770,CBC,0.8380952380952381,23,6
770,CBC-Weighted,0.8380952380952381,23,6
770,Oracle (eval-task beta),0.9999999999999999,23,6
771,Raw (no calibration),0.6285714285714284,19,6
771,Random control,0.12857142857142856,19,6
771,Per-language norm.,0.6285714285714284,19,6
771,Backbone-only norm.,0.19047619047619047,19,6
771,Z-score,0.17619047619047623,19,6
771,Quantile normalization,-0.06602387231398234,19,6
771,ComBat-EB,0.6285714285714284,19,6
771,Dawid-Skene EM,0.4835624527360996,19,6
771,Ensemble,0.11783661130045106,19,6
771,CBC,0.8142857142857143,19,6
771,CBC-Weighted,0.8142857142857143,19,6
771,Oracle (eval-task beta),0.9999999999999999,19,6
772,Raw (no calibration),0.6428571428571429,17,6
772,Random control,-0.028571428571428564,17,6
772,Per-language norm.,0.6428571428571429,17,6
772,Backbone-only norm.,-0.03809523809523809,17,6
772,Z-score,0.15238095238095237,17,6
772,Quantile normalization,-0.07577876938499921,17,6
772,ComBat-EB,0.6428571428571429,17,6
772,Dawid-Skene EM,0.6022292508680184,17,6
772,Ensemble,-0.028571428571428574,17,6
772,CBC,0.8952380952380953,17,6
772,CBC-Weighted,0.8952380952380953,17,6
772,Oracle (eval-task beta),0.9999999999999999,17,6
773,Raw (no calibration),0.6666666666666667,17,6
773,Random control,0.004761904761904765,17,6
773,Per-language norm.,0.6666666666666667,17,6
773,Backbone-only norm.,0.19999999999999998,17,6
773,Z-score,0.1380952380952381,17,6
773,Quantile normalization,-0.10752330132193835,17,6
773,ComBat-EB,0.6666666666666667,17,6
773,Dawid-Skene EM,-0.19999999999999998,17,6
773,Ensemble,0.0739825249162621,17,6
773,CBC,0.895238095238095,17,6
773,CBC-Weighted,0.895238095238095,17,6
773,Oracle (eval-task beta),0.9999999999999999,17,6
774,Raw (no calibration),0.719047619047619,18,6
774,Random control,0.15238095238095242,18,6
774,Per-language norm.,0.719047619047619,18,6
774,Backbone-only norm.,0.1142857142857143,18,6
774,Z-score,0.14285714285714285,18,6
774,Quantile normalization,-0.1045345953455834,18,6
774,ComBat-EB,0.6952380952380952,18,6
774,Dawid-Skene EM,0.15846055842145712,18,6
774,Ensemble,0.036113660599249704,18,6
774,CBC,0.9999999999999999,18,6
774,CBC-Weighted,0.9999999999999999,18,6
774,Oracle (eval-task beta),0.9999999999999999,18,6
775,Raw (no calibration),0.6428571428571429,21,6
775,Random control,-0.02380952380952381,21,6
775,Per-language norm.,0.6428571428571429,21,6
775,Backbone-only norm.,-0.02857142857142857,21,6
775,Z-score,-0.038095238095238106,21,6
775,Quantile normalization,-0.102655998253224,21,6
775,ComBat-EB,0.6428571428571429,21,6
775,Dawid-Skene EM,0.33994298198410694,21,6
775,Ensemble,-0.05236922006284279,21,6
775,CBC,0.8761904761904761,21,6
775,CBC-Weighted,0.8761904761904761,21,6
775,Oracle (eval-task beta),0.9999999999999999,21,6
776,Raw (no calibration),0.6428571428571429,21,6
776,Random control,0.1619047619047619,21,6
776,Per-language norm.,0.6428571428571429,21,6
776,Backbone-only norm.,0.004761904761904747,21,6
776,Z-score,0.04761904761904761,21,6
776,Quantile normalization,-0.1146033272530373,21,6
776,ComBat-EB,0.6428571428571429,21,6
776,Dawid-Skene EM,0.6857033858524727,21,6
776,Ensemble,-0.020062161051829557,21,6
776,CBC,0.838095238095238,21,6
776,CBC-Weighted,0.838095238095238,21,6
776,Oracle (eval-task beta),0.9999999999999999,21,6
777,Raw (no calibration),0.6809523809523809,20,6
777,Random control,-0.0619047619047619,20,6
777,Per-language norm.,0.6809523809523809,20,6
777,Backbone-only norm.,0.13333333333333336,20,6
777,Z-score,0.2857142857142857,20,6
777,Quantile normalization,-0.12460817353662766,20,6
777,ComBat-EB,0.6809523809523809,20,6
777,Dawid-Skene EM,0.39999999999999997,20,6
777,Ensemble,0.09319141275250985,20,6
777,CBC,0.9666666666666666,20,6
777,CBC-Weighted,0.9666666666666666,20,6
777,Oracle (eval-task beta),0.9999999999999999,20,6
778,Raw (no calibration),0.6428571428571429,24,6
778,Random control,0.014285714285714289,24,6
778,Per-language norm.,0.6428571428571429,24,6
778,Backbone-only norm.,-0.07142857142857141,24,6
778,Z-score,0.3571428571428571,24,6
778,Quantile normalization,-0.08528697690139851,24,6
778,ComBat-EB,0.6428571428571429,24,6
778,Dawid-Skene EM,0.12954202782123816,24,6
778,Ensemble,-0.04010965670602208,24,6
778,CBC,0.9428571428571428,24,6
778,CBC-Weighted,0.9428571428571428,24,6
778,Oracle (eval-task beta),0.9999999999999999,24,6
779,Raw (no calibration),0.6428571428571429,23,6
779,Random control,0.14761904761904762,23,6
779,Per-language norm.,0.6428571428571429,23,6
779,Backbone-only norm.,-0.019047619047619042,23,6
779,Z-score,0.15238095238095234,23,6
779,Quantile normalization,-0.10627072693553094,23,6
779,ComBat-EB,0.6428571428571429,23,6
779,Dawid-Skene EM,0.21302258260369342,23,6
779,Ensemble,-0.019623861515491288,23,6
779,CBC,0.8952380952380953,23,6
779,CBC-Weighted,0.8952380952380953,23,6
779,Oracle (eval-task beta),0.9999999999999999,23,6
780,Raw (no calibration),0.6666666666666666,20,6
780,Random control,-0.06190476190476191,20,6
780,Per-language norm.,0.6666666666666666,20,6
780,Backbone-only norm.,3.96508223080413e-18,20,6
780,Z-score,0.04761904761904761,20,6
780,Quantile normalization,-0.09096939067237261,20,6
780,ComBat-EB,0.6666666666666666,20,6
780,Dawid-Skene EM,0.27397106785910846,20,6
780,Ensemble,-0.06478711912876471,20,6
780,CBC,0.9238095238095239,20,6
780,CBC-Weighted,0.9238095238095239,20,6
780,Oracle (eval-task beta),0.9999999999999999,20,6
781,Raw (no calibration),0.6285714285714287,19,6
781,Random control,0.1380952380952381,19,6
781,Per-language norm.,0.6285714285714287,19,6
781,Backbone-only norm.,-0.09999999999999999,19,6
781,Z-score,-0.004761904761904757,19,6
781,Quantile normalization,-0.07523911279479778,19,6
781,ComBat-EB,0.6047619047619047,19,6
781,Dawid-Skene EM,0.7270340699023484,19,6
781,Ensemble,-0.0622677996249965,19,6
781,CBC,0.9666666666666666,19,6
781,CBC-Weighted,0.9666666666666666,19,6
781,Oracle (eval-task beta),0.9999999999999999,19,6
782,Raw (no calibration),0.6142857142857142,21,6
782,Random control,-0.009523809523809526,21,6
782,Per-language norm.,0.6142857142857142,21,6
782,Backbone-only norm.,0.10952380952380954,21,6
782,Z-score,0.1619047619047619,21,6
782,Quantile normalization,-0.11396789826585152,21,6
782,ComBat-EB,0.6142857142857142,21,6
782,Dawid-Skene EM,0.4026734942792506,21,6
782,Ensemble,0.07351282905357594,21,6
782,CBC,0.8142857142857143,21,6
782,CBC-Weighted,0.8142857142857143,21,6
782,Oracle (eval-task beta),0.9999999999999999,21,6
783,Raw (no calibration),0.6571428571428571,22,6
783,Random control,0.03809523809523809,22,6
783,Per-language norm.,0.6571428571428571,22,6
783,Backbone-only norm.,0.17142857142857143,22,6
783,Z-score,0.3857142857142857,22,6
783,Quantile normalization,-0.10584414582255706,22,6
783,ComBat-EB,0.6571428571428571,22,6
783,Dawid-Skene EM,0.7566060246227577,22,6
783,Ensemble,0.19160507199659121,22,6
783,CBC,0.8428571428571429,22,6
783,CBC-Weighted,0.8428571428571429,22,6
783,Oracle (eval-task beta),0.9999999999999999,22,6
784,Raw (no calibration),0.6285714285714287,20,6
784,Random control,-0.061904761904761914,20,6
784,Per-language norm.,0.6285714285714287,20,6
784,Backbone-only norm.,0.1619047619047619,20,6
784,Z-score,0.11904761904761907,20,6
784,Quantile normalization,-0.08176511461257051,20,6
784,ComBat-EB,0.5952380952380952,20,6
784,Dawid-Skene EM,0.7590243887083169,20,6
784,Ensemble,-0.00592891631616174,20,6
784,CBC,0.8047619047619047,20,6
784,CBC-Weighted,0.8047619047619047,20,6
784,Oracle (eval-task beta),0.9999999999999999,20,6
785,Raw (no calibration),0.6142857142857141,19,6
785,Random control,0.01428571428571428,19,6
785,Per-language norm.,0.6142857142857141,19,6
785,Backbone-only norm.,0.00952380952380953,19,6
785,Z-score,0.30476190476190473,19,6
785,Quantile normalization,-0.10517093208730977,19,6
785,ComBat-EB,0.6142857142857141,19,6
785,Dawid-Skene EM,0.1274903406906184,19,6
785,Ensemble,-0.026199275429058397,19,6
785,CBC,0.8761904761904761,19,6
785,CBC-Weighted,0.8761904761904761,19,6
785,Oracle (eval-task beta),0.9999999999999999,19,6
786,Raw (no calibration),0.680952380952381,21,6
786,Random control,-0.0857142857142857,21,6
786,Per-language norm.,0.680952380952381,21,6
786,Backbone-only norm.,0.19047619047619047,21,6
786,Z-score,0.1380952380952381,21,6
786,Quantile normalization,-0.09886597504779626,21,6
786,ComBat-EB,0.7142857142857143,21,6
786,Dawid-Skene EM,0.33994298198410694,21,6
786,Ensemble,0.042640145557493535,21,6
786,CBC,0.9666666666666666,21,6
786,CBC-Weighted,0.9666666666666666,21,6
786,Oracle (eval-task beta),0.9999999999999999,21,6
787,Raw (no calibration),0.6666666666666667,22,6
787,Random control,-0.009523809523809521,22,6
787,Per-language norm.,0.6666666666666667,22,6
787,Backbone-only norm.,0.1285714285714286,22,6
787,Z-score,0.557142857142857,22,6
787,Quantile normalization,-0.10448472150186748,22,6
787,ComBat-EB,0.6666666666666667,22,6
787,Dawid-Skene EM,0.12249166782475973,22,6
787,Ensemble,0.16679273850096651,22,6
787,CBC,0.9285714285714286,22,6
787,CBC-Weighted,0.9285714285714286,22,6
787,Oracle (eval-task beta),0.9999999999999999,22,6
788,Raw (no calibration),0.6571428571428571,24,6
788,Random control,-0.004761904761904751,24,6
788,Per-language norm.,0.6571428571428571,24,6
788,Backbone-only norm.,0.17142857142857143,24,6
788,Z-score,0.17619047619047618,24,6
788,Quantile normalization,-0.09360225500265076,24,6
788,ComBat-EB,0.6571428571428571,24,6
788,Dawid-Skene EM,0.7590243887083169,24,6
788,Ensemble,0.07602040816326529,24,6
788,CBC,0.8142857142857143,24,6
788,CBC-Weighted,0.8142857142857143,24,6
788,Oracle (eval-task beta),0.9999999999999999,24,6
789,Raw (no calibration),0.6523809523809524,21,6
789,Random control,-0.08095238095238096,21,6
789,Per-language norm.,0.6523809523809524,21,6
789,Backbone-only norm.,0.06190476190476189,21,6
789,Z-score,0.21428571428571427,21,6
789,Quantile normalization,-0.12291056214346616,21,6
789,ComBat-EB,0.6523809523809524,21,6
789,Dawid-Skene EM,0.20000000000000004,21,6
789,Ensemble,0.031385884594319916,21,6
789,CBC,0.9285714285714286,21,6
789,CBC-Weighted,0.9285714285714286,21,6
789,Oracle (eval-task beta),0.9999999999999999,21,6
790,Raw (no calibration),0.680952380952381,25,6
790,Random control,-0.04761904761904762,25,6
790,Per-language norm.,0.680952380952381,25,6
790,Backbone-only norm.,-1.9825411154020653e-17,25,6
790,Z-score,0.09999999999999999,25,6
790,Quantile normalization,-0.10894565634102857,25,6
790,ComBat-EB,0.680952380952381,25,6
790,Dawid-Skene EM,0.33994298198410694,25,6
790,Ensemble,-0.053369096669416256,25,6
790,CBC,0.895238095238095,25,6
790,CBC-Weighted,0.895238095238095,25,6
790,Oracle (eval-task beta),0.9999999999999999,25,6
791,Raw (no calibration),0.6571428571428571,18,6
791,Random control,0.02380952380952382,18,6
791,Per-language norm.,0.6571428571428571,18,6
791,Backbone-only norm.,0.08095238095238093,18,6
791,Z-score,0.09999999999999999,18,6
791,Quantile normalization,-0.10720597583371454,18,6
791,ComBat-EB,0.6571428571428571,18,6
791,Dawid-Skene EM,0.3800678080952247,18,6
791,Ensemble,0.04231467490070878,18,6
791,CBC,0.9999999999999999,18,6
791,CBC-Weighted,0.9999999999999999,18,6
791,Oracle (eval-task beta),0.9999999999999999,18,6
792,Raw (no calibration),0.6428571428571427,26,6
792,Random control,0.01428571428571429,26,6
792,Per-language norm.,0.6428571428571427,26,6
792,Backbone-only norm.,0.19523809523809524,26,6
792,Z-score,0.21428571428571425,26,6
792,Quantile normalization,-0.08706822482300461,26,6
792,ComBat-EB,0.6428571428571427,26,6
792,Dawid-Skene EM,0.5053841523948118,26,6
792,Ensemble,0.07021561304663142,26,6
792,CBC,0.9095238095238095,26,6
792,CBC-Weighted,0.9095238095238095,26,6
792,Oracle (eval-task beta),0.9999999999999999,26,6
793,Raw (no calibration),0.7,17,6
793,Random control,-0.01428571428571428,17,6
793,Per-language norm.,0.7,17,6
793,Backbone-only norm.,0.22857142857142856,17,6
793,Z-score,0.3,17,6
793,Quantile normalization,-0.09965264204825006,17,6
793,ComBat-EB,0.7,17,6
793,Dawid-Skene EM,0.7051230065339833,17,6
793,Ensemble,0.03263546274732538,17,6
793,CBC,0.9666666666666666,17,6
793,CBC-Weighted,0.9666666666666666,17,6
793,Oracle (eval-task beta),0.9999999999999999,17,6
794,Raw (no calibration),0.6523809523809524,19,6
794,Random control,-0.04761904761904762,19,6
794,Per-language norm.,0.6523809523809524,19,6
794,Backbone-only norm.,-0.04285714285714285,19,6
794,Z-score,0.028571428571428574,19,6
794,Quantile normalization,-0.08253726260446329,19,6
794,ComBat-EB,0.6523809523809524,19,6
794,Dawid-Skene EM,0.20000000000000004,19,6
794,Ensemble,-0.03264719506543499,19,6
794,CBC,0.9238095238095239,19,6
794,CBC-Weighted,0.9238095238095239,19,6
794,Oracle (eval-task beta),0.9999999999999999,19,6
795,Raw (no calibration),0.6666666666666667,20,6
795,Random control,0.014285714285714292,20,6
795,Per-language norm.,0.6666666666666667,20,6
795,Backbone-only norm.,0.07142857142857142,20,6
795,Z-score,0.2619047619047619,20,6
795,Quantile normalization,-0.10597792922834462,20,6
795,ComBat-EB,0.6666666666666667,20,6
795,Dawid-Skene EM,0.39999999999999997,20,6
795,Ensemble,0.06326014963981876,20,6
795,CBC,0.8714285714285713,20,6
795,CBC-Weighted,0.8714285714285713,20,6
795,Oracle (eval-task beta),0.9999999999999999,20,6
796,Raw (no calibration),0.7238095238095238,20,6
796,Random control,0.10952380952380951,20,6
796,Per-language norm.,0.7238095238095238,20,6
796,Backbone-only norm.,0.05238095238095238,20,6
796,Z-score,0.22380952380952382,20,6
796,Quantile normalization,-0.08712701867619331,20,6
796,ComBat-EB,0.7238095238095238,20,6
796,Dawid-Skene EM,1.0,20,6
796,Ensemble,-0.024841664290898728,20,6
796,CBC,0.9095238095238095,20,6
796,CBC-Weighted,0.9095238095238095,20,6
796,Oracle (eval-task beta),0.9999999999999999,20,6
797,Raw (no calibration),0.6571428571428571,17,6
797,Random control,0.019047619047619042,17,6
797,Per-language norm.,0.6571428571428571,17,6
797,Backbone-only norm.,-0.014285714285714287,17,6
797,Z-score,0.3095238095238096,17,6
797,Quantile normalization,-0.10941812060425905,17,6
797,ComBat-EB,0.6571428571428571,17,6
797,Dawid-Skene EM,0.9272445692856943,17,6
797,Ensemble,-0.06445578231292518,17,6
797,CBC,0.8142857142857143,17,6
797,CBC-Weighted,0.8142857142857143,17,6
797,Oracle (eval-task beta),0.9999999999999999,17,6
798,Raw (no calibration),0.680952380952381,19,6
798,Random control,0.047619047619047616,19,6
798,Per-language norm.,0.680952380952381,19,6
798,Backbone-only norm.,-0.06190476190476192,19,6
798,Z-score,0.09047619047619047,19,6
798,Quantile normalization,-0.11854215150501457,19,6
798,ComBat-EB,0.680952380952381,19,6
798,Dawid-Skene EM,1.0,19,6
798,Ensemble,-0.05374149451150695,19,6
798,CBC,0.9666666666666666,19,6
798,CBC-Weighted,0.9666666666666666,19,6
798,Oracle (eval-task beta),0.9999999999999999,19,6
799,Raw (no calibration),0.6857142857142857,19,6
799,Random control,-0.04285714285714285,19,6
799,Per-language norm.,0.6857142857142857,19,6
799,Backbone-only norm.,0.10476190476190476,19,6
799,Z-score,0.3619047619047619,19,6
799,Quantile normalization,-0.086479463268924,19,6
799,ComBat-EB,0.6857142857142857,19,6
799,Dawid-Skene EM,0.23491734855024854,19,6
799,Ensemble,0.10167428255636222,19,6
799,CBC,0.8714285714285713,19,6
799,CBC-Weighted,0.8714285714285713,19,6
799,Oracle (eval-task beta),0.9999999999999999,19,6
800,Raw (no calibration),0.6238095238095237,20,6
800,Random control,-0.004761904761904757,20,6
800,Per-language norm.,0.6238095238095237,20,6
800,Backbone-only norm.,0.05714285714285714,20,6
800,Z-score,0.09523809523809523,20,6
800,Quantile normalization,-0.09581803525329853,20,6
800,ComBat-EB,0.6238095238095237,20,6
800,Dawid-Skene EM,0.33994298198410694,20,6
800,Ensemble,0.031098984343372642,20,6
800,CBC,0.8380952380952381,20,6
800,CBC-Weighted,0.8380952380952381,20,6
800,Oracle (eval-task beta),0.9999999999999999,20,6
801,Raw (no calibration),0.6285714285714284,18,6
801,Random control,-0.03809523809523807,18,6
801,Per-language norm.,0.6285714285714284,18,6
801,Backbone-only norm.,-3.96508223080413e-18,18,6
801,Z-score,0.2571428571428571,18,6
801,Quantile normalization,-0.1052420401836451,18,6
801,ComBat-EB,0.6285714285714284,18,6
801,Dawid-Skene EM,1.0,18,6
801,Ensemble,-0.007309992090540616,18,6
801,CBC,0.9333333333333333,18,6
801,CBC-Weighted,0.9333333333333333,18,6
801,Oracle (eval-task beta),0.9999999999999999,18,6
802,Raw (no calibration),0.6285714285714287,22,6
802,Random control,0.06666666666666668,22,6
802,Per-language norm.,0.6285714285714287,22,6
802,Backbone-only norm.,0.1142857142857143,22,6
802,Z-score,0.11904761904761905,22,6
802,Quantile normalization,-0.08444894209331968,22,6
802,ComBat-EB,0.6285714285714287,22,6
802,Dawid-Skene EM,0.5358846823016835,22,6
802,Ensemble,0.0007259579806132546,22,6
802,CBC,0.8238095238095239,22,6
802,CBC-Weighted,0.8238095238095239,22,6
802,Oracle (eval-task beta),0.9999999999999999,22,6
803,Raw (no calibration),0.7047619047619047,20,6
803,Random control,0.004761904761904767,20,6
803,Per-language norm.,0.7047619047619047,20,6
803,Backbone-only norm.,0.10952380952380954,20,6
803,Z-score,0.4809523809523809,20,6
803,Quantile normalization,-0.09589363252698893,20,6
803,ComBat-EB,0.7047619047619047,20,6
803,Dawid-Skene EM,0.6039582022654726,20,6
803,Ensemble,-0.04023265636928982,20,6
803,CBC,0.9999999999999999,20,6
803,CBC-Weighted,0.9999999999999999,20,6
803,Oracle (eval-task beta),0.9999999999999999,20,6
804,Raw (no calibration),0.6285714285714284,18,6
804,Random control,-0.07619047619047617,18,6
804,Per-language norm.,0.6285714285714284,18,6
804,Backbone-only norm.,0.14285714285714285,18,6
804,Z-score,0.4714285714285714,18,6
804,Quantile normalization,-0.08972537412269967,18,6
804,ComBat-EB,0.6285714285714284,18,6
804,Dawid-Skene EM,-0.06659388758371565,18,6
804,Ensemble,-0.023809523809523805,18,6
804,CBC,0.9333333333333333,18,6
804,CBC-Weighted,0.9333333333333333,18,6
804,Oracle (eval-task beta),0.9999999999999999,18,6
805,Raw (no calibration),0.6428571428571429,22,6
805,Random control,-0.04285714285714286,22,6
805,Per-language norm.,0.6428571428571429,22,6
805,Backbone-only norm.,0.04761904761904762,22,6
805,Z-score,0.3523809523809523,22,6
805,Quantile normalization,-0.09948039304359928,22,6
805,ComBat-EB,0.6428571428571429,22,6
805,Dawid-Skene EM,0.0,22,6
805,Ensemble,0.06528852397181517,22,6
805,CBC,0.895238095238095,22,6
805,CBC-Weighted,0.895238095238095,22,6
805,Oracle (eval-task beta),0.9999999999999999,22,6
806,Raw (no calibration),0.6666666666666666,24,6
806,Random control,-0.03333333333333334,24,6
806,Per-language norm.,0.6666666666666666,24,6
806,Backbone-only norm.,0.06190476190476189,24,6
806,Z-score,0.15238095238095237,24,6
806,Quantile normalization,-0.09842702155132368,24,6
806,ComBat-EB,0.6523809523809524,24,6
806,Dawid-Skene EM,0.716630414212286,24,6
806,Ensemble,0.04949859515694955,24,6
806,CBC,0.8999999999999998,24,6
806,CBC-Weighted,0.8999999999999998,24,6
806,Oracle (eval-task beta),0.9999999999999999,24,6
807,Raw (no calibration),0.6428571428571429,18,6
807,Random control,-0.033333333333333326,18,6
807,Per-language norm.,0.6428571428571429,18,6
807,Backbone-only norm.,-0.08095238095238096,18,6
807,Z-score,0.34761904761904755,18,6
807,Quantile normalization,-0.1166641744780865,18,6
807,ComBat-EB,0.6428571428571429,18,6
807,Dawid-Skene EM,0.9272445692856943,18,6
807,Ensemble,-0.03195519063848185,18,6
807,CBC,0.9333333333333332,18,6
807,CBC-Weighted,0.9333333333333332,18,6
807,Oracle (eval-task beta),0.9999999999999999,18,6
808,Raw (no calibration),0.6285714285714287,21,6
808,Random control,-0.0619047619047619,21,6
808,Per-language norm.,0.6285714285714287,21,6
808,Backbone-only norm.,-0.03333333333333333,21,6
808,Z-score,-1.982541115402065e-18,21,6
808,Quantile normalization,-0.09089210072090334,21,6
808,ComBat-EB,0.6285714285714287,21,6
808,Dawid-Skene EM,0.4370395817310141,21,6
808,Ensemble,-0.05307570492262055,21,6
808,CBC,0.8999999999999998,21,6
808,CBC-Weighted,0.8999999999999998,21,6
808,Oracle (eval-task beta),0.9999999999999999,21,6
809,Raw (no calibration),0.6571428571428571,22,6
809,Random control,-0.07142857142857138,22,6
809,Per-language norm.,0.6571428571428571,22,6
809,Backbone-only norm.,0.10476190476190476,22,6
809,Z-score,0.46190476190476176,22,6
809,Quantile normalization,-0.11346561068072691,22,6
809,ComBat-EB,0.6571428571428571,22,6
809,Dawid-Skene EM,0.9272445692856943,22,6
809,Ensemble,0.1191736908819189,22,6
809,CBC,0.8999999999999998,22,6
809,CBC-Weighted,0.8999999999999998,22,6
809,Oracle (eval-task beta),0.9999999999999999,22,6
810,Raw (no calibration),0.6666666666666667,23,6
810,Random control,-0.03809523809523809,23,6
810,Per-language norm.,0.6666666666666667,23,6
810,Backbone-only norm.,0.01904761904761906,23,6
810,Z-score,0.08095238095238096,23,6
810,Quantile normalization,-0.11050277271611171,23,6
810,ComBat-EB,0.6666666666666667,23,6
810,Dawid-Skene EM,0.017044986823076827,23,6
810,Ensemble,0.007139924063329736,23,6
810,CBC,0.9238095238095239,23,6
810,CBC-Weighted,0.9238095238095239,23,6
810,Oracle (eval-task beta),0.9999999999999999,23,6
811,Raw (no calibration),0.6571428571428571,24,6
811,Random control,-0.02380952380952381,24,6
811,Per-language norm.,0.6571428571428571,24,6
811,Backbone-only norm.,0.09047619047619047,24,6
811,Z-score,0.29047619047619044,24,6
811,Quantile normalization,-0.10157776972080719,24,6
811,ComBat-EB,0.6571428571428571,24,6
811,Dawid-Skene EM,0.35054681598504683,24,6
811,Ensemble,0.02669188103352663,24,6
811,CBC,0.9666666666666666,24,6
811,CBC-Weighted,0.9666666666666666,24,6
811,Oracle (eval-task beta),0.9999999999999999,24,6
812,Raw (no calibration),0.6428571428571429,20,6
812,Random control,0.23809523809523805,20,6
812,Per-language norm.,0.6428571428571429,20,6
812,Backbone-only norm.,0.033333333333333326,20,6
812,Z-score,0.05714285714285714,20,6
812,Quantile normalization,-0.11194732635151405,20,6
812,ComBat-EB,0.6428571428571429,20,6
812,Dawid-Skene EM,0.20000000000000004,20,6
812,Ensemble,0.0032166271193697993,20,6
812,CBC,0.8952380952380953,20,6
812,CBC-Weighted,0.8952380952380953,20,6
812,Oracle (eval-task beta),0.9999999999999999,20,6
813,Raw (no calibration),0.6428571428571429,21,6
813,Random control,-0.03333333333333334,21,6
813,Per-language norm.,0.6428571428571429,21,6
813,Backbone-only norm.,-0.038095238095238106,21,6
813,Z-score,0.119047619047619,21,6
813,Quantile normalization,-0.10606389246150008,21,6
813,ComBat-EB,0.6428571428571429,21,6
813,Dawid-Skene EM,0.9272445692856943,21,6
813,Ensemble,-0.042505274484611485,21,6
813,CBC,0.9428571428571428,21,6
813,CBC-Weighted,0.9428571428571428,21,6
813,Oracle (eval-task beta),0.9999999999999999,21,6
814,Raw (no calibration),0.6142857142857141,20,6
814,Random control,0.052380952380952396,20,6
814,Per-language norm.,0.6142857142857141,20,6
814,Backbone-only norm.,0.09523809523809522,20,6
814,Z-score,0.13809523809523808,20,6
814,Quantile normalization,-0.09836034565870755,20,6
814,ComBat-EB,0.6142857142857141,20,6
814,Dawid-Skene EM,0.20528771892061887,20,6
814,Ensemble,0.06815621579818101,20,6
814,CBC,0.8285714285714285,20,6
814,CBC-Weighted,0.8285714285714285,20,6
814,Oracle (eval-task beta),0.9999999999999999,20,6
815,Raw (no calibration),0.6904761904761905,16,6
815,Random control,-0.05714285714285713,16,6
815,Per-language norm.,0.6904761904761905,16,6
815,Backbone-only norm.,0.057142857142857155,16,6
815,Z-score,0.09999999999999999,16,6
815,Quantile normalization,-0.10396870806318327,16,6
815,ComBat-EB,0.6904761904761905,16,6
815,Dawid-Skene EM,0.15846055842145712,16,6
815,Ensemble,0.022598516062355817,16,6
815,CBC,0.8999999999999998,16,6
815,CBC-Weighted,0.8999999999999998,16,6
815,Oracle (eval-task beta),0.9999999999999999,16,6
816,Raw (no calibration),0.6666666666666666,23,6
816,Random control,-0.028571428571428577,23,6
816,Per-language norm.,0.6666666666666666,23,6
816,Backbone-only norm.,-7.93016446160826e-18,23,6
816,Z-score,0.22380952380952376,23,6
816,Quantile normalization,-0.097815252417928,23,6
816,ComBat-EB,0.6666666666666666,23,6
816,Dawid-Skene EM,0.8628679329364746,23,6
816,Ensemble,-0.06578992881486562,23,6
816,CBC,0.9999999999999999,23,6
816,CBC-Weighted,0.9999999999999999,23,6
816,Oracle (eval-task beta),0.9999999999999999,23,6
817,Raw (no calibration),0.6571428571428571,19,6
817,Random control,-0.04285714285714285,19,6
817,Per-language norm.,0.6571428571428571,19,6
817,Backbone-only norm.,0.06666666666666667,19,6
817,Z-score,0.16666666666666666,19,6
817,Quantile normalization,-0.08202382975930782,19,6
817,ComBat-EB,0.6571428571428571,19,6
817,Dawid-Skene EM,0.7590243887083169,19,6
817,Ensemble,0.09864825502089514,19,6
817,CBC,0.9428571428571428,19,6
817,CBC-Weighted,0.9428571428571428,19,6
817,Oracle (eval-task beta),0.9999999999999999,19,6
818,Raw (no calibration),0.6285714285714287,19,6
818,Random control,-0.014285714285714289,19,6
818,Per-language norm.,0.6285714285714287,19,6
818,Backbone-only norm.,-0.019047619047619056,19,6
818,Z-score,0.3428571428571428,19,6
818,Quantile normalization,-0.10314069554388283,19,6
818,ComBat-EB,0.6285714285714287,19,6
818,Dawid-Skene EM,1.0,19,6
818,Ensemble,0.055430444552638694,19,6
818,CBC,0.9999999999999999,19,6
818,CBC-Weighted,0.9999999999999999,19,6
818,Oracle (eval-task beta),0.9999999999999999,19,6
819,Raw (no calibration),0.680952380952381,20,6
819,Random control,-0.019047619047619042,20,6
819,Per-language norm.,0.680952380952381,20,6
819,Backbone-only norm.,0.13333333333333336,20,6
819,Z-score,0.13809523809523808,20,6
819,Quantile normalization,-0.10573693574982278,20,6
819,ComBat-EB,0.680952380952381,20,6
819,Dawid-Skene EM,0.1274903406906184,20,6
819,Ensemble,0.037108887230749746,20,6
819,CBC,0.9666666666666666,20,6
819,CBC-Weighted,0.9666666666666666,20,6
819,Oracle (eval-task beta),0.9999999999999999,20,6
820,Raw (no calibration),0.619047619047619,20,6
820,Random control,-0.05714285714285715,20,6
820,Per-language norm.,0.619047619047619,20,6
820,Backbone-only norm.,0.023809523809523805,20,6
820,Z-score,0.4238095238095237,20,6
820,Quantile normalization,-0.0837670679054257,20,6
820,ComBat-EB,0.619047619047619,20,6
820,Dawid-Skene EM,0.5836359560984724,20,6
820,Ensemble,0.07785302642872882,20,6
820,CBC,0.8571428571428571,20,6
820,CBC-Weighted,0.8571428571428571,20,6
820,Oracle (eval-task beta),0.9999999999999999,20,6
821,Raw (no calibration),0.680952380952381,20,6
821,Random control,-0.10000000000000002,20,6
821,Per-language norm.,0.680952380952381,20,6
821,Backbone-only norm.,0.07619047619047618,20,6
821,Z-score,0.2571428571428571,20,6
821,Quantile normalization,-0.07797496334102957,20,6
821,ComBat-EB,0.680952380952381,20,6
821,Dawid-Skene EM,0.5836359560984724,20,6
821,Ensemble,-0.05475017244379516,20,6
821,CBC,0.9428571428571428,20,6
821,CBC-Weighted,0.9428571428571428,20,6
821,Oracle (eval-task beta),0.9999999999999999,20,6
822,Raw (no calibration),0.6285714285714287,22,6
822,Random control,0.09047619047619049,22,6
822,Per-language norm.,0.6285714285714287,22,6
822,Backbone-only norm.,0.1904761904761905,22,6
822,Z-score,0.5428571428571428,22,6
822,Quantile normalization,-0.08434270740979014,22,6
822,ComBat-EB,0.6428571428571429,22,6
822,Dawid-Skene EM,1.0,22,6
822,Ensemble,0.04883005536621561,22,6
822,CBC,0.8571428571428571,22,6
822,CBC-Weighted,0.8571428571428571,22,6
822,Oracle (eval-task beta),0.9999999999999999,22,6
823,Raw (no calibration),0.6904761904761905,20,6
823,Random control,0.07142857142857141,20,6
823,Per-language norm.,0.6904761904761905,20,6
823,Backbone-only norm.,0.07142857142857141,20,6
823,Z-score,0.34285714285714286,20,6
823,Quantile normalization,-0.08355950571905268,20,6
823,ComBat-EB,0.6904761904761905,20,6
823,Dawid-Skene EM,0.08191865017382637,20,6
823,Ensemble,0.025856206295109214,20,6
823,CBC,0.9095238095238096,20,6
823,CBC-Weighted,0.9095238095238096,20,6
823,Oracle (eval-task beta),0.9999999999999999,20,6
824,Raw (no calibration),0.6619047619047619,21,6
824,Random control,-0.10952380952380955,21,6
824,Per-language norm.,0.6619047619047619,21,6
824,Backbone-only norm.,0.2714285714285714,21,6
824,Z-score,0.3476190476190476,21,6
824,Quantile normalization,-0.07395487696560459,21,6
824,ComBat-EB,0.6619047619047619,21,6
824,Dawid-Skene EM,0.0,21,6
824,Ensemble,0.027876491064948012,21,6
824,CBC,0.8333333333333333,21,6
824,CBC-Weighted,0.8333333333333333,21,6
824,Oracle (eval-task beta),0.9999999999999999,21,6
825,Raw (no calibration),0.6428571428571429,14,6
825,Random control,0.019047619047619053,14,6
825,Per-language norm.,0.6428571428571429,14,6
825,Backbone-only norm.,0.26666666666666666,14,6
825,Z-score,0.4523809523809524,14,6
825,Quantile normalization,-0.09297441932972805,14,6
825,ComBat-EB,0.6428571428571429,14,6
825,Dawid-Skene EM,0.6857033858524727,14,6
825,Ensemble,0.198744996059921,14,6
825,CBC,0.8857142857142856,14,6
825,CBC-Weighted,0.8857142857142856,14,6
825,Oracle (eval-task beta),0.9999999999999999,14,6
826,Raw (no calibration),0.6285714285714287,23,6
826,Random control,-0.028571428571428564,23,6
826,Per-language norm.,0.6285714285714287,23,6
826,Backbone-only norm.,-0.05714285714285713,23,6
826,Z-score,0.07142857142857142,23,6
826,Quantile normalization,-0.103843669489786,23,6
826,ComBat-EB,0.6285714285714287,23,6
826,Dawid-Skene EM,0.20000000000000004,23,6
826,Ensemble,-0.011236222114027966,23,6
826,CBC,0.9238095238095239,23,6
826,CBC-Weighted,0.9238095238095239,23,6
826,Oracle (eval-task beta),0.9999999999999999,23,6
827,Raw (no calibration),0.6285714285714287,21,6
827,Random control,0.09047619047619049,21,6
827,Per-language norm.,0.6285714285714287,21,6
827,Backbone-only norm.,-0.07619047619047617,21,6
827,Z-score,0.10952380952380951,21,6
827,Quantile normalization,-0.10211878427370805,21,6
827,ComBat-EB,0.6285714285714287,21,6
827,Dawid-Skene EM,1.0,21,6
827,Ensemble,-0.05490850815289643,21,6
827,CBC,0.8952380952380953,21,6
827,CBC-Weighted,0.8952380952380953,21,6
827,Oracle (eval-task beta),0.9999999999999999,21,6
828,Raw (no calibration),0.6904761904761905,19,6
828,Random control,-0.02857142857142858,19,6
828,Per-language norm.,0.6904761904761905,19,6
828,Backbone-only norm.,-0.03333333333333334,19,6
828,Z-score,0.2476190476190476,19,6
828,Quantile normalization,-0.09487802205460082,19,6
828,ComBat-EB,0.6666666666666666,19,6
828,Dawid-Skene EM,-0.05591870181968868,19,6
828,Ensemble,-0.030084442339162125,19,6
828,CBC,0.9999999999999999,19,6
828,CBC-Weighted,0.9999999999999999,19,6
828,Oracle (eval-task beta),0.9999999999999999,19,6
829,Raw (no calibration),0.6285714285714287,23,6
829,Random control,-0.09523809523809525,23,6
829,Per-language norm.,0.6285714285714287,23,6
829,Backbone-only norm.,0.1238095238095238,23,6
829,Z-score,0.4142857142857142,23,6
829,Quantile normalization,-0.1049224095238774,23,6
829,ComBat-EB,0.6285714285714287,23,6
829,Dawid-Skene EM,0.0,23,6
829,Ensemble,0.09642270526951664,23,6
829,CBC,0.8714285714285713,23,6
829,CBC-Weighted,0.8714285714285713,23,6
829,Oracle (eval-task beta),0.9999999999999999,23,6
830,Raw (no calibration),0.680952380952381,19,6
830,Random control,-0.10952380952380951,19,6
830,Per-language norm.,0.680952380952381,19,6
830,Backbone-only norm.,0.07619047619047618,19,6
830,Z-score,0.45238095238095244,19,6
830,Quantile normalization,-0.07741908747186117,19,6
830,ComBat-EB,0.680952380952381,19,6
830,Dawid-Skene EM,1.0,19,6
830,Ensemble,0.0899219902016468,19,6
830,CBC,0.9666666666666666,19,6
830,CBC-Weighted,0.9666666666666666,19,6
830,Oracle (eval-task beta),0.9999999999999999,19,6
831,Raw (no calibration),0.7047619047619047,21,6
831,Random control,0.12857142857142856,21,6
831,Per-language norm.,0.7047619047619047,21,6
831,Backbone-only norm.,0.05238095238095237,21,6
831,Z-score,0.461904761904762,21,6
831,Quantile normalization,-0.11779491053291455,21,6
831,ComBat-EB,0.7047619047619047,21,6
831,Dawid-Skene EM,-0.06238289657744634,21,6
831,Ensemble,-0.024982401522835592,21,6
831,CBC,0.9285714285714286,21,6
831,CBC-Weighted,0.9285714285714286,21,6
831,Oracle (eval-task beta),0.9999999999999999,21,6
832,Raw (no calibration),0.6428571428571429,22,6
832,Random control,-0.05238095238095238,22,6
832,Per-language norm.,0.6428571428571429,22,6
832,Backbone-only norm.,-0.019047619047619053,22,6
832,Z-score,-0.004761904761904759,22,6
832,Quantile normalization,-0.11176624134854443,22,6
832,ComBat-EB,0.6428571428571429,22,6
832,Dawid-Skene EM,0.39999999999999997,22,6
832,Ensemble,-0.03095238095238096,22,6
832,CBC,0.8714285714285713,22,6
832,CBC-Weighted,0.8714285714285713,22,6
832,Oracle (eval-task beta),0.9999999999999999,22,6
833,Raw (no calibration),0.6666666666666666,19,6
833,Random control,0.06190476190476191,19,6
833,Per-language norm.,0.6666666666666666,19,6
833,Backbone-only norm.,0.08571428571428572,19,6
833,Z-score,0.11904761904761904,19,6
833,Quantile normalization,-0.10918763635512699,19,6
833,ComBat-EB,0.6666666666666666,19,6
833,Dawid-Skene EM,0.21302258260369342,19,6
833,Ensemble,0.004761904761904757,19,6
833,CBC,0.9285714285714286,19,6
833,CBC-Weighted,0.9285714285714286,19,6
833,Oracle (eval-task beta),0.9999999999999999,19,6
834,Raw (no calibration),0.6428571428571429,14,6
834,Random control,-0.04761904761904761,14,6
834,Per-language norm.,0.6428571428571429,14,6
834,Backbone-only norm.,0.32857142857142846,14,6
834,Z-score,0.2714285714285714,14,6
834,Quantile normalization,-0.0821645831484096,14,6
834,ComBat-EB,0.6571428571428571,14,6
834,Dawid-Skene EM,0.7566060246227577,14,6
834,Ensemble,-0.039948387917393406,14,6
834,CBC,0.8619047619047618,14,6
834,CBC-Weighted,0.8619047619047618,14,6
834,Oracle (eval-task beta),0.9999999999999999,14,6
835,Raw (no calibration),0.6428571428571429,21,6
835,Random control,-0.03333333333333334,21,6
835,Per-language norm.,0.6428571428571429,21,6
835,Backbone-only norm.,0.07619047619047623,21,6
835,Z-score,0.43333333333333324,21,6
835,Quantile normalization,-0.09695863528807613,21,6
835,ComBat-EB,0.6428571428571429,21,6
835,Dawid-Skene EM,1.0,21,6
835,Ensemble,0.017329340298345798,21,6
835,CBC,0.9333333333333333,21,6
835,CBC-Weighted,0.9333333333333333,21,6
835,Oracle (eval-task beta),0.9999999999999999,21,6
836,Raw (no calibration),0.6666666666666666,19,6
836,Random control,0.09999999999999999,19,6
836,Per-language norm.,0.6666666666666666,19,6
836,Backbone-only norm.,0.12380952380952381,19,6
836,Z-score,0.21904761904761907,19,6
836,Quantile normalization,-0.09577349258261404,19,6
836,ComBat-EB,0.6666666666666666,19,6
836,Dawid-Skene EM,0.4079571364593186,19,6
836,Ensemble,0.052910754602803436,19,6
836,CBC,0.9428571428571428,19,6
836,CBC-Weighted,0.9428571428571428,19,6
836,Oracle (eval-task beta),0.9999999999999999,19,6
837,Raw (no calibration),0.6142857142857141,20,6
837,Random control,-0.07142857142857142,20,6
837,Per-language norm.,0.6142857142857141,20,6
837,Backbone-only norm.,0.12380952380952381,20,6
837,Z-score,0.2857142857142857,20,6
837,Quantile normalization,-0.08645109928137555,20,6
837,ComBat-EB,0.6142857142857141,20,6
837,Dawid-Skene EM,0.503968253968254,20,6
837,Ensemble,0.046575174819563095,20,6
837,CBC,0.8380952380952381,20,6
837,CBC-Weighted,0.8380952380952381,20,6
837,Oracle (eval-task beta),0.9999999999999999,20,6
838,Raw (no calibration),0.6571428571428571,23,6
838,Random control,-0.05714285714285713,23,6
838,Per-language norm.,0.6571428571428571,23,6
838,Backbone-only norm.,-0.009523809523809526,23,6
838,Z-score,0.1380952380952381,23,6
838,Quantile normalization,-0.10220161981988804,23,6
838,ComBat-EB,0.6571428571428571,23,6
838,Dawid-Skene EM,0.48501953317261753,23,6
838,Ensemble,-0.0029087549397494544,23,6
838,CBC,0.9666666666666666,23,6
838,CBC-Weighted,0.9666666666666666,23,6
838,Oracle (eval-task beta),0.9999999999999999,23,6
839,Raw (no calibration),0.6428571428571429,21,6
839,Random control,-0.05238095238095238,21,6
839,Per-language norm.,0.6428571428571429,21,6
839,Backbone-only norm.,0.09999999999999999,21,6
839,Z-score,0.052380952380952375,21,6
839,Quantile normalization,-0.10051064944865641,21,6
839,ComBat-EB,0.6428571428571429,21,6
839,Dawid-Skene EM,0.28369760344246286,21,6
839,Ensemble,-0.027026150928893607,21,6
839,CBC,0.9095238095238096,21,6
839,CBC-Weighted,0.9095238095238096,21,6
839,Oracle (eval-task beta),0.9999999999999999,21,6
840,Raw (no calibration),0.6666666666666666,20,6
840,Random control,-0.047619047619047616,20,6
840,Per-language norm.,0.6666666666666666,20,6
840,Backbone-only norm.,-0.06666666666666665,20,6
840,Z-score,0.3857142857142857,20,6
840,Quantile normalization,-0.0765163381644109,20,6
840,ComBat-EB,0.6333333333333334,20,6
840,Dawid-Skene EM,0.6738043365125019,20,6
840,Ensemble,-0.0738153899685786,20,6
840,CBC,0.9095238095238095,20,6
840,CBC-Weighted,0.9095238095238095,20,6
840,Oracle (eval-task beta),0.9999999999999999,20,6
841,Raw (no calibration),0.6428571428571429,22,6
841,Random control,-0.09047619047619047,22,6
841,Per-language norm.,0.6428571428571429,22,6
841,Backbone-only norm.,0.04285714285714285,22,6
841,Z-score,0.09047619047619047,22,6
841,Quantile normalization,-0.10364773195107395,22,6
841,ComBat-EB,0.6571428571428571,22,6
841,Dawid-Skene EM,0.6150970800281369,22,6
841,Ensemble,-0.07583567473841742,22,6
841,CBC,0.9666666666666666,22,6
841,CBC-Weighted,0.9666666666666666,22,6
841,Oracle (eval-task beta),0.9999999999999999,22,6
842,Raw (no calibration),0.680952380952381,20,6
842,Random control,0.1,20,6
842,Per-language norm.,0.680952380952381,20,6
842,Backbone-only norm.,-0.038095238095238106,20,6
842,Z-score,-0.06666666666666665,20,6
842,Quantile normalization,-0.06601735537876821,20,6
842,ComBat-EB,0.680952380952381,20,6
842,Dawid-Skene EM,0.52,20,6
842,Ensemble,-0.0998123334956247,20,6
842,CBC,0.9428571428571428,20,6
842,CBC-Weighted,0.9428571428571428,20,6
842,Oracle (eval-task beta),0.9999999999999999,20,6
843,Raw (no calibration),0.6428571428571429,16,6
843,Random control,-0.023809523809523815,16,6
843,Per-language norm.,0.6428571428571429,16,6
843,Backbone-only norm.,0.32857142857142857,16,6
843,Z-score,0.2952380952380952,16,6
843,Quantile normalization,-0.10725269927770818,16,6
843,ComBat-EB,0.6428571428571429,16,6
843,Dawid-Skene EM,0.4222095290645062,16,6
843,Ensemble,0.14114473026692437,16,6
843,CBC,0.7999999999999999,16,6
843,CBC-Weighted,0.7999999999999999,16,6
843,Oracle (eval-task beta),0.9999999999999999,16,6
844,Raw (no calibration),0.680952380952381,21,6
844,Random control,-0.08095238095238096,21,6
844,Per-language norm.,0.680952380952381,21,6
844,Backbone-only norm.,0.03809523809523809,21,6
844,Z-score,0.1857142857142857,21,6
844,Quantile normalization,-0.08923878501327585,21,6
844,ComBat-EB,0.680952380952381,21,6
844,Dawid-Skene EM,0.6396724879797583,21,6
844,Ensemble,0.03178805569079836,21,6
844,CBC,0.9238095238095239,21,6
844,CBC-Weighted,0.9238095238095239,21,6
844,Oracle (eval-task beta),0.9999999999999999,21,6
845,Raw (no calibration),0.6428571428571429,23,6
845,Random control,0.01428571428571428,23,6
845,Per-language norm.,0.6428571428571429,23,6
845,Backbone-only norm.,0.05238095238095238,23,6
845,Z-score,0.2523809523809524,23,6
845,Quantile normalization,-0.10843407388363806,23,6
845,ComBat-EB,0.6428571428571429,23,6
845,Dawid-Skene EM,0.48501953317261753,23,6
845,Ensemble,-0.021573175156509087,23,6
845,CBC,0.9428571428571428,23,6
845,CBC-Weighted,0.9428571428571428,23,6
845,Oracle (eval-task beta),0.9999999999999999,23,6
846,Raw (no calibration),0.6523809523809524,18,6
846,Random control,0.052380952380952375,18,6
846,Per-language norm.,0.6523809523809524,18,6
846,Backbone-only norm.,0.14285714285714285,18,6
846,Z-score,0.2095238095238095,18,6
846,Quantile normalization,-0.08669554101549483,18,6
846,ComBat-EB,0.6523809523809524,18,6
846,Dawid-Skene EM,0.4568885861609073,18,6
846,Ensemble,0.04589783579024696,18,6
846,CBC,0.7999999999999999,18,6
846,CBC-Weighted,0.7999999999999999,18,6
846,Oracle (eval-task beta),0.9999999999999999,18,6
847,Raw (no calibration),0.6238095238095239,17,6
847,Random control,0.009523809523809528,17,6
847,Per-language norm.,0.6238095238095239,17,6
847,Backbone-only norm.,0.019047619047619053,17,6
847,Z-score,0.42857142857142855,17,6
847,Quantile normalization,-0.08138024961699396,17,6
847,ComBat-EB,0.6238095238095239,17,6
847,Dawid-Skene EM,0.48501953317261753,17,6
847,Ensemble,0.0238872393803836,17,6
847,CBC,0.9666666666666666,17,6
847,CBC-Weighted,0.9666666666666666,17,6
847,Oracle (eval-task beta),0.9999999999999999,17,6
848,Raw (no calibration),0.6666666666666666,16,6
848,Random control,-0.047619047619047616,16,6
848,Per-language norm.,0.6666666666666666,16,6
848,Backbone-only norm.,3.96508223080413e-18,16,6
848,Z-score,0.18571428571428567,16,6
848,Quantile normalization,-0.11762512483857157,16,6
848,ComBat-EB,0.6666666666666666,16,6
848,Dawid-Skene EM,0.15846055842145712,16,6
848,Ensemble,-0.002508901483861572,16,6
848,CBC,0.9285714285714286,16,6
848,CBC-Weighted,0.9285714285714286,16,6
848,Oracle (eval-task beta),0.9999999999999999,16,6
849,Raw (no calibration),0.6285714285714284,20,6
849,Random control,0.2095238095238095,20,6
849,Per-language norm.,0.6285714285714284,20,6
849,Backbone-only norm.,0.019047619047619053,20,6
849,Z-score,-0.09999999999999998,20,6
849,Quantile normalization,-0.10967724024632196,20,6
849,ComBat-EB,0.6285714285714284,20,6
849,Dawid-Skene EM,0.7590243887083169,20,6
849,Ensemble,-0.08093771555474394,20,6
849,CBC,0.9095238095238096,20,6
849,CBC-Weighted,0.9095238095238096,20,6
849,Oracle (eval-task beta),0.9999999999999999,20,6
850,Raw (no calibration),0.6571428571428571,22,6
850,Random control,0.10476190476190475,22,6
850,Per-language norm.,0.6571428571428571,22,6
850,Backbone-only norm.,-0.038095238095238085,22,6
850,Z-score,-0.00952380952380952,22,6
850,Quantile normalization,-0.08152535265511855,22,6
850,ComBat-EB,0.6571428571428571,22,6
850,Dawid-Skene EM,0.44341932440794557,22,6
850,Ensemble,-0.04507096029041176,22,6
850,CBC,0.8047619047619048,22,6
850,CBC-Weighted,0.8047619047619048,22,6
850,Oracle (eval-task beta),0.9999999999999999,22,6
851,Raw (no calibration),0.6142857142857141,21,6
851,Random control,-0.014285714285714289,21,6
851,Per-language norm.,0.6142857142857141,21,6
851,Backbone-only norm.,-0.03809523809523809,21,6
851,Z-score,0.2857142857142857,21,6
851,Quantile normalization,-0.07956352718298175,21,6
851,ComBat-EB,0.6142857142857141,21,6
851,Dawid-Skene EM,0.18835650198940201,21,6
851,Ensemble,0.010362417341754342,21,6
851,CBC,0.838095238095238,21,6
851,CBC-Weighted,0.838095238095238,21,6
851,Oracle (eval-task beta),0.9999999999999999,21,6
852,Raw (no calibration),0.6571428571428571,17,6
852,Random control,-0.02857142857142858,17,6
852,Per-language norm.,0.6571428571428571,17,6
852,Backbone-only norm.,-0.0857142857142857,17,6
852,Z-score,-0.07142857142857142,17,6
852,Quantile normalization,-0.10138578825566187,17,6
852,ComBat-EB,0.6571428571428571,17,6
852,Dawid-Skene EM,0.52,17,6
852,Ensemble,-0.08775216896128891,17,6
852,CBC,0.9666666666666666,17,6
852,CBC-Weighted,0.9666666666666666,17,6
852,Oracle (eval-task beta),0.9999999999999999,17,6
853,Raw (no calibration),0.6666666666666666,18,6
853,Random control,-0.02380952380952381,18,6
853,Per-language norm.,0.6666666666666666,18,6
853,Backbone-only norm.,-0.038095238095238106,18,6
853,Z-score,0.40952380952380946,18,6
853,Quantile normalization,-0.0984708544939578,18,6
853,ComBat-EB,0.6666666666666666,18,6
853,Dawid-Skene EM,0.6022292508680184,18,6
853,Ensemble,-0.006641452299806692,18,6
853,CBC,0.9095238095238095,18,6
853,CBC-Weighted,0.9095238095238095,18,6
853,Oracle (eval-task beta),0.9999999999999999,18,6
854,Raw (no calibration),0.6428571428571429,18,6
854,Random control,-3.96508223080413e-18,18,6
854,Per-language norm.,0.6428571428571429,18,6
854,Backbone-only norm.,0.01904761904761906,18,6
854,Z-score,0.43809523809523804,18,6
854,Quantile normalization,-0.09524852637253521,18,6
854,ComBat-EB,0.6428571428571429,18,6
854,Dawid-Skene EM,0.2375966836152159,18,6
854,Ensemble,0.014098047781338987,18,6
854,CBC,0.9285714285714286,18,6
854,CBC-Weighted,0.9285714285714286,18,6
854,Oracle (eval-task beta),0.9999999999999999,18,6
855,Raw (no calibration),0.6428571428571429,18,6
855,Random control,-0.052380952380952375,18,6
855,Per-language norm.,0.6428571428571429,18,6
855,Backbone-only norm.,-0.07619047619047618,18,6
855,Z-score,0.09999999999999999,18,6
855,Quantile normalization,-0.09851833501928763,18,6
855,ComBat-EB,0.6095238095238095,18,6
855,Dawid-Skene EM,0.6150970800281369,18,6
855,Ensemble,-0.06589253601294627,18,6
855,CBC,0.8619047619047618,18,6
855,CBC-Weighted,0.8619047619047618,18,6
855,Oracle (eval-task beta),0.9999999999999999,18,6
856,Raw (no calibration),0.7047619047619047,21,6
856,Random control,-0.07619047619047617,21,6
856,Per-language norm.,0.7047619047619047,21,6
856,Backbone-only norm.,0.09999999999999999,21,6
856,Z-score,0.38095238095238093,21,6
856,Quantile normalization,-0.11371400225965103,21,6
856,ComBat-EB,0.7047619047619047,21,6
856,Dawid-Skene EM,0.05721864839590885,21,6
856,Ensemble,0.07767122608340829,21,6
856,CBC,0.9666666666666666,21,6
856,CBC-Weighted,0.9666666666666666,21,6
856,Oracle (eval-task beta),0.9999999999999999,21,6
857,Raw (no calibration),0.6142857142857144,18,6
857,Random control,-0.07619047619047618,18,6
857,Per-language norm.,0.6142857142857144,18,6
857,Backbone-only norm.,0.038095238095238085,18,6
857,Z-score,-0.004761904761904771,18,6
857,Quantile normalization,-0.09298141211502686,18,6
857,ComBat-EB,0.6142857142857144,18,6
857,Dawid-Skene EM,0.5232898809704272,18,6
857,Ensemble,-0.07435255821708468,18,6
857,CBC,0.8666666666666666,18,6
857,CBC-Weighted,0.8666666666666666,18,6
857,Oracle (eval-task beta),0.9999999999999999,18,6
858,Raw (no calibration),0.6571428571428571,18,6
858,Random control,-0.019047619047619053,18,6
858,Per-language norm.,0.6571428571428571,18,6
858,Backbone-only norm.,-0.042857142857142864,18,6
858,Z-score,0.2857142857142857,18,6
858,Quantile normalization,-0.08057519943859434,18,6
858,ComBat-EB,0.6571428571428571,18,6
858,Dawid-Skene EM,0.6039582022654726,18,6
858,Ensemble,-0.029534106828675515,18,6
858,CBC,0.9999999999999999,18,6
858,CBC-Weighted,0.9999999999999999,18,6
858,Oracle (eval-task beta),0.9999999999999999,18,6
859,Raw (no calibration),0.6095238095238094,22,6
859,Random control,-0.08095238095238096,22,6
859,Per-language norm.,0.6095238095238094,22,6
859,Backbone-only norm.,0.2,22,6
859,Z-score,0.457142857142857,22,6
859,Quantile normalization,-0.07365935636553642,22,6
859,ComBat-EB,0.6095238095238094,22,6
859,Dawid-Skene EM,0.4404761904761904,22,6
859,Ensemble,0.18157985762973122,22,6
859,CBC,0.8571428571428571,22,6
859,CBC-Weighted,0.8571428571428571,22,6
859,Oracle (eval-task beta),0.9999999999999999,22,6
860,Raw (no calibration),0.6523809523809524,18,6
860,Random control,0.019047619047619042,18,6
860,Per-language norm.,0.6523809523809524,18,6
860,Backbone-only norm.,0.014285714285714278,18,6
860,Z-score,0.22380952380952376,18,6
860,Quantile normalization,-0.10456237052278798,18,6
860,ComBat-EB,0.6523809523809524,18,6
860,Dawid-Skene EM,1.0,18,6
860,Ensemble,-0.01715927227113491,18,6
860,CBC,0.9238095238095237,18,6
860,CBC-Weighted,0.9238095238095237,18,6
860,Oracle (eval-task beta),0.9999999999999999,18,6
861,Raw (no calibration),0.7047619047619047,25,6
861,Random control,-0.019047619047619042,25,6
861,Per-language norm.,0.7047619047619047,25,6
861,Backbone-only norm.,0.07619047619047618,25,6
861,Z-score,0.4523809523809524,25,6
861,Quantile normalization,-0.10019002761381733,25,6
861,ComBat-EB,0.7047619047619047,25,6
861,Dawid-Skene EM,1.0,25,6
861,Ensemble,0.0464080398718796,25,6
861,CBC,0.8904761904761903,25,6
861,CBC-Weighted,0.8904761904761903,25,6
861,Oracle (eval-task beta),0.9999999999999999,25,6
862,Raw (no calibration),0.6523809523809524,24,6
862,Random control,-0.009523809523809521,24,6
862,Per-language norm.,0.6523809523809524,24,6
862,Backbone-only norm.,0.13333333333333333,24,6
862,Z-score,0.3952380952380952,24,6
862,Quantile normalization,-0.09970393652303611,24,6
862,ComBat-EB,0.6523809523809524,24,6
862,Dawid-Skene EM,0.0808820932263555,24,6
862,Ensemble,0.1201735674884924,24,6
862,CBC,0.9095238095238095,24,6
862,CBC-Weighted,0.9095238095238095,24,6
862,Oracle (eval-task beta),0.9999999999999999,24,6
863,Raw (no calibration),0.6428571428571429,20,6
863,Random control,0.14285714285714285,20,6
863,Per-language norm.,0.6428571428571429,20,6
863,Backbone-only norm.,-0.01428571428571428,20,6
863,Z-score,0.04285714285714286,20,6
863,Quantile normalization,-0.0916820247794461,20,6
863,ComBat-EB,0.6428571428571429,20,6
863,Dawid-Skene EM,0.28369760344246286,20,6
863,Ensemble,-0.02347818699368424,20,6
863,CBC,0.8142857142857143,20,6
863,CBC-Weighted,0.8142857142857143,20,6
863,Oracle (eval-task beta),0.9999999999999999,20,6
864,Raw (no calibration),0.6142857142857141,24,6
864,Random control,0.014285714285714287,24,6
864,Per-language norm.,0.6142857142857141,24,6
864,Backbone-only norm.,0.10476190476190474,24,6
864,Z-score,0.32857142857142857,24,6
864,Quantile normalization,-0.06963623323564426,24,6
864,ComBat-EB,0.6142857142857141,24,6
864,Dawid-Skene EM,0.7182539682539684,24,6
864,Ensemble,0.05217275431988526,24,6
864,CBC,0.761904761904762,24,6
864,CBC-Weighted,0.761904761904762,24,6
864,Oracle (eval-task beta),0.9999999999999999,24,6
865,Raw (no calibration),0.6428571428571429,22,6
865,Random control,0.009523809523809526,22,6
865,Per-language norm.,0.6428571428571429,22,6
865,Backbone-only norm.,-0.07142857142857141,22,6
865,Z-score,0.2714285714285714,22,6
865,Quantile normalization,-0.11098315683529965,22,6
865,ComBat-EB,0.619047619047619,22,6
865,Dawid-Skene EM,0.2375966836152159,22,6
865,Ensemble,-0.05238095238095236,22,6
865,CBC,0.9666666666666666,22,6
865,CBC-Weighted,0.9666666666666666,22,6
865,Oracle (eval-task beta),0.9999999999999999,22,6
866,Raw (no calibration),0.6428571428571429,20,6
866,Random control,-0.0619047619047619,20,6
866,Per-language norm.,0.6428571428571429,20,6
866,Backbone-only norm.,-1.1895246692412391e-17,20,6
866,Z-score,-0.01428571428571428,20,6
866,Quantile normalization,-0.10329661512826281,20,6
866,ComBat-EB,0.6428571428571429,20,6
866,Dawid-Skene EM,0.7590243887083169,20,6
866,Ensemble,-0.009523809523809528,20,6
866,CBC,0.8857142857142856,20,6
866,CBC-Weighted,0.8857142857142856,20,6
866,Oracle (eval-task beta),0.9999999999999999,20,6
867,Raw (no calibration),0.6285714285714287,17,6
867,Random control,-0.04285714285714286,17,6
867,Per-language norm.,0.6285714285714287,17,6
867,Backbone-only norm.,0.028571428571428574,17,6
867,Z-score,0.3428571428571428,17,6
867,Quantile normalization,-0.10628263037831102,17,6
867,ComBat-EB,0.6285714285714287,17,6
867,Dawid-Skene EM,0.7590243887083169,17,6
867,Ensemble,-0.021718845131027377,17,6
867,CBC,0.9428571428571428,17,6
867,CBC-Weighted,0.9428571428571428,17,6
867,Oracle (eval-task beta),0.9999999999999999,17,6
868,Raw (no calibration),0.6666666666666666,24,6
868,Random control,0.009523809523809506,24,6
868,Per-language norm.,0.6666666666666666,24,6
868,Backbone-only norm.,0.24761904761904763,24,6
868,Z-score,0.5523809523809524,24,6
868,Quantile normalization,-0.10812983647925108,24,6
868,ComBat-EB,0.6666666666666666,24,6
868,Dawid-Skene EM,0.09299487542007165,24,6
868,Ensemble,0.14825239045545271,24,6
868,CBC,0.8952380952380953,24,6
868,CBC-Weighted,0.8952380952380953,24,6
868,Oracle (eval-task beta),0.9999999999999999,24,6
869,Raw (no calibration),0.6142857142857144,21,6
869,Random control,-0.07619047619047621,21,6
869,Per-language norm.,0.6142857142857144,21,6
869,Backbone-only norm.,0.004761904761904765,21,6
869,Z-score,0.07619047619047617,21,6
869,Quantile normalization,-0.11236524988118467,21,6
869,ComBat-EB,0.6142857142857144,21,6
869,Dawid-Skene EM,0.539162896843443,21,6
869,Ensemble,-0.009509144126172512,21,6
869,CBC,0.8619047619047618,21,6
869,CBC-Weighted,0.8619047619047618,21,6
869,Oracle (eval-task beta),0.9999999999999999,21,6
870,Raw (no calibration),0.7714285714285714,16,6
870,Random control,-0.05714285714285715,16,6
870,Per-language norm.,0.7714285714285714,16,6
870,Backbone-only norm.,0.06190476190476191,16,6
870,Z-score,0.21904761904761902,16,6
870,Quantile normalization,-0.0872384367403366,16,6
870,ComBat-EB,0.7714285714285714,16,6
870,Dawid-Skene EM,0.029686624579641725,16,6
870,Ensemble,0.031773390293161355,16,6
870,CBC,0.8952380952380953,16,6
870,CBC-Weighted,0.8952380952380953,16,6
870,Oracle (eval-task beta),0.9999999999999999,16,6
871,Raw (no calibration),0.6571428571428571,17,6
871,Random control,0.12857142857142856,17,6
871,Per-language norm.,0.6571428571428571,17,6
871,Backbone-only norm.,0.30476190476190473,17,6
871,Z-score,0.49047619047619045,17,6
871,Quantile normalization,-0.0882971575102963,17,6
871,ComBat-EB,0.6571428571428571,17,6
871,Dawid-Skene EM,0.7270340699023484,17,6
871,Ensemble,0.157502373858846,17,6
871,CBC,0.838095238095238,17,6
871,CBC-Weighted,0.838095238095238,17,6
871,Oracle (eval-task beta),0.9999999999999999,17,6
872,Raw (no calibration),0.6666666666666667,24,6
872,Random control,0.009523809523809521,24,6
872,Per-language norm.,0.6666666666666667,24,6
872,Backbone-only norm.,0.009523809523809513,24,6
872,Z-score,0.15238095238095237,24,6
872,Quantile normalization,-0.09763803293885225,24,6
872,ComBat-EB,0.6666666666666667,24,6
872,Dawid-Skene EM,0.716630414212286,24,6
872,Ensemble,-0.00035473697812181355,24,6
872,CBC,0.8904761904761903,24,6
872,CBC-Weighted,0.8904761904761903,24,6
872,Oracle (eval-task beta),0.9999999999999999,24,6
873,Raw (no calibration),0.6428571428571429,23,6
873,Random control,3.96508223080413e-18,23,6
873,Per-language norm.,0.6428571428571429,23,6
873,Backbone-only norm.,-0.02857142857142856,23,6
873,Z-score,0.2571428571428572,23,6
873,Quantile normalization,-0.09310624930439959,23,6
873,ComBat-EB,0.6095238095238095,23,6
873,Dawid-Skene EM,0.5979140363022555,23,6
873,Ensemble,0.021100210814332516,23,6
873,CBC,0.8904761904761903,23,6
873,CBC-Weighted,0.8904761904761903,23,6
873,Oracle (eval-task beta),0.9999999999999999,23,6
874,Raw (no calibration),0.6428571428571429,18,6
874,Random control,-0.07142857142857142,18,6
874,Per-language norm.,0.6428571428571429,18,6
874,Backbone-only norm.,0.1142857142857143,18,6
874,Z-score,0.11428571428571428,18,6
874,Quantile normalization,-0.09454432715978564,18,6
874,ComBat-EB,0.6428571428571429,18,6
874,Dawid-Skene EM,0.28369760344246286,18,6
874,Ensemble,0.038095238095238106,18,6
874,CBC,0.895238095238095,18,6
874,CBC-Weighted,0.895238095238095,18,6
874,Oracle (eval-task beta),0.9999999999999999,18,6
875,Raw (no calibration),0.6285714285714287,21,6
875,Random control,0.15238095238095234,21,6
875,Per-language norm.,0.6285714285714287,21,6
875,Backbone-only norm.,-0.004761904761904773,21,6
875,Z-score,-0.052380952380952375,21,6
875,Quantile normalization,-0.11552123505392221,21,6
875,ComBat-EB,0.6285714285714287,21,6
875,Dawid-Skene EM,0.33994298198410694,21,6
875,Ensemble,-0.07464519854794119,21,6
875,CBC,0.9285714285714286,21,6
875,CBC-Weighted,0.9285714285714286,21,6
875,Oracle (eval-task beta),0.9999999999999999,21,6
876,Raw (no calibration),0.6428571428571429,20,6
876,Random control,-0.04761904761904761,20,6
876,Per-language norm.,0.6428571428571429,20,6
876,Backbone-only norm.,0.32857142857142857,20,6
876,Z-score,0.3428571428571428,20,6
876,Quantile normalization,-0.08917497603069857,20,6
876,ComBat-EB,0.6428571428571429,20,6
876,Dawid-Skene EM,0.28894232746240783,20,6
876,Ensemble,0.14761904761904762,20,6
876,CBC,0.9333333333333333,20,6
876,CBC-Weighted,0.9333333333333333,20,6
876,Oracle (eval-task beta),0.9999999999999999,20,6
877,Raw (no calibration),0.6523809523809524,18,6
877,Random control,0.004761904761904765,18,6
877,Per-language norm.,0.6523809523809524,18,6
877,Backbone-only norm.,-3.96508223080413e-18,18,6
877,Z-score,0.47142857142857136,18,6
877,Quantile normalization,-0.07786367641404911,18,6
877,ComBat-EB,0.6523809523809524,18,6
877,Dawid-Skene EM,0.22230791721149976,18,6
877,Ensemble,0.021799071066593782,18,6
877,CBC,0.895238095238095,18,6
877,CBC-Weighted,0.895238095238095,18,6
877,Oracle (eval-task beta),0.9999999999999999,18,6
878,Raw (no calibration),0.6761904761904762,21,6
878,Random control,-0.07142857142857142,21,6
878,Per-language norm.,0.6761904761904762,21,6
878,Backbone-only norm.,0.09523809523809523,21,6
878,Z-score,0.41428571428571426,21,6
878,Quantile normalization,-0.11615208816896676,21,6
878,ComBat-EB,0.6761904761904762,21,6
878,Dawid-Skene EM,0.04556852938724972,21,6
878,Ensemble,0.09264014555749354,21,6
878,CBC,0.9666666666666666,21,6
878,CBC-Weighted,0.9666666666666666,21,6
878,Oracle (eval-task beta),0.9999999999999999,21,6
879,Raw (no calibration),0.6285714285714287,21,6
879,Random control,0.01428571428571428,21,6
879,Per-language norm.,0.6285714285714287,21,6
879,Backbone-only norm.,0.14285714285714288,21,6
879,Z-score,0.4761904761904761,21,6
879,Quantile normalization,-0.0930032231906186,21,6
879,ComBat-EB,0.6285714285714287,21,6
879,Dawid-Skene EM,0.6288435150088423,21,6
879,Ensemble,0.056286650847747914,21,6
879,CBC,0.8761904761904761,21,6
879,CBC-Weighted,0.8761904761904761,21,6
879,Oracle (eval-task beta),0.9999999999999999,21,6
880,Raw (no calibration),0.6571428571428571,22,6
880,Random control,-0.05714285714285715,22,6
880,Per-language norm.,0.6571428571428571,22,6
880,Backbone-only norm.,0.019047619047619042,22,6
880,Z-score,0.014285714285714278,22,6
880,Quantile normalization,-0.08670669291882992,22,6
880,ComBat-EB,0.6571428571428571,22,6
880,Dawid-Skene EM,0.1274903406906184,22,6
880,Ensemble,-0.05430622473843227,22,6
880,CBC,0.9428571428571428,22,6
880,CBC-Weighted,0.9428571428571428,22,6
880,Oracle (eval-task beta),0.9999999999999999,22,6
881,Raw (no calibration),0.6285714285714287,22,6
881,Random control,0.07142857142857142,22,6
881,Per-language norm.,0.6285714285714287,22,6
881,Backbone-only norm.,0.023809523809523805,22,6
881,Z-score,0.028571428571428564,22,6
881,Quantile normalization,-0.11118419994625979,22,6
881,ComBat-EB,0.6285714285714287,22,6
881,Dawid-Skene EM,0.48501953317261753,22,6
881,Ensemble,-0.013974997002656772,22,6
881,CBC,0.9666666666666666,22,6
881,CBC-Weighted,0.9666666666666666,22,6
881,Oracle (eval-task beta),0.9999999999999999,22,6
882,Raw (no calibration),0.6619047619047619,21,6
882,Random control,-0.0619047619047619,21,6
882,Per-language norm.,0.6619047619047619,21,6
882,Backbone-only norm.,0.028571428571428557,21,6
882,Z-score,0.1238095238095238,21,6
882,Quantile normalization,-0.1069619402552959,21,6
882,ComBat-EB,0.6619047619047619,21,6
882,Dawid-Skene EM,0.20000000000000004,21,6
882,Ensemble,0.008828872017328975,21,6
882,CBC,0.9666666666666666,21,6
882,CBC-Weighted,0.9666666666666666,21,6
882,Oracle (eval-task beta),0.9999999999999999,21,6
883,Raw (no calibration),0.680952380952381,22,6
883,Random control,0.1,22,6
883,Per-language norm.,0.680952380952381,22,6
883,Backbone-only norm.,0.13333333333333333,22,6
883,Z-score,0.5952380952380951,22,6
883,Quantile normalization,-0.11776360495621267,22,6
883,ComBat-EB,0.680952380952381,22,6
883,Dawid-Skene EM,0.9272445692856943,22,6
883,Ensemble,0.07787062490589323,22,6
883,CBC,0.9666666666666666,22,6
883,CBC-Weighted,0.9666666666666666,22,6
883,Oracle (eval-task beta),0.9999999999999999,22,6
884,Raw (no calibration),0.7047619047619047,17,6
884,Random control,-0.02857142857142856,17,6
884,Per-language norm.,0.7047619047619047,17,6
884,Backbone-only norm.,0.16666666666666669,17,6
884,Z-score,0.4047619047619047,17,6
884,Quantile normalization,-0.09248862317366559,17,6
884,ComBat-EB,0.7047619047619047,17,6
884,Dawid-Skene EM,0.029686624579641725,17,6
884,Ensemble,0.11374031324975283,17,6
884,CBC,0.9999999999999999,17,6
884,CBC-Weighted,0.9999999999999999,17,6
884,Oracle (eval-task beta),0.9999999999999999,17,6
885,Raw (no calibration),0.6285714285714287,22,6
885,Random control,-0.019047619047619056,22,6
885,Per-language norm.,0.6285714285714287,22,6
885,Backbone-only norm.,0.04761904761904761,22,6
885,Z-score,0.36666666666666664,22,6
885,Quantile normalization,-0.11031389258188204,22,6
885,ComBat-EB,0.6285714285714287,22,6
885,Dawid-Skene EM,0.5979140363022555,22,6
885,Ensemble,0.019194222438610724,22,6
885,CBC,0.8142857142857143,22,6
885,CBC-Weighted,0.8142857142857143,22,6
885,Oracle (eval-task beta),0.9999999999999999,22,6
886,Raw (no calibration),0.719047619047619,21,6
886,Random control,0.0,21,6
886,Per-language norm.,0.719047619047619,21,6
886,Backbone-only norm.,0.31904761904761897,21,6
886,Z-score,0.6238095238095236,21,6
886,Quantile normalization,-0.10886341734006562,21,6
886,ComBat-EB,0.719047619047619,21,6
886,Dawid-Skene EM,0.12249166782475973,21,6
886,Ensemble,0.2861482297282059,21,6
886,CBC,0.9666666666666666,21,6
886,CBC-Weighted,0.9666666666666666,21,6
886,Oracle (eval-task beta),0.9999999999999999,21,6
887,Raw (no calibration),0.6095238095238095,18,6
887,Random control,-0.028571428571428574,18,6
887,Per-language norm.,0.6095238095238095,18,6
887,Backbone-only norm.,0.2523809523809524,18,6
887,Z-score,0.07619047619047621,18,6
887,Quantile normalization,-0.07486105258575639,18,6
887,ComBat-EB,0.6095238095238095,18,6
887,Dawid-Skene EM,0.7051230065339833,18,6
887,Ensemble,-0.038095238095238085,18,6
887,CBC,0.9666666666666666,18,6
887,CBC-Weighted,0.9666666666666666,18,6
887,Oracle (eval-task beta),0.9999999999999999,18,6
888,Raw (no calibration),0.6095238095238094,20,6
888,Random control,0.009523809523809528,20,6
888,Per-language norm.,0.6095238095238094,20,6
888,Backbone-only norm.,0.14285714285714288,20,6
888,Z-score,-0.02380952380952382,20,6
888,Quantile normalization,-0.0818219599657608,20,6
888,ComBat-EB,0.6095238095238094,20,6
888,Dawid-Skene EM,0.4404761904761904,20,6
888,Ensemble,-0.05714285714285714,20,6
888,CBC,0.8238095238095239,20,6
888,CBC-Weighted,0.8238095238095239,20,6
888,Oracle (eval-task beta),0.9999999999999999,20,6
889,Raw (no calibration),0.6523809523809524,18,6
889,Random control,0.03333333333333333,18,6
889,Per-language norm.,0.6523809523809524,18,6
889,Backbone-only norm.,0.02380952380952381,18,6
889,Z-score,0.3238095238095237,18,6
889,Quantile normalization,-0.11178309012343353,18,6
889,ComBat-EB,0.6523809523809524,18,6
889,Dawid-Skene EM,0.42661128659021086,18,6
889,Ensemble,-0.05761786427016099,18,6
889,CBC,0.9285714285714285,18,6
889,CBC-Weighted,0.9285714285714285,18,6
889,Oracle (eval-task beta),0.9999999999999999,18,6
890,Raw (no calibration),0.6142857142857144,20,6
890,Random control,0.06666666666666667,20,6
890,Per-language norm.,0.6142857142857144,20,6
890,Backbone-only norm.,0.033333333333333326,20,6
890,Z-score,0.033333333333333326,20,6
890,Quantile normalization,-0.09741074619727863,20,6
890,ComBat-EB,0.6142857142857144,20,6
890,Dawid-Skene EM,0.24401506375992313,20,6
890,Ensemble,-0.052551020408163264,20,6
890,CBC,0.8380952380952381,20,6
890,CBC-Weighted,0.8380952380952381,20,6
890,Oracle (eval-task beta),0.9999999999999999,20,6
891,Raw (no calibration),0.680952380952381,21,6
891,Random control,0.08095238095238093,21,6
891,Per-language norm.,0.680952380952381,21,6
891,Backbone-only norm.,-0.038095238095238085,21,6
891,Z-score,0.41904761904761895,21,6
891,Quantile normalization,-0.12242177430186382,21,6
891,ComBat-EB,0.680952380952381,21,6
891,Dawid-Skene EM,1.0,21,6
891,Ensemble,-0.01804257343562027,21,6
891,CBC,0.9285714285714285,21,6
891,CBC-Weighted,0.9285714285714285,21,6
891,Oracle (eval-task beta),0.9999999999999999,21,6
892,Raw (no calibration),0.6666666666666667,25,6
892,Random control,0.10952380952380951,25,6
892,Per-language norm.,0.6666666666666667,25,6
892,Backbone-only norm.,0.09999999999999999,25,6
892,Z-score,0.4714285714285714,25,6
892,Quantile normalization,-0.10296712150336869,25,6
892,ComBat-EB,0.6428571428571429,25,6
892,Dawid-Skene EM,0.5979140363022555,25,6
892,Ensemble,-0.0380981711747655,25,6
892,CBC,0.9095238095238093,25,6
892,CBC-Weighted,0.9095238095238093,25,6
892,Oracle (eval-task beta),0.9999999999999999,25,6
893,Raw (no calibration),0.6428571428571429,21,6
893,Random control,-0.004761904761904757,21,6
893,Per-language norm.,0.6428571428571429,21,6
893,Backbone-only norm.,0.15238095238095237,21,6
893,Z-score,0.3238095238095237,21,6
893,Quantile normalization,-0.08149615709605072,21,6
893,ComBat-EB,0.6428571428571429,21,6
893,Dawid-Skene EM,0.503968253968254,21,6
893,Ensemble,0.10730999209054062,21,6
893,CBC,0.8619047619047618,21,6
893,CBC-Weighted,0.8619047619047618,21,6
893,Oracle (eval-task beta),0.9999999999999999,21,6
894,Raw (no calibration),0.6238095238095239,18,6
894,Random control,-0.05238095238095238,18,6
894,Per-language norm.,0.6238095238095239,18,6
894,Backbone-only norm.,0.12380952380952381,18,6
894,Z-score,0.1,18,6
894,Quantile normalization,-0.1187302953517195,18,6
894,ComBat-EB,0.6238095238095239,18,6
894,Dawid-Skene EM,0.20000000000000004,18,6
894,Ensemble,0.03809523809523809,18,6
894,CBC,0.9428571428571428,18,6
894,CBC-Weighted,0.9428571428571428,18,6
894,Oracle (eval-task beta),0.9999999999999999,18,6
895,Raw (no calibration),0.6285714285714287,20,6
895,Random control,0.028571428571428574,20,6
895,Per-language norm.,0.6285714285714287,20,6
895,Backbone-only norm.,-0.052380952380952375,20,6
895,Z-score,0.22380952380952376,20,6
895,Quantile normalization,-0.08496408432075077,20,6
895,ComBat-EB,0.6285714285714287,20,6
895,Dawid-Skene EM,0.652899776225077,20,6
895,Ensemble,-0.09162560355328304,20,6
895,CBC,0.9428571428571428,20,6
895,CBC-Weighted,0.9428571428571428,20,6
895,Oracle (eval-task beta),0.9999999999999999,20,6
896,Raw (no calibration),0.6428571428571429,15,6
896,Random control,0.02380952380952381,15,6
896,Per-language norm.,0.6428571428571429,15,6
896,Backbone-only norm.,0.019047619047619042,15,6
896,Z-score,0.3333333333333333,15,6
896,Quantile normalization,-0.09669063220059686,15,6
896,ComBat-EB,0.6761904761904762,15,6
896,Dawid-Skene EM,0.0,15,6
896,Ensemble,-0.051051673824284695,15,6
896,CBC,0.8666666666666666,15,6
896,CBC-Weighted,0.8666666666666666,15,6
896,Oracle (eval-task beta),0.9999999999999999,15,6
897,Raw (no calibration),0.6666666666666666,20,6
897,Random control,-0.028571428571428574,20,6
897,Per-language norm.,0.6666666666666666,20,6
897,Backbone-only norm.,0.04761904761904762,20,6
897,Z-score,0.02380952380952381,20,6
897,Quantile normalization,-0.09491372743443952,20,6
897,ComBat-EB,0.6666666666666666,20,6
897,Dawid-Skene EM,0.7590243887083169,20,6
897,Ensemble,-0.038939712072237696,20,6
897,CBC,0.8952380952380953,20,6
897,CBC-Weighted,0.8952380952380953,20,6
897,Oracle (eval-task beta),0.9999999999999999,20,6
898,Raw (no calibration),0.6380952380952378,20,6
898,Random control,0.09523809523809522,20,6
898,Per-language norm.,0.6380952380952378,20,6
898,Backbone-only norm.,0.14285714285714282,20,6
898,Z-score,0.44761904761904764,20,6
898,Quantile normalization,-0.09299141725922344,20,6
898,ComBat-EB,0.6380952380952378,20,6
898,Dawid-Skene EM,0.24401506375992313,20,6
898,Ensemble,0.10642445500015738,20,6
898,CBC,0.895238095238095,20,6
898,CBC-Weighted,0.895238095238095,20,6
898,Oracle (eval-task beta),0.9999999999999999,20,6
899,Raw (no calibration),0.6904761904761905,21,6
899,Random control,-0.038095238095238085,21,6
899,Per-language norm.,0.6904761904761905,21,6
899,Backbone-only norm.,-1.1895246692412391e-17,21,6
899,Z-score,0.07142857142857142,21,6
899,Quantile normalization,-0.10132249950910148,21,6
899,ComBat-EB,0.6904761904761905,21,6
899,Dawid-Skene EM,0.20000000000000004,21,6
899,Ensemble,-0.05188834677648412,21,6
899,CBC,0.9285714285714285,21,6
899,CBC-Weighted,0.9285714285714285,21,6
899,Oracle (eval-task beta),0.9999999999999999,21,6
900,Raw (no calibration),0.6428571428571429,20,6
900,Random control,-0.014285714285714278,20,6
900,Per-language norm.,0.6428571428571429,20,6
900,Backbone-only norm.,-0.028571428571428577,20,6
900,Z-score,-0.03809523809523809,20,6
900,Quantile normalization,-0.09936294564081946,20,6
900,ComBat-EB,0.6428571428571429,20,6
900,Dawid-Skene EM,0.48501953317261753,20,6
900,Ensemble,-0.060031080525914764,20,6
900,CBC,0.9428571428571428,20,6
900,CBC-Weighted,0.9428571428571428,20,6
900,Oracle (eval-task beta),0.9999999999999999,20,6
901,Raw (no calibration),0.6523809523809524,23,6
901,Random control,0.07142857142857144,23,6
901,Per-language norm.,0.6523809523809524,23,6
901,Backbone-only norm.,0.01428571428571428,23,6
901,Z-score,0.05714285714285714,23,6
901,Quantile normalization,-0.11315999491035127,23,6
901,ComBat-EB,0.6523809523809524,23,6
901,Dawid-Skene EM,0.20528771892061887,23,6
901,Ensemble,0.010016415128277766,23,6
901,CBC,0.9095238095238096,23,6
901,CBC-Weighted,0.9095238095238096,23,6
901,Oracle (eval-task beta),0.9999999999999999,23,6
902,Raw (no calibration),0.6380952380952378,21,6
902,Random control,0.06190476190476191,21,6
902,Per-language norm.,0.6380952380952378,21,6
902,Backbone-only norm.,0.09999999999999998,21,6
902,Z-score,0.06666666666666664,21,6
902,Quantile normalization,-0.10235123220365391,21,6
902,ComBat-EB,0.6380952380952378,21,6
902,Dawid-Skene EM,0.40417353329564215,21,6
902,Ensemble,-0.03571428571428573,21,6
902,CBC,0.9428571428571428,21,6
902,CBC-Weighted,0.9428571428571428,21,6
902,Oracle (eval-task beta),0.9999999999999999,21,6
903,Raw (no calibration),0.7333333333333334,16,6
903,Random control,-0.05714285714285713,16,6
903,Per-language norm.,0.7333333333333334,16,6
903,Backbone-only norm.,0.028571428571428564,16,6
903,Z-score,0.11904761904761905,16,6
903,Quantile normalization,-0.10003202675068582,16,6
903,ComBat-EB,0.7095238095238096,16,6
903,Dawid-Skene EM,0.471191601082491,16,6
903,Ensemble,0.027518756533361836,16,6
903,CBC,0.9285714285714286,16,6
903,CBC-Weighted,0.9285714285714286,16,6
903,Oracle (eval-task beta),0.9999999999999999,16,6
904,Raw (no calibration),0.6666666666666666,20,6
904,Random control,-3.96508223080413e-18,20,6
904,Per-language norm.,0.6666666666666666,20,6
904,Backbone-only norm.,0.1571428571428571,20,6
904,Z-score,0.5476190476190476,20,6
904,Quantile normalization,-0.07699884731993513,20,6
904,ComBat-EB,0.6666666666666666,20,6
904,Dawid-Skene EM,0.04556852938724972,20,6
904,Ensemble,0.10474430628474034,20,6
904,CBC,0.9285714285714285,20,6
904,CBC-Weighted,0.9285714285714285,20,6
904,Oracle (eval-task beta),0.9999999999999999,20,6
905,Raw (no calibration),0.6285714285714287,23,6
905,Random control,0.07142857142857142,23,6
905,Per-language norm.,0.6285714285714287,23,6
905,Backbone-only norm.,-0.08095238095238096,23,6
905,Z-score,-0.023809523809523805,23,6
905,Quantile normalization,-0.07586318945074541,23,6
905,ComBat-EB,0.6285714285714287,23,6
905,Dawid-Skene EM,0.18835650198940201,23,6
905,Ensemble,-0.04471615883835299,23,6
905,CBC,0.8761904761904761,23,6
905,CBC-Weighted,0.8761904761904761,23,6
905,Oracle (eval-task beta),0.9999999999999999,23,6
906,Raw (no calibration),0.6571428571428571,23,6
906,Random control,-0.05238095238095238,23,6
906,Per-language norm.,0.6571428571428571,23,6
906,Backbone-only norm.,-0.09047619047619046,23,6
906,Z-score,0.22380952380952382,23,6
906,Quantile normalization,-0.09430868492429996,23,6
906,ComBat-EB,0.6571428571428571,23,6
906,Dawid-Skene EM,0.40417353329564215,23,6
906,Ensemble,-0.05986101249870389,23,6
906,CBC,0.9999999999999999,23,6
906,CBC-Weighted,0.9999999999999999,23,6
906,Oracle (eval-task beta),0.9999999999999999,23,6
907,Raw (no calibration),0.6666666666666666,19,6
907,Random control,0.014285714285714285,19,6
907,Per-language norm.,0.6666666666666666,19,6
907,Backbone-only norm.,0.03333333333333333,19,6
907,Z-score,0.04285714285714285,19,6
907,Quantile normalization,-0.09107762649127579,19,6
907,ComBat-EB,0.6666666666666666,19,6
907,Dawid-Skene EM,0.21313576957141125,19,6
907,Ensemble,0.005612244897959182,19,6
907,CBC,0.9666666666666666,19,6
907,CBC-Weighted,0.9666666666666666,19,6
907,Oracle (eval-task beta),0.9999999999999999,19,6
908,Raw (no calibration),0.6285714285714287,18,6
908,Random control,-0.06190476190476191,18,6
908,Per-language norm.,0.6285714285714287,18,6
908,Backbone-only norm.,0.05238095238095237,18,6
908,Z-score,0.2333333333333333,18,6
908,Quantile normalization,-0.10474281532338663,18,6
908,ComBat-EB,0.6285714285714287,18,6
908,Dawid-Skene EM,0.3800678080952247,18,6
908,Ensemble,0.021399240633297418,18,6
908,CBC,0.9428571428571428,18,6
908,CBC-Weighted,0.9428571428571428,18,6
908,Oracle (eval-task beta),0.9999999999999999,18,6
909,Raw (no calibration),0.6571428571428571,23,6
909,Random control,-0.06666666666666667,23,6
909,Per-language norm.,0.6571428571428571,23,6
909,Backbone-only norm.,-0.014285714285714278,23,6
909,Z-score,0.05714285714285715,23,6
909,Quantile normalization,-0.0905208218283274,23,6
909,ComBat-EB,0.6571428571428571,23,6
909,Dawid-Skene EM,0.8628679329364746,23,6
909,Ensemble,-0.021204229394456018,23,6
909,CBC,0.9428571428571428,23,6
909,CBC-Weighted,0.9428571428571428,23,6
909,Oracle (eval-task beta),0.9999999999999999,23,6
910,Raw (no calibration),0.6142857142857144,15,6
910,Random control,-0.019047619047619042,15,6
910,Per-language norm.,0.6142857142857144,15,6
910,Backbone-only norm.,-0.004761904761904757,15,6
910,Z-score,-0.06190476190476193,15,6
910,Quantile normalization,-0.08759514797344366,15,6
910,ComBat-EB,0.6142857142857144,15,6
910,Dawid-Skene EM,0.15846055842145712,15,6
910,Ensemble,-0.07276626644897613,15,6
910,CBC,0.9333333333333333,15,6
910,CBC-Weighted,0.9333333333333333,15,6
910,Oracle (eval-task beta),0.9999999999999999,15,6
911,Raw (no calibration),0.6666666666666666,21,6
911,Random control,-0.07142857142857142,21,6
911,Per-language norm.,0.6666666666666666,21,6
911,Backbone-only norm.,0.10476190476190475,21,6
911,Z-score,0.21428571428571427,21,6
911,Quantile normalization,-0.09826280529488884,21,6
911,ComBat-EB,0.6666666666666666,21,6
911,Dawid-Skene EM,0.265428264666648,21,6
911,Ensemble,0.13990439172448238,21,6
911,CBC,0.9428571428571428,21,6
911,CBC-Weighted,0.9428571428571428,21,6
911,Oracle (eval-task beta),0.9999999999999999,21,6
912,Raw (no calibration),0.6904761904761905,23,6
912,Random control,-0.05238095238095237,23,6
912,Per-language norm.,0.6904761904761905,23,6
912,Backbone-only norm.,0.09999999999999999,23,6
912,Z-score,0.3333333333333333,23,6
912,Quantile normalization,-0.06294673424634736,23,6
912,ComBat-EB,0.6904761904761905,23,6
912,Dawid-Skene EM,0.23491734855024854,23,6
912,Ensemble,0.022932785957722766,23,6
912,CBC,0.8190476190476191,23,6
912,CBC-Weighted,0.8190476190476191,23,6
912,Oracle (eval-task beta),0.9999999999999999,23,6
913,Raw (no calibration),0.6428571428571429,16,6
913,Random control,-0.08095238095238096,16,6
913,Per-language norm.,0.6428571428571429,16,6
913,Backbone-only norm.,0.06666666666666665,16,6
913,Z-score,0.33809523809523806,16,6
913,Quantile normalization,-0.10303291379507629,16,6
913,ComBat-EB,0.6428571428571429,16,6
913,Dawid-Skene EM,0.4079571364593186,16,6
913,Ensemble,0.03333333333333333,16,6
913,CBC,0.9238095238095239,16,6
913,CBC-Weighted,0.9238095238095239,16,6
913,Oracle (eval-task beta),0.9999999999999999,16,6
914,Raw (no calibration),0.6142857142857142,22,6
914,Random control,-0.08571428571428573,22,6
914,Per-language norm.,0.6142857142857142,22,6
914,Backbone-only norm.,0.03333333333333333,22,6
914,Z-score,0.17142857142857146,22,6
914,Quantile normalization,-0.0953177449765867,22,6
914,ComBat-EB,0.6142857142857142,22,6
914,Dawid-Skene EM,0.3370548498948767,22,6
914,Ensemble,0.0039174307849051465,22,6
914,CBC,0.8714285714285713,22,6
914,CBC-Weighted,0.8714285714285713,22,6
914,Oracle (eval-task beta),0.9999999999999999,22,6
915,Raw (no calibration),0.6428571428571429,21,6
915,Random control,-0.10952380952380951,21,6
915,Per-language norm.,0.6428571428571429,21,6
915,Backbone-only norm.,-5.9476233462061954e-18,21,6
915,Z-score,-0.042857142857142864,21,6
915,Quantile normalization,-0.09173295037916909,21,6
915,ComBat-EB,0.6428571428571429,21,6
915,Dawid-Skene EM,0.48501953317261753,21,6
915,Ensemble,-0.06776989878756884,21,6
915,CBC,0.9428571428571428,21,6
915,CBC-Weighted,0.9428571428571428,21,6
915,Oracle (eval-task beta),0.9999999999999999,21,6
916,Raw (no calibration),0.6380952380952382,17,6
916,Random control,-0.07619047619047618,17,6
916,Per-language norm.,0.6380952380952382,17,6
916,Backbone-only norm.,-1.586032892321652e-17,17,6
916,Z-score,0.20952380952380958,17,6
916,Quantile normalization,-0.11375187386045382,17,6
916,ComBat-EB,0.6380952380952382,17,6
916,Dawid-Skene EM,0.46012660826917823,17,6
916,Ensemble,-0.03655582661175793,17,6
916,CBC,0.7952380952380953,17,6
916,CBC-Weighted,0.7952380952380953,17,6
916,Oracle (eval-task beta),0.9999999999999999,17,6
917,Raw (no calibration),0.6428571428571429,24,6
917,Random control,-0.07619047619047617,24,6
917,Per-language norm.,0.6428571428571429,24,6
917,Backbone-only norm.,0.19047619047619047,24,6
917,Z-score,0.43333333333333324,24,6
917,Quantile normalization,-0.10684258373966027,24,6
917,ComBat-EB,0.619047619047619,24,6
917,Dawid-Skene EM,0.2375966836152159,24,6
917,Ensemble,-0.012145664212611663,24,6
917,CBC,0.8571428571428571,24,6
917,CBC-Weighted,0.8571428571428571,24,6
917,Oracle (eval-task beta),0.9999999999999999,24,6
918,Raw (no calibration),0.6523809523809524,19,6
918,Random control,0.009523809523809521,19,6
918,Per-language norm.,0.6523809523809524,19,6
918,Backbone-only norm.,0.019047619047619056,19,6
918,Z-score,0.08095238095238096,19,6
918,Quantile normalization,-0.0938259998054737,19,6
918,ComBat-EB,0.6523809523809524,19,6
918,Dawid-Skene EM,1.0,19,6
918,Ensemble,-0.05304189413973299,19,6
918,CBC,0.9238095238095237,19,6
918,CBC-Weighted,0.9238095238095237,19,6
918,Oracle (eval-task beta),0.9999999999999999,19,6
919,Raw (no calibration),0.6428571428571429,16,6
919,Random control,-0.02857142857142858,16,6
919,Per-language norm.,0.6428571428571429,16,6
919,Backbone-only norm.,-0.07142857142857142,16,6
919,Z-score,0.3952380952380952,16,6
919,Quantile normalization,-0.12086701823282534,16,6
919,ComBat-EB,0.6428571428571429,16,6
919,Dawid-Skene EM,0.6396724879797583,16,6
919,Ensemble,-0.030955314031908352,16,6
919,CBC,0.9999999999999999,16,6
919,CBC-Weighted,0.9999999999999999,16,6
919,Oracle (eval-task beta),0.9999999999999999,16,6
920,Raw (no calibration),0.6380952380952382,18,6
920,Random control,-0.004761904761904765,18,6
920,Per-language norm.,0.6380952380952382,18,6
920,Backbone-only norm.,-0.009523809523809518,18,6
920,Z-score,0.061904761904761886,18,6
920,Quantile normalization,-0.07061830585092455,18,6
920,ComBat-EB,0.6380952380952382,18,6
920,Dawid-Skene EM,0.7590243887083169,18,6
920,Ensemble,0.02344885619841022,18,6
920,CBC,0.7999999999999999,18,6
920,CBC-Weighted,0.7999999999999999,18,6
920,Oracle (eval-task beta),0.9999999999999999,18,6
921,Raw (no calibration),0.6666666666666667,20,6
921,Random control,-0.0476190476190476,20,6
921,Per-language norm.,0.6666666666666667,20,6
921,Backbone-only norm.,0.0619047619047619,20,6
921,Z-score,0.5380952380952381,20,6
921,Quantile normalization,-0.10441407337325173,20,6
921,ComBat-EB,0.6666666666666667,20,6
921,Dawid-Skene EM,0.6288435150088423,20,6
921,Ensemble,0.08074418289131387,20,6
921,CBC,0.8380952380952381,20,6
921,CBC-Weighted,0.8380952380952381,20,6
921,Oracle (eval-task beta),0.9999999999999999,20,6
922,Raw (no calibration),0.6666666666666666,26,6
922,Random control,0.1285714285714286,26,6
922,Per-language norm.,0.6666666666666666,26,6
922,Backbone-only norm.,0.05238095238095237,26,6
922,Z-score,0.07142857142857142,26,6
922,Quantile normalization,-0.09596897444783774,26,6
922,ComBat-EB,0.6666666666666666,26,6
922,Dawid-Skene EM,0.20000000000000004,26,6
922,Ensemble,-0.0012417982198543761,26,6
922,CBC,0.9285714285714285,26,6
922,CBC-Weighted,0.9285714285714285,26,6
922,Oracle (eval-task beta),0.9999999999999999,26,6
923,Raw (no calibration),0.6142857142857141,23,6
923,Random control,-0.028571428571428574,23,6
923,Per-language norm.,0.6142857142857141,23,6
923,Backbone-only norm.,0.2476190476190476,23,6
923,Z-score,0.419047619047619,23,6
923,Quantile normalization,-0.102447945685976,23,6
923,ComBat-EB,0.6238095238095237,23,6
923,Dawid-Skene EM,0.16798846457986105,23,6
923,Ensemble,0.1822971026159088,23,6
923,CBC,0.8571428571428571,23,6
923,CBC-Weighted,0.8571428571428571,23,6
923,Oracle (eval-task beta),0.9999999999999999,23,6
924,Raw (no calibration),0.6523809523809524,22,6
924,Random control,0.13333333333333333,22,6
924,Per-language norm.,0.6523809523809524,22,6
924,Backbone-only norm.,0.3095238095238095,22,6
924,Z-score,0.18095238095238095,22,6
924,Quantile normalization,-0.10248343618137858,22,6
924,ComBat-EB,0.6476190476190474,22,6
924,Dawid-Skene EM,0.652899776225077,22,6
924,Ensemble,0.06189253109018287,22,6
924,CBC,0.838095238095238,22,6
924,CBC-Weighted,0.838095238095238,22,6
924,Oracle (eval-task beta),0.9999999999999999,22,6
925,Raw (no calibration),0.6285714285714287,18,6
925,Random control,-0.014285714285714296,18,6
925,Per-language norm.,0.6285714285714287,18,6
925,Backbone-only norm.,-0.023809523809523808,18,6
925,Z-score,0.1142857142857143,18,6
925,Quantile normalization,-0.10333213726313814,18,6
925,ComBat-EB,0.6285714285714287,18,6
925,Dawid-Skene EM,0.5804935808933184,18,6
925,Ensemble,-0.02550465304113858,18,6
925,CBC,0.8904761904761903,18,6
925,CBC-Weighted,0.8904761904761903,18,6
925,Oracle (eval-task beta),0.9999999999999999,18,6
926,Raw (no calibration),0.5809523809523809,19,6
926,Random control,-0.009523809523809528,19,6
926,Per-language norm.,0.5809523809523809,19,6
926,Backbone-only norm.,0.16666666666666669,19,6
926,Z-score,0.10952380952380955,19,6
926,Quantile normalization,-0.11212864167192936,19,6
926,ComBat-EB,0.5809523809523809,19,6
926,Dawid-Skene EM,0.0,19,6
926,Ensemble,0.01512432210365911,19,6
926,CBC,0.895238095238095,19,6
926,CBC-Weighted,0.895238095238095,19,6
926,Oracle (eval-task beta),0.9999999999999999,19,6
927,Raw (no calibration),0.6857142857142857,21,6
927,Random control,1.1895246692412391e-17,21,6
927,Per-language norm.,0.6857142857142857,21,6
927,Backbone-only norm.,0.2523809523809524,21,6
927,Z-score,0.3095238095238095,21,6
927,Quantile normalization,-0.11698285490319493,21,6
927,ComBat-EB,0.6857142857142857,21,6
927,Dawid-Skene EM,0.2460495892017552,21,6
927,Ensemble,0.13567908875995688,21,6
927,CBC,0.8142857142857142,21,6
927,CBC-Weighted,0.8142857142857142,21,6
927,Oracle (eval-task beta),0.9999999999999999,21,6
928,Raw (no calibration),0.619047619047619,16,6
928,Random control,-0.042857142857142864,16,6
928,Per-language norm.,0.619047619047619,16,6
928,Backbone-only norm.,0.05714285714285713,16,6
928,Z-score,0.44761904761904764,16,6
928,Quantile normalization,-0.10727484272116036,16,6
928,ComBat-EB,0.619047619047619,16,6
928,Dawid-Skene EM,0.9272445692856943,16,6
928,Ensemble,0.04895319412098808,16,6
928,CBC,0.9428571428571428,16,6
928,CBC-Weighted,0.9428571428571428,16,6
928,Oracle (eval-task beta),0.9999999999999999,16,6
929,Raw (no calibration),0.6428571428571429,21,6
929,Random control,-0.02380952380952381,21,6
929,Per-language norm.,0.6428571428571429,21,6
929,Backbone-only norm.,0.04761904761904762,21,6
929,Z-score,0.119047619047619,21,6
929,Quantile normalization,-0.08390123126491977,21,6
929,ComBat-EB,0.6428571428571429,21,6
929,Dawid-Skene EM,0.7590243887083169,21,6
929,Ensemble,-0.02736042082426057,21,6
929,CBC,0.9428571428571428,21,6
929,CBC-Weighted,0.9428571428571428,21,6
929,Oracle (eval-task beta),0.9999999999999999,21,6
930,Raw (no calibration),0.6238095238095239,20,6
930,Random control,0.052380952380952375,20,6
930,Per-language norm.,0.6238095238095239,20,6
930,Backbone-only norm.,0.07142857142857142,20,6
930,Z-score,0.26666666666666666,20,6
930,Quantile normalization,-0.0908971271522541,20,6
930,ComBat-EB,0.6238095238095239,20,6
930,Dawid-Skene EM,1.0,20,6
930,Ensemble,-0.03583168725787729,20,6
930,CBC,0.9428571428571428,20,6
930,CBC-Weighted,0.9428571428571428,20,6
930,Oracle (eval-task beta),0.9999999999999999,20,6
931,Raw (no calibration),0.6428571428571427,18,6
931,Random control,0.14285714285714285,18,6
931,Per-language norm.,0.6428571428571427,18,6
931,Backbone-only norm.,0.023809523809523805,18,6
931,Z-score,0.019047619047619042,18,6
931,Quantile normalization,-0.09241018269176106,18,6
931,ComBat-EB,0.6428571428571427,18,6
931,Dawid-Skene EM,0.4835624527360996,18,6
931,Ensemble,-0.009174874230805553,18,6
931,CBC,0.8714285714285713,18,6
931,CBC-Weighted,0.8714285714285713,18,6
931,Oracle (eval-task beta),0.9999999999999999,18,6
932,Raw (no calibration),0.6285714285714287,20,6
932,Random control,-0.08095238095238096,20,6
932,Per-language norm.,0.6285714285714287,20,6
932,Backbone-only norm.,0.02857142857142858,20,6
932,Z-score,0.21428571428571425,20,6
932,Quantile normalization,-0.0963756854366761,20,6
932,ComBat-EB,0.6142857142857141,20,6
932,Dawid-Skene EM,0.24401506375992313,20,6
932,Ensemble,-0.005184921218346576,20,6
932,CBC,0.8714285714285713,20,6
932,CBC-Weighted,0.8714285714285713,20,6
932,Oracle (eval-task beta),0.9999999999999999,20,6
933,Raw (no calibration),0.619047619047619,16,6
933,Random control,0.014285714285714285,16,6
933,Per-language norm.,0.619047619047619,16,6
933,Backbone-only norm.,0.08095238095238096,16,6
933,Z-score,0.1476190476190476,16,6
933,Quantile normalization,-0.06212567226606854,16,6
933,ComBat-EB,0.619047619047619,16,6
933,Dawid-Skene EM,0.9272445692856943,16,6
933,Ensemble,0.03538001581891875,16,6
933,CBC,0.9095238095238093,16,6
933,CBC-Weighted,0.9095238095238093,16,6
933,Oracle (eval-task beta),0.9999999999999999,16,6
934,Raw (no calibration),0.6666666666666666,16,6
934,Random control,0.014285714285714289,16,6
934,Per-language norm.,0.6666666666666666,16,6
934,Backbone-only norm.,0.02857142857142858,16,6
934,Z-score,0.16190476190476186,16,6
934,Quantile normalization,-0.08533567231610213,16,6
934,ComBat-EB,0.6666666666666666,16,6
934,Dawid-Skene EM,0.23491734855024854,16,6
934,Ensemble,0.00254515424910847,16,6
934,CBC,0.9285714285714285,16,6
934,CBC-Weighted,0.9285714285714285,16,6
934,Oracle (eval-task beta),0.9999999999999999,16,6
935,Raw (no calibration),0.6571428571428571,16,6
935,Random control,-0.05238095238095237,16,6
935,Per-language norm.,0.6571428571428571,16,6
935,Backbone-only norm.,-0.019047619047619053,16,6
935,Z-score,0.10476190476190475,16,6
935,Quantile normalization,-0.09928715825754321,16,6
935,ComBat-EB,0.6571428571428571,16,6
935,Dawid-Skene EM,0.6396724879797583,16,6
935,Ensemble,-0.028210760960314978,16,6
935,CBC,0.9428571428571428,16,6
935,CBC-Weighted,0.9428571428571428,16,6
935,Oracle (eval-task beta),0.9999999999999999,16,6
936,Raw (no calibration),0.6380952380952379,24,6
936,Random control,-0.04285714285714284,24,6
936,Per-language norm.,0.6380952380952379,24,6
936,Backbone-only norm.,0.0857142857142857,24,6
936,Z-score,0.28095238095238095,24,6
936,Quantile normalization,-0.09649795748554503,24,6
936,ComBat-EB,0.6428571428571429,24,6
936,Dawid-Skene EM,0.806845127947537,24,6
936,Ensemble,-0.022630779937157213,24,6
936,CBC,0.9285714285714286,24,6
936,CBC-Weighted,0.9285714285714286,24,6
936,Oracle (eval-task beta),0.9999999999999999,24,6
937,Raw (no calibration),0.6904761904761906,20,6
937,Random control,0.07142857142857142,20,6
937,Per-language norm.,0.6904761904761906,20,6
937,Backbone-only norm.,0.2714285714285714,20,6
937,Z-score,0.6857142857142857,20,6
937,Quantile normalization,-0.0887506230093896,20,6
937,ComBat-EB,0.6904761904761906,20,6
937,Dawid-Skene EM,0.3800678080952247,20,6
937,Ensemble,0.2841375095182422,20,6
937,CBC,0.9666666666666666,20,6
937,CBC-Weighted,0.9666666666666666,20,6
937,Oracle (eval-task beta),0.9999999999999999,20,6
938,Raw (no calibration),0.6666666666666667,17,6
938,Random control,-0.023809523809523805,17,6
938,Per-language norm.,0.6666666666666667,17,6
938,Backbone-only norm.,0.01428571428571428,17,6
938,Z-score,0.1238095238095238,17,6
938,Quantile normalization,-0.10801129179785829,17,6
938,ComBat-EB,0.6666666666666667,17,6
938,Dawid-Skene EM,0.39999999999999997,17,6
938,Ensemble,0.008102559198503428,17,6
938,CBC,0.8333333333333333,17,6
938,CBC-Weighted,0.8333333333333333,17,6
938,Oracle (eval-task beta),0.9999999999999999,17,6
939,Raw (no calibration),0.6142857142857141,21,6
939,Random control,-0.05238095238095237,21,6
939,Per-language norm.,0.6142857142857141,21,6
939,Backbone-only norm.,0.16666666666666666,21,6
939,Z-score,0.24285714285714285,21,6
939,Quantile normalization,-0.09443385976521232,21,6
939,ComBat-EB,0.6142857142857141,21,6
939,Dawid-Skene EM,0.18835650198940193,21,6
939,Ensemble,0.04983286505231652,21,6
939,CBC,0.9095238095238093,21,6
939,CBC-Weighted,0.9095238095238093,21,6
939,Oracle (eval-task beta),0.9999999999999999,21,6
940,Raw (no calibration),0.6428571428571429,21,6
940,Random control,-0.07619047619047621,21,6
940,Per-language norm.,0.6428571428571429,21,6
940,Backbone-only norm.,0.004761904761904761,21,6
940,Z-score,-0.00952380952380952,21,6
940,Quantile normalization,-0.0975168391037613,21,6
940,ComBat-EB,0.6095238095238095,21,6
940,Dawid-Skene EM,0.6150970800281369,21,6
940,Ensemble,-0.06734107261645539,21,6
940,CBC,0.9666666666666666,21,6
940,CBC-Weighted,0.9666666666666666,21,6
940,Oracle (eval-task beta),0.9999999999999999,21,6
941,Raw (no calibration),0.6428571428571429,23,6
941,Random control,-0.08095238095238096,23,6
941,Per-language norm.,0.6428571428571429,23,6
941,Backbone-only norm.,-0.04761904761904762,23,6
941,Z-score,0.17619047619047618,23,6
941,Quantile normalization,-0.09554481570169668,23,6
941,ComBat-EB,0.6428571428571429,23,6
941,Dawid-Skene EM,0.6288435150088423,23,6
941,Ensemble,-0.04216220535066232,23,6
941,CBC,0.8523809523809524,23,6
941,CBC-Weighted,0.8523809523809524,23,6
941,Oracle (eval-task beta),0.9999999999999999,23,6
942,Raw (no calibration),0.680952380952381,22,6
942,Random control,0.04285714285714284,22,6
942,Per-language norm.,0.680952380952381,22,6
942,Backbone-only norm.,0.04761904761904761,22,6
942,Z-score,0.27619047619047615,22,6
942,Quantile normalization,-0.09039189176353689,22,6
942,ComBat-EB,0.680952380952381,22,6
942,Dawid-Skene EM,0.19444197966665464,22,6
942,Ensemble,0.019047619047619056,22,6
942,CBC,0.9285714285714286,22,6
942,CBC-Weighted,0.9285714285714286,22,6
942,Oracle (eval-task beta),0.9999999999999999,22,6
943,Raw (no calibration),0.6571428571428571,22,6
943,Random control,-0.0619047619047619,22,6
943,Per-language norm.,0.6571428571428571,22,6
943,Backbone-only norm.,0.03333333333333333,22,6
943,Z-score,0.36666666666666664,22,6
943,Quantile normalization,-0.09638220837218943,22,6
943,ComBat-EB,0.6571428571428571,22,6
943,Dawid-Skene EM,0.3800678080952247,22,6
943,Ensemble,0.06361717449498035,22,6
943,CBC,0.9333333333333333,22,6
943,CBC-Weighted,0.9333333333333333,22,6
943,Oracle (eval-task beta),0.9999999999999999,22,6
944,Raw (no calibration),0.6285714285714287,25,6
944,Random control,0.1142857142857143,25,6
944,Per-language norm.,0.6285714285714287,25,6
944,Backbone-only norm.,-0.033333333333333326,25,6
944,Z-score,0.014285714285714292,25,6
944,Quantile normalization,-0.09335274221913956,25,6
944,ComBat-EB,0.6523809523809524,25,6
944,Dawid-Skene EM,-0.009848696679552179,25,6
944,Ensemble,-0.040792861894393025,25,6
944,CBC,0.9428571428571428,25,6
944,CBC-Weighted,0.9428571428571428,25,6
944,Oracle (eval-task beta),0.9999999999999999,25,6
945,Raw (no calibration),0.6571428571428571,21,6
945,Random control,-0.04285714285714286,21,6
945,Per-language norm.,0.6571428571428571,21,6
945,Backbone-only norm.,0.04285714285714285,21,6
945,Z-score,0.37619047619047613,21,6
945,Quantile normalization,-0.09532574280365523,21,6
945,ComBat-EB,0.6571428571428571,21,6
945,Dawid-Skene EM,0.7270340699023484,21,6
945,Ensemble,0.0659570637625491,21,6
945,CBC,0.9095238095238093,21,6
945,CBC-Weighted,0.9095238095238093,21,6
945,Oracle (eval-task beta),0.9999999999999999,21,6
946,Raw (no calibration),0.6428571428571429,16,6
946,Random control,0.004761904761904741,16,6
946,Per-language norm.,0.6428571428571429,16,6
946,Backbone-only norm.,0.019047619047619042,16,6
946,Z-score,0.41428571428571426,16,6
946,Quantile normalization,-0.06569388829050495,16,6
946,ComBat-EB,0.6428571428571429,16,6
946,Dawid-Skene EM,0.9272445692856943,16,6
946,Ensemble,0.042877674413834665,16,6
946,CBC,0.8523809523809524,16,6
946,CBC-Weighted,0.8523809523809524,16,6
946,Oracle (eval-task beta),0.9999999999999999,16,6
947,Raw (no calibration),0.6571428571428571,21,6
947,Random control,0.014285714285714289,21,6
947,Per-language norm.,0.6571428571428571,21,6
947,Backbone-only norm.,-0.014285714285714289,21,6
947,Z-score,0.23333333333333334,21,6
947,Quantile normalization,-0.08041531325051894,21,6
947,ComBat-EB,0.6571428571428571,21,6
947,Dawid-Skene EM,0.40417353329564215,21,6
947,Ensemble,-0.053552222570978955,21,6
947,CBC,0.9666666666666666,21,6
947,CBC-Weighted,0.9666666666666666,21,6
947,Oracle (eval-task beta),0.9999999999999999,21,6
948,Raw (no calibration),0.6095238095238094,21,6
948,Random control,0.04761904761904761,21,6
948,Per-language norm.,0.6095238095238094,21,6
948,Backbone-only norm.,0.03809523809523809,21,6
948,Z-score,0.07142857142857142,21,6
948,Quantile normalization,-0.09169352739700629,21,6
948,ComBat-EB,0.6095238095238094,21,6
948,Dawid-Skene EM,0.2420634920634921,21,6
948,Ensemble,-0.05712232558616531,21,6
948,CBC,0.8238095238095238,21,6
948,CBC-Weighted,0.8238095238095238,21,6
948,Oracle (eval-task beta),0.9999999999999999,21,6
949,Raw (no calibration),0.6428571428571429,22,6
949,Random control,-0.05714285714285714,22,6
949,Per-language norm.,0.6428571428571429,22,6
949,Backbone-only norm.,0.014285714285714271,22,6
949,Z-score,0.1380952380952381,22,6
949,Quantile normalization,-0.10774258332427658,22,6
949,ComBat-EB,0.619047619047619,22,6
949,Dawid-Skene EM,0.6022292508680184,22,6
949,Ensemble,-0.03487861097586831,22,6
949,CBC,0.9238095238095239,22,6
949,CBC-Weighted,0.9238095238095239,22,6
949,Oracle (eval-task beta),0.9999999999999999,22,6
950,Raw (no calibration),0.6666666666666667,26,6
950,Random control,0.04761904761904761,26,6
950,Per-language norm.,0.6666666666666667,26,6
950,Backbone-only norm.,-0.05238095238095237,26,6
950,Z-score,-0.009523809523809526,26,6
950,Quantile normalization,-0.10481930430985131,26,6
950,ComBat-EB,0.6666666666666667,26,6
950,Dawid-Skene EM,-0.10472811708531397,26,6
950,Ensemble,-0.047035431015460975,26,6
950,CBC,0.8761904761904761,26,6
950,CBC-Weighted,0.8761904761904761,26,6
950,Oracle (eval-task beta),0.9999999999999999,26,6
951,Raw (no calibration),0.6285714285714284,18,6
951,Random control,-0.02380952380952381,18,6
951,Per-language norm.,0.6285714285714284,18,6
951,Backbone-only norm.,0.05238095238095238,18,6
951,Z-score,0.2619047619047619,18,6
951,Quantile normalization,-0.11649999902976037,18,6
951,ComBat-EB,0.6285714285714284,18,6
951,Dawid-Skene EM,0.6150970800281369,18,6
951,Ensemble,0.005319038115975847,18,6
951,CBC,0.895238095238095,18,6
951,CBC-Weighted,0.895238095238095,18,6
951,Oracle (eval-task beta),0.9999999999999999,18,6
952,Raw (no calibration),0.6666666666666666,19,6
952,Random control,0.009523809523809521,19,6
952,Per-language norm.,0.6666666666666666,19,6
952,Backbone-only norm.,0.042857142857142864,19,6
952,Z-score,0.4523809523809523,19,6
952,Quantile normalization,-0.1195403143122811,19,6
952,ComBat-EB,0.6666666666666666,19,6
952,Dawid-Skene EM,1.0,19,6
952,Ensemble,0.008843537414965994,19,6
952,CBC,0.9428571428571428,19,6
952,CBC-Weighted,0.9428571428571428,19,6
952,Oracle (eval-task beta),0.9999999999999999,19,6
953,Raw (no calibration),0.6619047619047619,20,6
953,Random control,0.028571428571428574,20,6
953,Per-language norm.,0.6619047619047619,20,6
953,Backbone-only norm.,0.15714285714285717,20,6
953,Z-score,0.1285714285714286,20,6
953,Quantile normalization,-0.07793655384399187,20,6
953,ComBat-EB,0.6619047619047619,20,6
953,Dawid-Skene EM,0.33994298198410694,20,6
953,Ensemble,0.022598516062355807,20,6
953,CBC,0.8333333333333334,20,6
953,CBC-Weighted,0.8333333333333334,20,6
953,Oracle (eval-task beta),0.9999999999999999,20,6
954,Raw (no calibration),0.6952380952380952,19,6
954,Random control,-0.07142857142857142,19,6
954,Per-language norm.,0.6952380952380952,19,6
954,Backbone-only norm.,0.08095238095238096,19,6
954,Z-score,0.19047619047619047,19,6
954,Quantile normalization,-0.10161382373922445,19,6
954,ComBat-EB,0.6952380952380952,19,6
954,Dawid-Skene EM,0.6022292508680184,19,6
954,Ensemble,-0.03382593893780157,19,6
954,CBC,0.9428571428571428,19,6
954,CBC-Weighted,0.9428571428571428,19,6
954,Oracle (eval-task beta),0.9999999999999999,19,6
955,Raw (no calibration),0.6428571428571429,23,6
955,Random control,0.014285714285714292,23,6
955,Per-language norm.,0.6428571428571429,23,6
955,Backbone-only norm.,0.0238095238095238,23,6
955,Z-score,0.47142857142857136,23,6
955,Quantile normalization,-0.09176840318426023,23,6
955,ComBat-EB,0.6428571428571429,23,6
955,Dawid-Skene EM,0.7590243887083169,23,6
955,Ensemble,0.0443789558634586,23,6
955,CBC,0.9666666666666666,23,6
955,CBC-Weighted,0.9666666666666666,23,6
955,Oracle (eval-task beta),0.9999999999999999,23,6
956,Raw (no calibration),0.6523809523809522,20,6
956,Random control,0.04761904761904762,20,6
956,Per-language norm.,0.6523809523809522,20,6
956,Backbone-only norm.,0.19047619047619047,20,6
956,Z-score,0.22380952380952385,20,6
956,Quantile normalization,-0.09717377306422513,20,6
956,ComBat-EB,0.6523809523809522,20,6
956,Dawid-Skene EM,-0.19999999999999998,20,6
956,Ensemble,0.09716736483455064,20,6
956,CBC,0.9999999999999999,20,6
956,CBC-Weighted,0.9999999999999999,20,6
956,Oracle (eval-task beta),0.9999999999999999,20,6
957,Raw (no calibration),0.6142857142857141,16,6
957,Random control,-0.004761904761904767,16,6
957,Per-language norm.,0.6142857142857141,16,6
957,Backbone-only norm.,-0.019047619047619046,16,6
957,Z-score,0.061904761904761914,16,6
957,Quantile normalization,-0.08928571428571429,16,6
957,ComBat-EB,0.6095238095238094,16,6
957,Dawid-Skene EM,0.716630414212286,16,6
957,Ensemble,-0.02380952380952381,16,6
957,CBC,0.780952380952381,16,6
957,CBC-Weighted,0.780952380952381,16,6
957,Oracle (eval-task beta),0.9999999999999999,16,6
958,Raw (no calibration),0.6142857142857144,21,6
958,Random control,0.09523809523809522,21,6
958,Per-language norm.,0.6142857142857144,21,6
958,Backbone-only norm.,0.009523809523809526,21,6
958,Z-score,0.04761904761904762,21,6
958,Quantile normalization,-0.09695506136499588,21,6
958,ComBat-EB,0.6142857142857144,21,6
958,Dawid-Skene EM,0.4835624527360996,21,6
958,Ensemble,-0.054753105523322555,21,6
958,CBC,0.7761904761904762,21,6
958,CBC-Weighted,0.7761904761904762,21,6
958,Oracle (eval-task beta),0.9999999999999999,21,6
959,Raw (no calibration),0.6523809523809524,21,6
959,Random control,-0.05238095238095237,21,6
959,Per-language norm.,0.6523809523809524,21,6
959,Backbone-only norm.,0.18095238095238092,21,6
959,Z-score,0.16666666666666666,21,6
959,Quantile normalization,-0.1098244306987963,21,6
959,ComBat-EB,0.6523809523809524,21,6
959,Dawid-Skene EM,0.5161950729431962,21,6
959,Ensemble,0.10234868850615096,21,6
959,CBC,0.7857142857142857,21,6
959,CBC-Weighted,0.7857142857142857,21,6
959,Oracle (eval-task beta),0.9999999999999999,21,6
960,Raw (no calibration),0.6428571428571429,23,6
960,Random control,-0.04761904761904762,23,6
960,Per-language norm.,0.6428571428571429,23,6
960,Backbone-only norm.,0.08571428571428572,23,6
960,Z-score,0.10476190476190475,23,6
960,Quantile normalization,-0.11261385714076858,23,6
960,ComBat-EB,0.6428571428571429,23,6
960,Dawid-Skene EM,0.6144229808968761,23,6
960,Ensemble,0.011737626957078426,23,6
960,CBC,0.8904761904761903,23,6
960,CBC-Weighted,0.8904761904761903,23,6
960,Oracle (eval-task beta),0.9999999999999999,23,6
961,Raw (no calibration),0.6571428571428571,19,6
961,Random control,0.02857142857142858,19,6
961,Per-language norm.,0.6571428571428571,19,6
961,Backbone-only norm.,0.14285714285714285,19,6
961,Z-score,0.41428571428571426,19,6
961,Quantile normalization,-0.07780519073420107,19,6
961,ComBat-EB,0.6904761904761906,19,6
961,Dawid-Skene EM,0.40417353329564215,19,6
961,Ensemble,-0.03420127194655218,19,6
961,CBC,0.9666666666666666,19,6
961,CBC-Weighted,0.9666666666666666,19,6
961,Oracle (eval-task beta),0.9999999999999999,19,6
962,Raw (no calibration),0.6571428571428571,21,6
962,Random control,-0.05714285714285714,21,6
962,Per-language norm.,0.6571428571428571,21,6
962,Backbone-only norm.,0.05238095238095237,21,6
962,Z-score,0.0619047619047619,21,6
962,Quantile normalization,-0.07710175773406272,21,6
962,ComBat-EB,0.6571428571428571,21,6
962,Dawid-Skene EM,0.3370548498948767,21,6
962,Ensemble,-0.006641452299806699,21,6
962,CBC,0.9095238095238093,21,6
962,CBC-Weighted,0.9095238095238093,21,6
962,Oracle (eval-task beta),0.9999999999999999,21,6
963,Raw (no calibration),0.6428571428571429,21,6
963,Random control,0.019047619047619053,21,6
963,Per-language norm.,0.6428571428571429,21,6
963,Backbone-only norm.,-0.004761904761904773,21,6
963,Z-score,0.28095238095238095,21,6
963,Quantile normalization,-0.09720028155424146,21,6
963,ComBat-EB,0.6428571428571429,21,6
963,Dawid-Skene EM,0.48501953317261753,21,6
963,Ensemble,-0.013990642757916649,21,6
963,CBC,0.9285714285714286,21,6
963,CBC-Weighted,0.9285714285714286,21,6
963,Oracle (eval-task beta),0.9999999999999999,21,6
964,Raw (no calibration),0.6952380952380952,18,6
964,Random control,0.019047619047619042,18,6
964,Per-language norm.,0.6952380952380952,18,6
964,Backbone-only norm.,-0.061904761904761914,18,6
964,Z-score,-0.004761904761904761,18,6
964,Quantile normalization,-0.11535691784181977,18,6
964,ComBat-EB,0.7285714285714285,18,6
964,Dawid-Skene EM,0.2733109693295016,18,6
964,Ensemble,-0.08842950799060505,18,6
964,CBC,0.9666666666666666,18,6
964,CBC-Weighted,0.9666666666666666,18,6
964,Oracle (eval-task beta),0.9999999999999999,18,6
965,Raw (no calibration),0.6142857142857141,19,6
965,Random control,-0.0619047619047619,19,6
965,Per-language norm.,0.6142857142857141,19,6
965,Backbone-only norm.,-0.028571428571428574,19,6
965,Z-score,-0.03333333333333332,19,6
965,Quantile normalization,-0.10085463139752286,19,6
965,ComBat-EB,0.6142857142857141,19,6
965,Dawid-Skene EM,0.21086113025183686,19,6
965,Ensemble,-0.044053485206673855,19,6
965,CBC,0.8190476190476191,19,6
965,CBC-Weighted,0.8190476190476191,19,6
965,Oracle (eval-task beta),0.9999999999999999,19,6
966,Raw (no calibration),0.7238095238095238,18,6
966,Random control,-0.057142857142857155,18,6
966,Per-language norm.,0.7238095238095238,18,6
966,Backbone-only norm.,0.09047619047619047,18,6
966,Z-score,0.1619047619047619,18,6
966,Quantile normalization,-0.09396361420872426,18,6
966,ComBat-EB,0.7238095238095238,18,6
966,Dawid-Skene EM,0.0,18,6
966,Ensemble,0.02650128144962394,18,6
966,CBC,0.9095238095238093,18,6
966,CBC-Weighted,0.9095238095238093,18,6
966,Oracle (eval-task beta),0.9999999999999999,18,6
967,Raw (no calibration),0.680952380952381,20,6
967,Random control,-0.057142857142857155,20,6
967,Per-language norm.,0.680952380952381,20,6
967,Backbone-only norm.,0.16190476190476194,20,6
967,Z-score,0.18095238095238095,20,6
967,Quantile normalization,-0.11581696324452972,20,6
967,ComBat-EB,0.680952380952381,20,6
967,Dawid-Skene EM,0.4835624527360996,20,6
967,Ensemble,0.05692585984320784,20,6
967,CBC,0.895238095238095,20,6
967,CBC-Weighted,0.895238095238095,20,6
967,Oracle (eval-task beta),0.9999999999999999,20,6
968,Raw (no calibration),0.7047619047619047,18,6
968,Random control,-0.06666666666666665,18,6
968,Per-language norm.,0.7047619047619047,18,6
968,Backbone-only norm.,0.028571428571428564,18,6
968,Z-score,0.37142857142857144,18,6
968,Quantile normalization,-0.09323774226420752,18,6
968,ComBat-EB,0.7047619047619047,18,6
968,Dawid-Skene EM,-0.036793960073976784,18,6
968,Ensemble,-0.0051255054525457516,18,6
968,CBC,0.9428571428571428,18,6
968,CBC-Weighted,0.9428571428571428,18,6
968,Oracle (eval-task beta),0.9999999999999999,18,6
969,Raw (no calibration),0.680952380952381,22,6
969,Random control,0.1238095238095238,22,6
969,Per-language norm.,0.680952380952381,22,6
969,Backbone-only norm.,-0.004761904761904773,22,6
969,Z-score,0.2285714285714285,22,6
969,Quantile normalization,-0.10181496368980351,22,6
969,ComBat-EB,0.680952380952381,22,6
969,Dawid-Skene EM,1.0,22,6
969,Ensemble,-0.05015246955004647,22,6
969,CBC,0.9285714285714286,22,6
969,CBC-Weighted,0.9285714285714286,22,6
969,Oracle (eval-task beta),0.9999999999999999,22,6
970,Raw (no calibration),0.6666666666666667,22,6
970,Random control,0.07142857142857142,22,6
970,Per-language norm.,0.6666666666666667,22,6
970,Backbone-only norm.,-0.004761904761904757,22,6
970,Z-score,-5.9476233462061954e-18,22,6
970,Quantile normalization,-0.1143378815773506,22,6
970,ComBat-EB,0.6666666666666667,22,6
970,Dawid-Skene EM,0.2733109693295016,22,6
970,Ensemble,-0.07074536624020049,22,6
970,CBC,0.9333333333333333,22,6
970,CBC-Weighted,0.9333333333333333,22,6
970,Oracle (eval-task beta),0.9999999999999999,22,6
971,Raw (no calibration),0.619047619047619,14,6
971,Random control,-0.04285714285714285,14,6
971,Per-language norm.,0.619047619047619,14,6
971,Backbone-only norm.,-0.06666666666666668,14,6
971,Z-score,-0.038095238095238106,14,6
971,Quantile normalization,-0.10626305504372267,14,6
971,ComBat-EB,0.619047619047619,14,6
971,Dawid-Skene EM,0.33994298198410694,14,6
971,Ensemble,-0.08517475083737903,14,6
971,CBC,0.9666666666666666,14,6
971,CBC-Weighted,0.9666666666666666,14,6
971,Oracle (eval-task beta),0.9999999999999999,14,6
972,Raw (no calibration),0.6666666666666666,18,6
972,Random control,-0.009523809523809518,18,6
972,Per-language norm.,0.6666666666666666,18,6
972,Backbone-only norm.,0.07619047619047617,18,6
972,Z-score,0.43809523809523804,18,6
972,Quantile normalization,-0.10135272353407591,18,6
972,ComBat-EB,0.6666666666666666,18,6
972,Dawid-Skene EM,0.23491734855024854,18,6
972,Ensemble,0.02686781521979233,18,6
972,CBC,0.895238095238095,18,6
972,CBC-Weighted,0.895238095238095,18,6
972,Oracle (eval-task beta),0.9999999999999999,18,6
973,Raw (no calibration),0.6285714285714284,21,6
973,Random control,-0.0619047619047619,21,6
973,Per-language norm.,0.6285714285714284,21,6
973,Backbone-only norm.,0.16190476190476186,21,6
973,Z-score,0.35238095238095235,21,6
973,Quantile normalization,-0.10453564012385506,21,6
973,ComBat-EB,0.6285714285714284,21,6
973,Dawid-Skene EM,0.7182539682539684,21,6
973,Ensemble,0.1217628413239384,21,6
973,CBC,0.9095238095238095,21,6
973,CBC-Weighted,0.9095238095238095,21,6
973,Oracle (eval-task beta),0.9999999999999999,21,6
974,Raw (no calibration),0.6666666666666667,20,6
974,Random control,-0.02380952380952382,20,6
974,Per-language norm.,0.6666666666666667,20,6
974,Backbone-only norm.,0.019047619047619053,20,6
974,Z-score,0.5904761904761904,20,6
974,Quantile normalization,-0.10132310411596247,20,6
974,ComBat-EB,0.6666666666666667,20,6
974,Dawid-Skene EM,0.6288435150088423,20,6
974,Ensemble,-0.05015246955004645,20,6
974,CBC,0.9285714285714286,20,6
974,CBC-Weighted,0.9285714285714286,20,6
974,Oracle (eval-task beta),0.9999999999999999,20,6
975,Raw (no calibration),0.6666666666666666,18,6
975,Random control,0.15238095238095237,18,6
975,Per-language norm.,0.6666666666666666,18,6
975,Backbone-only norm.,0.11428571428571428,18,6
975,Z-score,0.18571428571428572,18,6
975,Quantile normalization,-0.10855455165212659,18,6
975,ComBat-EB,0.6666666666666666,18,6
975,Dawid-Skene EM,0.21302258260369342,18,6
975,Ensemble,0.001568206467377544,18,6
975,CBC,0.8857142857142856,18,6
975,CBC-Weighted,0.8857142857142856,18,6
975,Oracle (eval-task beta),0.9999999999999999,18,6
976,Raw (no calibration),0.6523809523809524,20,6
976,Random control,-0.009523809523809528,20,6
976,Per-language norm.,0.6523809523809524,20,6
976,Backbone-only norm.,0.05238095238095238,20,6
976,Z-score,0.0619047619047619,20,6
976,Quantile normalization,-0.09948772204182399,20,6
976,ComBat-EB,0.6523809523809524,20,6
976,Dawid-Skene EM,0.23491734855024854,20,6
976,Ensemble,-0.03721850024343705,20,6
976,CBC,0.9285714285714286,20,6
976,CBC-Weighted,0.9285714285714286,20,6
976,Oracle (eval-task beta),0.9999999999999999,20,6
977,Raw (no calibration),0.6571428571428571,22,6
977,Random control,-9.912705577010326e-18,22,6
977,Per-language norm.,0.6571428571428571,22,6
977,Backbone-only norm.,-0.04285714285714283,22,6
977,Z-score,0.3904761904761904,22,6
977,Quantile normalization,-0.0927131614104827,22,6
977,ComBat-EB,0.6571428571428571,22,6
977,Dawid-Skene EM,0.2375966836152159,22,6
977,Ensemble,-0.06528559089228779,22,6
977,CBC,0.9666666666666666,22,6
977,CBC-Weighted,0.9666666666666666,22,6
977,Oracle (eval-task beta),0.9999999999999999,22,6
978,Raw (no calibration),0.6428571428571429,21,6
978,Random control,-0.03333333333333334,21,6
978,Per-language norm.,0.6428571428571429,21,6
978,Backbone-only norm.,-0.03333333333333335,21,6
978,Z-score,-0.004761904761904751,21,6
978,Quantile normalization,-0.09979390247416087,21,6
978,ComBat-EB,0.6428571428571429,21,6
978,Dawid-Skene EM,0.2733109693295016,21,6
978,Ensemble,-0.03948123617653586,21,6
978,CBC,0.9238095238095239,21,6
978,CBC-Weighted,0.9238095238095239,21,6
978,Oracle (eval-task beta),0.9999999999999999,21,6
979,Raw (no calibration),0.6238095238095237,18,6
979,Random control,0.10476190476190475,18,6
979,Per-language norm.,0.6238095238095237,18,6
979,Backbone-only norm.,0.1238095238095238,18,6
979,Z-score,0.14285714285714282,18,6
979,Quantile normalization,-0.1288127708356846,18,6
979,ComBat-EB,0.6238095238095237,18,6
979,Dawid-Skene EM,0.7182539682539684,18,6
979,Ensemble,0.04300374624813452,18,6
979,CBC,0.8571428571428571,18,6
979,CBC-Weighted,0.8571428571428571,18,6
979,Oracle (eval-task beta),0.9999999999999999,18,6
980,Raw (no calibration),0.6285714285714287,19,6
980,Random control,-0.04761904761904761,19,6
980,Per-language norm.,0.6285714285714287,19,6
980,Backbone-only norm.,0.1714285714285714,19,6
980,Z-score,0.33809523809523806,19,6
980,Quantile normalization,-0.11540235523435137,19,6
980,ComBat-EB,0.6285714285714287,19,6
980,Dawid-Skene EM,1.0,19,6
980,Ensemble,0.03635642778927304,19,6
980,CBC,0.8238095238095238,19,6
980,CBC-Weighted,0.8238095238095238,19,6
980,Oracle (eval-task beta),0.9999999999999999,19,6
981,Raw (no calibration),0.6285714285714287,21,6
981,Random control,-0.02857142857142858,21,6
981,Per-language norm.,0.6285714285714287,21,6
981,Backbone-only norm.,0.014285714285714289,21,6
981,Z-score,0.4761904761904762,21,6
981,Quantile normalization,-0.0872964836148851,21,6
981,ComBat-EB,0.6285714285714287,21,6
981,Dawid-Skene EM,0.40417353329564215,21,6
981,Ensemble,-0.03907751622464718,21,6
981,CBC,0.895238095238095,21,6
981,CBC-Weighted,0.895238095238095,21,6
981,Oracle (eval-task beta),0.9999999999999999,21,6
982,Raw (no calibration),0.6285714285714284,23,6
982,Random control,0.07619047619047617,23,6
982,Per-language norm.,0.6285714285714284,23,6
982,Backbone-only norm.,-0.06666666666666667,23,6
982,Z-score,-0.057142857142857155,23,6
982,Quantile normalization,-0.10398407070838704,23,6
982,ComBat-EB,0.6285714285714284,23,6
982,Dawid-Skene EM,0.4835624527360996,23,6
982,Ensemble,-0.09523809523809522,23,6
982,CBC,0.8285714285714286,23,6
982,CBC-Weighted,0.8285714285714286,23,6
982,Oracle (eval-task beta),0.9999999999999999,23,6
983,Raw (no calibration),0.6666666666666666,22,6
983,Random control,-0.06190476190476189,22,6
983,Per-language norm.,0.6666666666666666,22,6
983,Backbone-only norm.,-0.038095238095238106,22,6
983,Z-score,0.014285714285714303,22,6
983,Quantile normalization,-0.10382213345719203,22,6
983,ComBat-EB,0.6571428571428571,22,6
983,Dawid-Skene EM,0.08191865017382637,22,6
983,Ensemble,-0.08973139061774409,22,6
983,CBC,0.9666666666666666,22,6
983,CBC-Weighted,0.9666666666666666,22,6
983,Oracle (eval-task beta),0.9999999999999999,22,6
984,Raw (no calibration),0.6619047619047619,21,6
984,Random control,-0.004761904761904767,21,6
984,Per-language norm.,0.6619047619047619,21,6
984,Backbone-only norm.,0.16190476190476194,21,6
984,Z-score,0.3095238095238095,21,6
984,Quantile normalization,-0.09913672269456843,21,6
984,ComBat-EB,0.6619047619047619,21,6
984,Dawid-Skene EM,0.665867828575994,21,6
984,Ensemble,0.04402375263203804,21,6
984,CBC,0.9095238095238095,21,6
984,CBC-Weighted,0.9095238095238095,21,6
984,Oracle (eval-task beta),0.9999999999999999,21,6
985,Raw (no calibration),0.7047619047619047,20,6
985,Random control,-0.04761904761904761,20,6
985,Per-language norm.,0.7047619047619047,20,6
985,Backbone-only norm.,0.02857142857142858,20,6
985,Z-score,-0.004761904761904759,20,6
985,Quantile normalization,-0.0711886528450375,20,6
985,ComBat-EB,0.7047619047619047,20,6
985,Dawid-Skene EM,0.017044986823076827,20,6
985,Ensemble,-0.05049847176352303,20,6
985,CBC,0.9428571428571428,20,6
985,CBC-Weighted,0.9428571428571428,20,6
985,Oracle (eval-task beta),0.9999999999999999,20,6
986,Raw (no calibration),0.6285714285714287,19,6
986,Random control,0.07619047619047617,19,6
986,Per-language norm.,0.6285714285714287,19,6
986,Backbone-only norm.,0.023809523809523805,19,6
986,Z-score,0.10476190476190474,19,6
986,Quantile normalization,-0.08644895613961419,19,6
986,ComBat-EB,0.6285714285714287,19,6
986,Dawid-Skene EM,0.4370395817310141,19,6
986,Ensemble,-0.009699743710075216,19,6
986,CBC,0.8952380952380953,19,6
986,CBC-Weighted,0.8952380952380953,19,6
986,Oracle (eval-task beta),0.9999999999999999,19,6
987,Raw (no calibration),0.680952380952381,20,6
987,Random control,-0.07619047619047618,20,6
987,Per-language norm.,0.680952380952381,20,6
987,Backbone-only norm.,0.08095238095238096,20,6
987,Z-score,0.2571428571428572,20,6
987,Quantile normalization,-0.11218609201555138,20,6
987,ComBat-EB,0.680952380952381,20,6
987,Dawid-Skene EM,0.3800678080952247,20,6
987,Ensemble,0.039135160077956775,20,6
987,CBC,0.9999999999999999,20,6
987,CBC-Weighted,0.9999999999999999,20,6
987,Oracle (eval-task beta),0.9999999999999999,20,6
988,Raw (no calibration),0.6285714285714284,19,6
988,Random control,-0.06190476190476191,19,6
988,Per-language norm.,0.6285714285714284,19,6
988,Backbone-only norm.,0.1857142857142857,19,6
988,Z-score,0.3619047619047619,19,6
988,Quantile normalization,-0.0731058879723769,19,6
988,ComBat-EB,0.6619047619047619,19,6
988,Dawid-Skene EM,0.4026734942792506,19,6
988,Ensemble,0.01001015553839121,19,6
988,CBC,0.8428571428571429,19,6
988,CBC-Weighted,0.8428571428571429,19,6
988,Oracle (eval-task beta),0.9999999999999999,19,6
989,Raw (no calibration),0.6142857142857144,17,6
989,Random control,0.009523809523809526,17,6
989,Per-language norm.,0.6142857142857144,17,6
989,Backbone-only norm.,-0.09047619047619045,17,6
989,Z-score,0.14285714285714282,17,6
989,Quantile normalization,-0.10079567730212033,17,6
989,ComBat-EB,0.6142857142857144,17,6
989,Dawid-Skene EM,0.15846055842145712,17,6
989,Ensemble,-0.09656637558098091,17,6
989,CBC,0.8904761904761903,17,6
989,CBC-Weighted,0.8904761904761903,17,6
989,Oracle (eval-task beta),0.9999999999999999,17,6
990,Raw (no calibration),0.6761904761904762,18,6
990,Random control,-0.07142857142857142,18,6
990,Per-language norm.,0.6761904761904762,18,6
990,Backbone-only norm.,0.05238095238095238,18,6
990,Z-score,-0.004761904761904749,18,6
990,Quantile normalization,-0.0868853700621532,18,6
990,ComBat-EB,0.680952380952381,18,6
990,Dawid-Skene EM,0.23491734855024848,18,6
990,Ensemble,-0.031638519220279306,18,6
990,CBC,0.9285714285714286,18,6
990,CBC-Weighted,0.9285714285714286,18,6
990,Oracle (eval-task beta),0.9999999999999999,18,6
991,Raw (no calibration),0.6285714285714287,21,6
991,Random control,0.12380952380952381,21,6
991,Per-language norm.,0.6285714285714287,21,6
991,Backbone-only norm.,0.01904761904761903,21,6
991,Z-score,0.1619047619047619,21,6
991,Quantile normalization,-0.10893844784764059,21,6
991,ComBat-EB,0.6285714285714287,21,6
991,Dawid-Skene EM,0.0,21,6
991,Ensemble,-0.036759216411820804,21,6
991,CBC,0.9095238095238096,21,6
991,CBC-Weighted,0.9095238095238096,21,6
991,Oracle (eval-task beta),0.9999999999999999,21,6
992,Raw (no calibration),0.6571428571428571,23,6
992,Random control,0.023809523809523798,23,6
992,Per-language norm.,0.6571428571428571,23,6
992,Backbone-only norm.,-0.019047619047619046,23,6
992,Z-score,0.1619047619047619,23,6
992,Quantile normalization,-0.07507446570099863,23,6
992,ComBat-EB,0.6571428571428571,23,6
992,Dawid-Skene EM,0.8628679329364746,23,6
992,Ensemble,0.04334974846161111,23,6
992,CBC,0.9238095238095237,23,6
992,CBC-Weighted,0.9238095238095237,23,6
992,Oracle (eval-task beta),0.9999999999999999,23,6
993,Raw (no calibration),0.6619047619047619,17,6
993,Random control,-0.1,17,6
993,Per-language norm.,0.6619047619047619,17,6
993,Backbone-only norm.,0.18571428571428572,17,6
993,Z-score,0.3857142857142857,17,6
993,Quantile normalization,-0.10229642230305144,17,6
993,ComBat-EB,0.6619047619047619,17,6
993,Dawid-Skene EM,0.19444197966665464,17,6
993,Ensemble,0.1312426546548369,17,6
993,CBC,0.819047619047619,17,6
993,CBC-Weighted,0.819047619047619,17,6
993,Oracle (eval-task beta),0.9999999999999999,17,6
994,Raw (no calibration),0.6142857142857144,20,6
994,Random control,-0.042857142857142864,20,6
994,Per-language norm.,0.6142857142857144,20,6
994,Backbone-only norm.,0.05238095238095236,20,6
994,Z-score,0.10476190476190476,20,6
994,Quantile normalization,-0.10566426886116746,20,6
994,ComBat-EB,0.6142857142857144,20,6
994,Dawid-Skene EM,0.28369760344246286,20,6
994,Ensemble,0.005591713341267374,20,6
994,CBC,0.8285714285714286,20,6
994,CBC-Weighted,0.8285714285714286,20,6
994,Oracle (eval-task beta),0.9999999999999999,20,6
995,Raw (no calibration),0.6666666666666666,19,6
995,Random control,0.07619047619047617,19,6
995,Per-language norm.,0.6666666666666666,19,6
995,Backbone-only norm.,-0.04761904761904762,19,6
995,Z-score,-0.004761904761904767,19,6
995,Quantile normalization,-0.10047160452500088,19,6
995,ComBat-EB,0.6666666666666666,19,6
995,Dawid-Skene EM,0.471191601082491,19,6
995,Ensemble,-0.017195023738871607,19,6
995,CBC,0.9285714285714286,19,6
995,CBC-Weighted,0.9285714285714286,19,6
995,Oracle (eval-task beta),0.9999999999999999,19,6
996,Raw (no calibration),0.6142857142857144,17,6
996,Random control,0.04285714285714286,17,6
996,Per-language norm.,0.6142857142857144,17,6
996,Backbone-only norm.,0.07142857142857144,17,6
996,Z-score,0.18095238095238095,17,6
996,Quantile normalization,-0.07977195762906894,17,6
996,ComBat-EB,0.6095238095238094,17,6
996,Dawid-Skene EM,0.24401506375992313,17,6
996,Ensemble,0.0455306785878005,17,6
996,CBC,0.8285714285714286,17,6
996,CBC-Weighted,0.8285714285714286,17,6
996,Oracle (eval-task beta),0.9999999999999999,17,6
997,Raw (no calibration),0.6428571428571429,21,6
997,Random control,-0.02380952380952381,21,6
997,Per-language norm.,0.6428571428571429,21,6
997,Backbone-only norm.,1.1895246692412391e-17,21,6
997,Z-score,0.06666666666666664,21,6
997,Quantile normalization,-0.09812394989082007,21,6
997,ComBat-EB,0.6428571428571429,21,6
997,Dawid-Skene EM,0.48501953317261753,21,6
997,Ensemble,-0.016332396771299693,21,6
997,CBC,0.9333333333333333,21,6
997,CBC-Weighted,0.9333333333333333,21,6
997,Oracle (eval-task beta),0.9999999999999999,21,6
998,Raw (no calibration),0.6952380952380952,17,6
998,Random control,0.06666666666666667,17,6
998,Per-language norm.,0.6952380952380952,17,6
998,Backbone-only norm.,0.3238095238095237,17,6
998,Z-score,0.519047619047619,17,6
998,Quantile normalization,-0.1166993171776589,17,6
998,ComBat-EB,0.6952380952380952,17,6
998,Dawid-Skene EM,0.19444197966665464,17,6
998,Ensemble,0.25215222276319343,17,6
998,CBC,0.9095238095238095,17,6
998,CBC-Weighted,0.9095238095238095,17,6
998,Oracle (eval-task beta),0.9999999999999999,17,6
999,Raw (no calibration),0.6285714285714284,18,6
999,Random control,-0.023809523809523808,18,6
999,Per-language norm.,0.6285714285714284,18,6
999,Backbone-only norm.,0.019047619047619042,18,6
999,Z-score,0.2619047619047619,18,6
999,Quantile normalization,-0.10854945114211913,18,6
999,ComBat-EB,0.6285714285714284,18,6
999,Dawid-Skene EM,0.20000000000000004,18,6
999,Ensemble,0.033688134785392114,18,6
999,CBC,0.8333333333333334,18,6
999,CBC-Weighted,0.8333333333333334,18,6
999,Oracle (eval-task beta),0.9999999999999999,18,6
